# Blender 5.2.1 LTS
# www.blender.org
mtllib money_city.mtl
o BasePedestal
v -5.600000 -1.200000 5.600000
v -5.600000 -0.800000 6.000000
v -6.000000 -0.800000 5.600000
v -5.600000 -1.146562 5.799738
v -5.799738 -1.146562 5.600000
v -5.791285 -1.094653 5.791285
v -5.799738 -0.800000 5.946562
v -5.600000 -0.999738 5.946562
v -5.791285 -0.991285 5.894653
v -5.946562 -0.999738 5.600000
v -5.946562 -0.800000 5.799738
v -5.894653 -0.991285 5.791285
v -5.600000 -0.400000 6.000000
v -5.600000 0.000000 5.600000
v -6.000000 -0.400000 5.600000
v -5.600000 -0.200262 5.946562
v -5.799738 -0.400000 5.946562
v -5.791285 -0.208715 5.894653
v -5.799738 -0.053438 5.600000
v -5.600000 -0.053438 5.799738
v -5.791285 -0.105347 5.791285
v -5.946562 -0.400000 5.799738
v -5.946562 -0.200262 5.600000
v -5.894653 -0.208715 5.791285
v -5.600000 -1.200000 -5.600000
v -6.000000 -0.800000 -5.600000
v -5.600000 -0.800000 -6.000000
v -5.799738 -1.146562 -5.600000
v -5.600000 -1.146562 -5.799738
v -5.791285 -1.094653 -5.791285
v -5.946562 -0.800000 -5.799738
v -5.946562 -0.999738 -5.600000
v -5.894653 -0.991285 -5.791285
v -5.600000 -0.999738 -5.946562
v -5.799738 -0.800000 -5.946562
v -5.791285 -0.991285 -5.894653
v -5.600000 0.000000 -5.600000
v -5.600000 -0.400000 -6.000000
v -6.000000 -0.400000 -5.600000
v -5.600000 -0.053438 -5.799738
v -5.799738 -0.053438 -5.600000
v -5.791285 -0.105347 -5.791285
v -5.799738 -0.400000 -5.946562
v -5.600000 -0.200262 -5.946562
v -5.791285 -0.208715 -5.894653
v -5.946562 -0.200262 -5.600000
v -5.946562 -0.400000 -5.799738
v -5.894653 -0.208715 -5.791285
v 5.600000 -1.200000 5.600000
v 6.000000 -0.800000 5.600000
v 5.600000 -0.800000 6.000000
v 5.799738 -1.146562 5.600000
v 5.600000 -1.146562 5.799738
v 5.791285 -1.094653 5.791285
v 5.946562 -0.800000 5.799738
v 5.946562 -0.999738 5.600000
v 5.894653 -0.991285 5.791285
v 5.600000 -0.999738 5.946562
v 5.799738 -0.800000 5.946562
v 5.791285 -0.991285 5.894653
v 5.600000 0.000000 5.600000
v 5.600000 -0.400000 6.000000
v 6.000000 -0.400000 5.600000
v 5.600000 -0.053438 5.799738
v 5.799738 -0.053438 5.600000
v 5.791285 -0.105347 5.791285
v 5.799738 -0.400000 5.946562
v 5.600000 -0.200262 5.946562
v 5.791285 -0.208715 5.894653
v 5.946562 -0.200262 5.600000
v 5.946562 -0.400000 5.799738
v 5.894653 -0.208715 5.791285
v 5.600000 -1.200000 -5.600000
v 5.600000 -0.800000 -6.000000
v 6.000000 -0.800000 -5.600000
v 5.600000 -1.146562 -5.799738
v 5.799738 -1.146562 -5.600000
v 5.791285 -1.094653 -5.791285
v 5.799738 -0.800000 -5.946562
v 5.600000 -0.999738 -5.946562
v 5.791285 -0.991285 -5.894653
v 5.946562 -0.999738 -5.600000
v 5.946562 -0.800000 -5.799738
v 5.894653 -0.991285 -5.791285
v 5.600000 0.000000 -5.600000
v 6.000000 -0.400000 -5.600000
v 5.600000 -0.400000 -6.000000
v 5.799738 -0.053438 -5.600000
v 5.600000 -0.053438 -5.799738
v 5.791285 -0.105347 -5.791285
v 5.946562 -0.400000 -5.799738
v 5.946562 -0.200262 -5.600000
v 5.894653 -0.208715 -5.791285
v 5.600000 -0.200262 -5.946562
v 5.799738 -0.400000 -5.946562
v 5.791285 -0.208715 -5.894653
vn -0.2566 -0.9318 0.2566
vn -0.2178 -0.6901 0.6901
vn -0.2566 -0.2566 0.9318
vn -0.6901 -0.2178 0.6901
vn -0.9318 -0.2566 0.2566
vn -0.6901 -0.6901 0.2178
vn -0.5774 -0.5773 0.5773
vn -0.2566 0.2566 0.9318
vn -0.2178 0.6901 0.6901
vn -0.2566 0.9318 0.2566
vn -0.6901 0.6901 0.2178
vn -0.9318 0.2566 0.2566
vn -0.6901 0.2178 0.6901
vn -0.5774 0.5773 0.5773
vn -0.2566 -0.9318 -0.2566
vn -0.6901 -0.6901 -0.2178
vn -0.9318 -0.2566 -0.2566
vn -0.6901 -0.2178 -0.6901
vn -0.2566 -0.2566 -0.9318
vn -0.2178 -0.6901 -0.6901
vn -0.5774 -0.5773 -0.5773
vn -0.2566 0.9318 -0.2566
vn -0.2178 0.6901 -0.6901
vn -0.2566 0.2566 -0.9318
vn -0.6901 0.2178 -0.6901
vn -0.9318 0.2566 -0.2566
vn -0.6901 0.6901 -0.2178
vn -0.5774 0.5773 -0.5773
vn 0.2566 -0.9318 0.2566
vn 0.6901 -0.6901 0.2178
vn 0.9318 -0.2566 0.2566
vn 0.6901 -0.2178 0.6901
vn 0.2566 -0.2566 0.9318
vn 0.2178 -0.6901 0.6901
vn 0.5774 -0.5773 0.5773
vn 0.2566 0.9318 0.2566
vn 0.2178 0.6901 0.6901
vn 0.2566 0.2566 0.9318
vn 0.6901 0.2178 0.6901
vn 0.9318 0.2566 0.2566
vn 0.6901 0.6901 0.2178
vn 0.5774 0.5773 0.5773
vn 0.2566 -0.9318 -0.2566
vn 0.2178 -0.6901 -0.6901
vn 0.2566 -0.2566 -0.9318
vn 0.6901 -0.2178 -0.6901
vn 0.9318 -0.2566 -0.2566
vn 0.6901 -0.6901 -0.2178
vn 0.5774 -0.5773 -0.5773
vn 0.2566 0.9318 -0.2566
vn 0.6901 0.6901 -0.2178
vn 0.9318 0.2566 -0.2566
vn 0.6901 0.2178 -0.6901
vn 0.2566 0.2566 -0.9318
vn 0.2178 0.6901 -0.6901
vn 0.5774 0.5773 -0.5773
vn -0.2585 -0.9660 -0.0000
vn -0.7071 -0.7071 -0.0000
vn -0.9660 -0.2585 -0.0000
vn -0.2585 -0.0000 0.9660
vn -0.7071 -0.0000 0.7071
vn -0.9660 -0.0000 0.2585
vn -0.2585 0.9660 -0.0000
vn -0.7071 0.7071 -0.0000
vn -0.9660 0.2585 -0.0000
vn -0.2585 -0.0000 -0.9660
vn -0.7071 -0.0000 -0.7071
vn -0.9660 -0.0000 -0.2585
vn -0.0000 -0.9660 -0.2585
vn -0.0000 -0.7071 -0.7071
vn -0.0000 -0.2585 -0.9660
vn -0.0000 0.9660 -0.2585
vn -0.0000 0.7071 -0.7071
vn -0.0000 0.2585 -0.9660
vn 0.9660 -0.0000 -0.2585
vn 0.7071 -0.0000 -0.7071
vn 0.2585 -0.0000 -0.9660
vn 0.2585 -0.9660 -0.0000
vn 0.7071 -0.7071 -0.0000
vn 0.9660 -0.2585 -0.0000
vn 0.2585 0.9660 -0.0000
vn 0.7071 0.7071 -0.0000
vn 0.9660 0.2585 -0.0000
vn 0.2585 -0.0000 0.9660
vn 0.7071 -0.0000 0.7071
vn 0.9660 -0.0000 0.2585
vn -0.0000 -0.9660 0.2585
vn -0.0000 -0.7071 0.7071
vn -0.0000 -0.2585 0.9660
vn -0.0000 0.9660 0.2585
vn -0.0000 0.7071 0.7071
vn -0.0000 0.2585 0.9660
vn -0.0000 -1.0000 -0.0000
vn -1.0000 -0.0000 -0.0000
vn -0.0000 -0.0000 1.0000
vn -0.0000 1.0000 -0.0000
vn -0.0000 -0.0000 -1.0000
vn 1.0000 -0.0000 -0.0000
vt 0.133333 0.741667
vt 0.133333 0.745828
vt 0.129348 0.745652
vt 0.129172 0.741667
vt 0.133333 0.750000
vt 0.129348 0.750000
vt 0.458333 0.991667
vt 0.458333 1.000000
vt 0.375000 0.995652
vt 0.375000 0.991667
vt 0.458333 0.000000
vt 0.458333 0.004172
vt 0.375000 0.004348
vt 0.375000 0.000000
vt 0.458333 0.008333
vt 0.375000 0.008333
vt 0.125000 0.741667
vt 0.125000 0.745652
vt 0.541667 0.991667
vt 0.583279 0.991667
vt 0.581518 1.000000
vt 0.541667 1.000000
vt 0.625000 0.991667
vt 0.625000 1.000000
vt 0.866667 0.741667
vt 0.875000 0.741667
vt 0.875000 0.745652
vt 0.866667 0.750000
vt 0.625000 0.008333
vt 0.583279 0.008333
vt 0.581518 0.004348
vt 0.625000 0.004348
vt 0.541667 0.008333
vt 0.541667 0.004172
vt 0.541667 0.000000
vt 0.581518 0.000000
vt 0.133333 0.508333
vt 0.129172 0.508333
vt 0.129348 0.504348
vt 0.133333 0.504172
vt 0.125000 0.508333
vt 0.125000 0.504348
vt 0.458333 0.241667
vt 0.458333 0.245828
vt 0.375000 0.245652
vt 0.375000 0.241667
vt 0.458333 0.254172
vt 0.375000 0.254348
vt 0.458333 0.258333
vt 0.375000 0.258333
vt 0.133333 0.500000
vt 0.129348 0.500000
vt 0.866667 0.508333
vt 0.866667 0.500000
vt 0.875000 0.504348
vt 0.875000 0.508333
vt 0.625000 0.258333
vt 0.583279 0.258333
vt 0.581518 0.252712
vt 0.625000 0.247101
vt 0.541667 0.258333
vt 0.541667 0.254172
vt 0.541667 0.245828
vt 0.581518 0.245652
vt 0.541667 0.241667
vt 0.583279 0.241667
vt 0.625000 0.241667
vt 0.366667 0.741667
vt 0.370828 0.741667
vt 0.370652 0.745652
vt 0.366667 0.745828
vt 0.416721 0.741667
vt 0.407063 0.745652
vt 0.458333 0.741667
vt 0.458333 0.745828
vt 0.458333 0.754172
vt 0.372826 0.752174
vt 0.458333 0.758333
vt 0.370833 0.754167
vt 0.633333 0.741667
vt 0.629167 0.754167
vt 0.627174 0.752174
vt 0.629172 0.741667
vt 0.583279 0.758333
vt 0.581518 0.754348
vt 0.541667 0.758333
vt 0.541667 0.754172
vt 0.541667 0.745828
vt 0.581518 0.747287
vt 0.541667 0.741667
vt 0.583279 0.741667
vt 0.366667 0.508333
vt 0.366667 0.504172
vt 0.370652 0.504348
vt 0.370828 0.508333
vt 0.370833 0.495833
vt 0.372826 0.497826
vt 0.458333 0.491667
vt 0.458333 0.495828
vt 0.458333 0.504172
vt 0.407063 0.504348
vt 0.458333 0.508333
vt 0.416721 0.508333
vt 0.633333 0.508333
vt 0.629172 0.508333
vt 0.627174 0.497826
vt 0.629167 0.495833
vt 0.583279 0.508333
vt 0.581518 0.502712
vt 0.541667 0.508333
vt 0.541667 0.504172
vt 0.541667 0.495828
vt 0.581518 0.495652
vt 0.541667 0.491667
vt 0.583279 0.491667
s 0
usemtl Pedestal
f 1/1/1 4/2/1 6/3/1 5/4/1
f 4/2/2 8/5/2 9/6/2 6/3/2
f 2/7/3 7/8/3 9/9/3 8/10/3
f 7/11/4 11/12/4 12/13/4 9/14/4
f 3/15/5 10/16/5 12/13/5 11/12/5
f 10/17/6 5/4/6 6/3/6 12/18/6
f 6/3/7 9/6/7 12/18/7
f 13/19/8 16/20/8 18/21/8 17/22/8
f 16/20/9 20/23/9 21/24/9 18/21/9
f 14/25/10 19/26/10 21/27/10 20/28/10
f 19/29/11 23/30/11 24/31/11 21/32/11
f 15/33/12 22/34/12 24/31/12 23/30/12
f 22/34/13 17/35/13 18/36/13 24/31/13
f 18/36/14 21/32/14 24/31/14
f 25/37/15 28/38/15 30/39/15 29/40/15
f 28/38/16 32/41/16 33/42/16 30/39/16
f 26/43/17 31/44/17 33/45/17 32/46/17
f 31/44/18 35/47/18 36/48/18 33/45/18
f 27/49/19 34/50/19 36/48/19 35/47/19
f 34/51/20 29/40/20 30/39/20 36/52/20
f 30/39/21 33/42/21 36/52/21
f 37/53/22 40/54/22 42/55/22 41/56/22
f 40/57/23 44/58/23 45/59/23 42/60/23
f 38/61/24 43/62/24 45/59/24 44/58/24
f 43/62/25 47/63/25 48/64/25 45/59/25
f 39/65/26 46/66/26 48/64/26 47/63/26
f 46/66/27 41/67/27 42/60/27 48/64/27
f 42/60/28 45/59/28 48/64/28
f 49/68/29 52/69/29 54/70/29 53/71/29
f 52/69/30 56/72/30 57/73/30 54/70/30
f 50/74/31 55/75/31 57/73/31 56/72/31
f 55/75/32 59/76/32 60/77/32 57/73/32
f 51/78/33 58/79/33 60/77/33 59/76/33
f 58/79/34 53/71/34 54/70/34 60/77/34
f 54/70/35 57/73/35 60/77/35
f 61/80/36 64/81/36 66/82/36 65/83/36
f 64/81/37 68/84/37 69/85/37 66/82/37
f 62/86/38 67/87/38 69/85/38 68/84/38
f 67/87/39 71/88/39 72/89/39 69/85/39
f 63/90/40 70/91/40 72/89/40 71/88/40
f 70/91/41 65/83/41 66/82/41 72/89/41
f 66/82/42 69/85/42 72/89/42
f 73/92/43 76/93/43 78/94/43 77/95/43
f 76/93/44 80/96/44 81/97/44 78/94/44
f 74/98/45 79/99/45 81/97/45 80/96/45
f 79/99/46 83/100/46 84/101/46 81/97/46
f 75/102/47 82/103/47 84/101/47 83/100/47
f 82/103/48 77/95/48 78/94/48 84/101/48
f 78/94/49 81/97/49 84/101/49
f 85/104/50 88/105/50 90/106/50 89/107/50
f 88/105/51 92/108/51 93/109/51 90/106/51
f 86/110/52 91/111/52 93/109/52 92/108/52
f 91/111/53 95/112/53 96/113/53 93/109/53
f 87/114/54 94/115/54 96/113/54 95/112/54
f 94/115/55 89/107/55 90/106/55 96/113/55
f 90/106/56 93/109/56 96/113/56
f 25/37/57 1/1/57 5/4/57 28/38/57
f 28/38/58 5/4/58 10/17/58 32/41/58
f 32/46/59 10/16/59 3/15/59 26/43/59
f 2/7/60 13/19/60 17/22/60 7/8/60
f 7/11/61 17/35/61 22/34/61 11/12/61
f 11/12/62 22/34/62 15/33/62 3/15/62
f 14/25/63 37/53/63 41/56/63 19/26/63
f 19/29/64 41/67/64 46/66/64 23/30/64
f 23/30/65 46/66/65 39/65/65 15/33/65
f 38/61/66 27/49/66 35/47/66 43/62/66
f 43/62/67 35/47/67 31/44/67 47/63/67
f 47/63/68 31/44/68 26/43/68 39/65/68
f 73/92/69 25/37/69 29/40/69 76/93/69
f 76/93/70 29/40/70 34/51/70 80/96/70
f 80/96/71 34/50/71 27/49/71 74/98/71
f 37/53/72 85/104/72 89/107/72 40/54/72
f 40/57/73 89/107/73 94/115/73 44/58/73
f 44/58/74 94/115/74 87/114/74 38/61/74
f 86/110/75 75/102/75 83/100/75 91/111/75
f 91/111/76 83/100/76 79/99/76 95/112/76
f 95/112/77 79/99/77 74/98/77 87/114/77
f 49/68/78 73/92/78 77/95/78 52/69/78
f 52/69/79 77/95/79 82/103/79 56/72/79
f 56/72/80 82/103/80 75/102/80 50/74/80
f 85/104/81 61/80/81 65/83/81 88/105/81
f 88/105/82 65/83/82 70/91/82 92/108/82
f 92/108/83 70/91/83 63/90/83 86/110/83
f 62/86/84 51/78/84 59/76/84 67/87/84
f 67/87/85 59/76/85 55/75/85 71/88/85
f 71/88/86 55/75/86 50/74/86 63/90/86
f 1/1/87 49/68/87 53/71/87 4/2/87
f 4/2/88 53/71/88 58/79/88 8/5/88
f 8/10/89 58/79/89 51/78/89 2/7/89
f 61/80/90 14/25/90 20/28/90 64/81/90
f 64/81/91 20/23/91 16/20/91 68/84/91
f 68/84/92 16/20/92 13/19/92 62/86/92
f 25/37/93 73/92/93 49/68/93 1/1/93
f 3/15/94 15/33/94 39/65/94 26/43/94
f 51/78/95 62/86/95 13/19/95 2/7/95
f 85/104/96 37/53/96 14/25/96 61/80/96
f 27/49/97 38/61/97 87/114/97 74/98/97
f 75/102/98 86/110/98 63/90/98 50/74/98
o NeonRim
v -6.030000 -1.140000 6.030000
v -6.030000 -1.020000 6.150000
v -6.150000 -1.020000 6.030000
v -6.030001 -1.123968 6.089922
v -6.089922 -1.123968 6.030001
v -6.087386 -1.108396 6.087386
v -6.089922 -1.020000 6.133969
v -6.030001 -1.079921 6.133969
v -6.087386 -1.077385 6.118396
v -6.133969 -1.079921 6.030001
v -6.133969 -1.020000 6.089922
v -6.118396 -1.077385 6.087386
v -6.030000 -0.980000 6.150000
v -6.030000 -0.860000 6.030000
v -6.150000 -0.980000 6.030000
v -6.030001 -0.920079 6.133969
v -6.089922 -0.980000 6.133969
v -6.087386 -0.922615 6.118396
v -6.089922 -0.876032 6.030001
v -6.030001 -0.876032 6.089922
v -6.087386 -0.891604 6.087386
v -6.133969 -0.980000 6.089922
v -6.133969 -0.920079 6.030001
v -6.118396 -0.922615 6.087386
v -6.030000 -1.140000 -6.030000
v -6.150000 -1.020000 -6.030000
v -6.030000 -1.020000 -6.150000
v -6.089922 -1.123968 -6.030001
v -6.030001 -1.123968 -6.089922
v -6.087386 -1.108396 -6.087386
v -6.133969 -1.020000 -6.089922
v -6.133969 -1.079921 -6.030001
v -6.118396 -1.077385 -6.087386
v -6.030001 -1.079921 -6.133969
v -6.089922 -1.020000 -6.133969
v -6.087386 -1.077385 -6.118396
v -6.030000 -0.860000 -6.030000
v -6.030000 -0.980000 -6.150000
v -6.150000 -0.980000 -6.030000
v -6.030001 -0.876032 -6.089922
v -6.089922 -0.876032 -6.030001
v -6.087386 -0.891604 -6.087386
v -6.089922 -0.980000 -6.133969
v -6.030001 -0.920079 -6.133969
v -6.087386 -0.922615 -6.118396
v -6.133969 -0.920079 -6.030001
v -6.133969 -0.980000 -6.089922
v -6.118396 -0.922615 -6.087386
v 6.030000 -1.140000 6.030000
v 6.150000 -1.020000 6.030000
v 6.030000 -1.020000 6.150000
v 6.089922 -1.123968 6.030001
v 6.030001 -1.123968 6.089922
v 6.087386 -1.108396 6.087386
v 6.133969 -1.020000 6.089922
v 6.133969 -1.079921 6.030001
v 6.118396 -1.077385 6.087386
v 6.030001 -1.079921 6.133969
v 6.089922 -1.020000 6.133969
v 6.087386 -1.077385 6.118396
v 6.030000 -0.860000 6.030000
v 6.030000 -0.980000 6.150000
v 6.150000 -0.980000 6.030000
v 6.030001 -0.876032 6.089922
v 6.089922 -0.876032 6.030001
v 6.087386 -0.891604 6.087386
v 6.089922 -0.980000 6.133969
v 6.030001 -0.920079 6.133969
v 6.087386 -0.922615 6.118396
v 6.133969 -0.920079 6.030001
v 6.133969 -0.980000 6.089922
v 6.118396 -0.922615 6.087386
v 6.030000 -1.140000 -6.030000
v 6.030000 -1.020000 -6.150000
v 6.150000 -1.020000 -6.030000
v 6.030001 -1.123968 -6.089922
v 6.089922 -1.123968 -6.030001
v 6.087386 -1.108396 -6.087386
v 6.089922 -1.020000 -6.133969
v 6.030001 -1.079921 -6.133969
v 6.087386 -1.077385 -6.118396
v 6.133969 -1.079921 -6.030001
v 6.133969 -1.020000 -6.089922
v 6.118396 -1.077385 -6.087386
v 6.030000 -0.860000 -6.030000
v 6.150000 -0.980000 -6.030000
v 6.030000 -0.980000 -6.150000
v 6.089922 -0.876032 -6.030001
v 6.030001 -0.876032 -6.089922
v 6.087386 -0.891604 -6.087386
v 6.133969 -0.980000 -6.089922
v 6.133969 -0.920079 -6.030001
v 6.118396 -0.922615 -6.087386
v 6.030001 -0.920079 -6.133969
v 6.089922 -0.980000 -6.133969
v 6.087386 -0.922615 -6.118396
vn -0.2566 -0.9318 0.2566
vn -0.2178 -0.6901 0.6901
vn -0.2566 -0.2566 0.9318
vn -0.6901 -0.2178 0.6901
vn -0.9318 -0.2566 0.2566
vn -0.6901 -0.6901 0.2178
vn -0.5774 -0.5774 0.5773
vn -0.2566 0.2566 0.9318
vn -0.2178 0.6901 0.6901
vn -0.2566 0.9318 0.2566
vn -0.6901 0.6901 0.2178
vn -0.9318 0.2566 0.2566
vn -0.6901 0.2178 0.6901
vn -0.5774 0.5774 0.5773
vn -0.2566 -0.9318 -0.2566
vn -0.6901 -0.6901 -0.2178
vn -0.9318 -0.2566 -0.2566
vn -0.6901 -0.2178 -0.6901
vn -0.2566 -0.2566 -0.9318
vn -0.2178 -0.6901 -0.6901
vn -0.5774 -0.5774 -0.5773
vn -0.2566 0.9318 -0.2566
vn -0.2178 0.6901 -0.6901
vn -0.2566 0.2566 -0.9318
vn -0.6901 0.2178 -0.6901
vn -0.9318 0.2566 -0.2566
vn -0.6901 0.6901 -0.2178
vn -0.5774 0.5774 -0.5773
vn 0.2566 -0.9318 0.2566
vn 0.6901 -0.6901 0.2178
vn 0.9318 -0.2566 0.2566
vn 0.6901 -0.2178 0.6901
vn 0.2566 -0.2566 0.9318
vn 0.2178 -0.6901 0.6901
vn 0.5774 -0.5774 0.5773
vn 0.2566 0.9318 0.2566
vn 0.2178 0.6901 0.6901
vn 0.2566 0.2566 0.9318
vn 0.6901 0.2178 0.6901
vn 0.9318 0.2566 0.2566
vn 0.6901 0.6901 0.2178
vn 0.5774 0.5774 0.5773
vn 0.2566 -0.9318 -0.2566
vn 0.2178 -0.6901 -0.6901
vn 0.2566 -0.2566 -0.9318
vn 0.6901 -0.2178 -0.6901
vn 0.9318 -0.2566 -0.2566
vn 0.6901 -0.6901 -0.2178
vn 0.5774 -0.5774 -0.5773
vn 0.2566 0.9318 -0.2566
vn 0.6901 0.6901 -0.2178
vn 0.9318 0.2566 -0.2566
vn 0.6901 0.2178 -0.6901
vn 0.2566 0.2566 -0.9318
vn 0.2178 0.6901 -0.6901
vn 0.5774 0.5774 -0.5773
vn -0.2585 -0.9660 -0.0000
vn -0.7071 -0.7071 -0.0000
vn -0.9660 -0.2584 -0.0000
vn -0.2584 -0.0000 0.9660
vn -0.7071 -0.0000 0.7071
vn -0.9660 -0.0000 0.2584
vn -0.2585 0.9660 -0.0000
vn -0.7071 0.7071 -0.0000
vn -0.9660 0.2584 -0.0000
vn -0.2584 -0.0000 -0.9660
vn -0.7071 -0.0000 -0.7071
vn -0.9660 -0.0000 -0.2584
vn -0.0000 -0.9660 -0.2584
vn -0.0000 -0.7071 -0.7071
vn -0.0000 -0.2584 -0.9660
vn -0.0000 0.9660 -0.2585
vn -0.0000 0.7071 -0.7071
vn -0.0000 0.2584 -0.9660
vn 0.9660 -0.0000 -0.2584
vn 0.7071 -0.0000 -0.7071
vn 0.2584 -0.0000 -0.9660
vn 0.2585 -0.9660 -0.0000
vn 0.7071 -0.7071 -0.0000
vn 0.9660 -0.2584 -0.0000
vn 0.2585 0.9660 -0.0000
vn 0.7071 0.7071 -0.0000
vn 0.9660 0.2584 -0.0000
vn 0.2584 -0.0000 0.9660
vn 0.7071 -0.0000 0.7071
vn 0.9660 -0.0000 0.2584
vn -0.0000 -0.9660 0.2584
vn -0.0000 -0.7071 0.7071
vn -0.0000 -0.2584 0.9660
vn -0.0000 0.9660 0.2585
vn -0.0000 0.7071 0.7071
vn -0.0000 0.2584 0.9660
vn -0.0000 -1.0000 -0.0000
vn -1.0000 -0.0000 -0.0000
vn -0.0000 -0.0000 1.0000
vn -0.0000 1.0000 -0.0000
vn -0.0000 -0.0000 -1.0000
vn 1.0000 -0.0000 -0.0000
vt 0.127439 0.747561
vt 0.127439 0.748779
vt 0.126273 0.748727
vt 0.126221 0.747561
vt 0.127439 0.750000
vt 0.126273 0.750000
vt 0.482143 0.997561
vt 0.482143 1.000000
vt 0.375000 0.998727
vt 0.375000 0.997561
vt 0.482143 0.000000
vt 0.482143 0.001221
vt 0.375000 0.001273
vt 0.375000 0.000000
vt 0.482143 0.002439
vt 0.375000 0.002439
vt 0.125000 0.747561
vt 0.125000 0.748727
vt 0.517857 0.997561
vt 0.571358 0.997561
vt 0.569094 1.000000
vt 0.517857 1.000000
vt 0.625000 0.997561
vt 0.625000 1.000000
vt 0.872561 0.747561
vt 0.875000 0.747561
vt 0.875000 0.748727
vt 0.872561 0.750000
vt 0.625000 0.002439
vt 0.571358 0.002439
vt 0.569094 0.001273
vt 0.625000 0.001273
vt 0.517857 0.002439
vt 0.517857 0.001221
vt 0.517857 0.000000
vt 0.569094 0.000000
vt 0.127439 0.502439
vt 0.126221 0.502439
vt 0.126273 0.501273
vt 0.127439 0.501221
vt 0.125000 0.502439
vt 0.125000 0.501273
vt 0.482143 0.247561
vt 0.482143 0.248779
vt 0.375000 0.248727
vt 0.375000 0.247561
vt 0.482143 0.251221
vt 0.375000 0.251273
vt 0.482143 0.252439
vt 0.375000 0.252439
vt 0.127439 0.500000
vt 0.126273 0.500000
vt 0.872561 0.502439
vt 0.872561 0.500000
vt 0.875000 0.501273
vt 0.875000 0.502439
vt 0.625000 0.252439
vt 0.571358 0.252439
vt 0.569094 0.250794
vt 0.625000 0.249152
vt 0.517857 0.252439
vt 0.517857 0.251221
vt 0.517857 0.248779
vt 0.569094 0.248727
vt 0.517857 0.247561
vt 0.571358 0.247561
vt 0.625000 0.247561
vt 0.372561 0.747561
vt 0.373779 0.747561
vt 0.373727 0.748727
vt 0.372561 0.748779
vt 0.428642 0.747561
vt 0.416769 0.748727
vt 0.482143 0.747561
vt 0.482143 0.748779
vt 0.482143 0.751221
vt 0.374364 0.750636
vt 0.482143 0.752439
vt 0.373780 0.751220
vt 0.627439 0.747561
vt 0.626220 0.751220
vt 0.625636 0.750636
vt 0.626221 0.747561
vt 0.571358 0.752439
vt 0.569094 0.751273
vt 0.517857 0.752439
vt 0.517857 0.751221
vt 0.517857 0.748779
vt 0.569094 0.749206
vt 0.517857 0.747561
vt 0.571358 0.747561
vt 0.372561 0.502439
vt 0.372561 0.501221
vt 0.373727 0.501273
vt 0.373779 0.502439
vt 0.373780 0.498780
vt 0.374364 0.499364
vt 0.482143 0.497561
vt 0.482143 0.498779
vt 0.482143 0.501221
vt 0.416769 0.501273
vt 0.482143 0.502439
vt 0.428642 0.502439
vt 0.627439 0.502439
vt 0.626221 0.502439
vt 0.625636 0.499364
vt 0.626220 0.498780
vt 0.571358 0.502439
vt 0.569094 0.500794
vt 0.517857 0.502439
vt 0.517857 0.501221
vt 0.517857 0.498779
vt 0.569094 0.498727
vt 0.517857 0.497561
vt 0.571358 0.497561
s 0
usemtl NeonRim
f 97/116/99 100/117/99 102/118/99 101/119/99
f 100/117/100 104/120/100 105/121/100 102/118/100
f 98/122/101 103/123/101 105/124/101 104/125/101
f 103/126/102 107/127/102 108/128/102 105/129/102
f 99/130/103 106/131/103 108/128/103 107/127/103
f 106/132/104 101/119/104 102/118/104 108/133/104
f 102/118/105 105/121/105 108/133/105
f 109/134/106 112/135/106 114/136/106 113/137/106
f 112/135/107 116/138/107 117/139/107 114/136/107
f 110/140/108 115/141/108 117/142/108 116/143/108
f 115/144/109 119/145/109 120/146/109 117/147/109
f 111/148/110 118/149/110 120/146/110 119/145/110
f 118/149/111 113/150/111 114/151/111 120/146/111
f 114/151/112 117/147/112 120/146/112
f 121/152/113 124/153/113 126/154/113 125/155/113
f 124/153/114 128/156/114 129/157/114 126/154/114
f 122/158/115 127/159/115 129/160/115 128/161/115
f 127/159/116 131/162/116 132/163/116 129/160/116
f 123/164/117 130/165/117 132/163/117 131/162/117
f 130/166/118 125/155/118 126/154/118 132/167/118
f 126/154/119 129/157/119 132/167/119
f 133/168/120 136/169/120 138/170/120 137/171/120
f 136/172/121 140/173/121 141/174/121 138/175/121
f 134/176/122 139/177/122 141/174/122 140/173/122
f 139/177/123 143/178/123 144/179/123 141/174/123
f 135/180/124 142/181/124 144/179/124 143/178/124
f 142/181/125 137/182/125 138/175/125 144/179/125
f 138/175/126 141/174/126 144/179/126
f 145/183/127 148/184/127 150/185/127 149/186/127
f 148/184/128 152/187/128 153/188/128 150/185/128
f 146/189/129 151/190/129 153/188/129 152/187/129
f 151/190/130 155/191/130 156/192/130 153/188/130
f 147/193/131 154/194/131 156/192/131 155/191/131
f 154/194/132 149/186/132 150/185/132 156/192/132
f 150/185/133 153/188/133 156/192/133
f 157/195/134 160/196/134 162/197/134 161/198/134
f 160/196/135 164/199/135 165/200/135 162/197/135
f 158/201/136 163/202/136 165/200/136 164/199/136
f 163/202/137 167/203/137 168/204/137 165/200/137
f 159/205/138 166/206/138 168/204/138 167/203/138
f 166/206/139 161/198/139 162/197/139 168/204/139
f 162/197/140 165/200/140 168/204/140
f 169/207/141 172/208/141 174/209/141 173/210/141
f 172/208/142 176/211/142 177/212/142 174/209/142
f 170/213/143 175/214/143 177/212/143 176/211/143
f 175/214/144 179/215/144 180/216/144 177/212/144
f 171/217/145 178/218/145 180/216/145 179/215/145
f 178/218/146 173/210/146 174/209/146 180/216/146
f 174/209/147 177/212/147 180/216/147
f 181/219/148 184/220/148 186/221/148 185/222/148
f 184/220/149 188/223/149 189/224/149 186/221/149
f 182/225/150 187/226/150 189/224/150 188/223/150
f 187/226/151 191/227/151 192/228/151 189/224/151
f 183/229/152 190/230/152 192/228/152 191/227/152
f 190/230/153 185/222/153 186/221/153 192/228/153
f 186/221/154 189/224/154 192/228/154
f 121/152/155 97/116/155 101/119/155 124/153/155
f 124/153/156 101/119/156 106/132/156 128/156/156
f 128/161/157 106/131/157 99/130/157 122/158/157
f 98/122/158 109/134/158 113/137/158 103/123/158
f 103/126/159 113/150/159 118/149/159 107/127/159
f 107/127/160 118/149/160 111/148/160 99/130/160
f 110/140/161 133/168/161 137/171/161 115/141/161
f 115/144/162 137/182/162 142/181/162 119/145/162
f 119/145/163 142/181/163 135/180/163 111/148/163
f 134/176/164 123/164/164 131/162/164 139/177/164
f 139/177/165 131/162/165 127/159/165 143/178/165
f 143/178/166 127/159/166 122/158/166 135/180/166
f 169/207/167 121/152/167 125/155/167 172/208/167
f 172/208/168 125/155/168 130/166/168 176/211/168
f 176/211/169 130/165/169 123/164/169 170/213/169
f 133/168/170 181/219/170 185/222/170 136/169/170
f 136/172/171 185/222/171 190/230/171 140/173/171
f 140/173/172 190/230/172 183/229/172 134/176/172
f 182/225/173 171/217/173 179/215/173 187/226/173
f 187/226/174 179/215/174 175/214/174 191/227/174
f 191/227/175 175/214/175 170/213/175 183/229/175
f 145/183/176 169/207/176 173/210/176 148/184/176
f 148/184/177 173/210/177 178/218/177 152/187/177
f 152/187/178 178/218/178 171/217/178 146/189/178
f 181/219/179 157/195/179 161/198/179 184/220/179
f 184/220/180 161/198/180 166/206/180 188/223/180
f 188/223/181 166/206/181 159/205/181 182/225/181
f 158/201/182 147/193/182 155/191/182 163/202/182
f 163/202/183 155/191/183 151/190/183 167/203/183
f 167/203/184 151/190/184 146/189/184 159/205/184
f 97/116/185 145/183/185 149/186/185 100/117/185
f 100/117/186 149/186/186 154/194/186 104/120/186
f 104/125/187 154/194/187 147/193/187 98/122/187
f 157/195/188 110/140/188 116/143/188 160/196/188
f 160/196/189 116/138/189 112/135/189 164/199/189
f 164/199/190 112/135/190 109/134/190 158/201/190
f 121/152/191 169/207/191 145/183/191 97/116/191
f 99/130/192 111/148/192 135/180/192 122/158/192
f 147/193/193 158/201/193 109/134/193 98/122/193
f 181/219/194 133/168/194 110/140/194 157/195/194
f 123/164/195 134/176/195 183/229/195 170/213/195
f 171/217/196 182/225/196 159/205/196 146/189/196
o GrassSurface
v -5.700000 0.000000 5.700000
v -5.700000 0.100000 5.800000
v -5.800000 0.100000 5.700000
v -5.700000 0.013360 5.749935
v -5.749935 0.013360 5.700000
v -5.747821 0.026337 5.747821
v -5.749935 0.100000 5.786641
v -5.700000 0.050066 5.786641
v -5.747821 0.052179 5.773664
v -5.786641 0.050066 5.700000
v -5.786641 0.100000 5.749935
v -5.773664 0.052179 5.747821
v -5.700000 0.100000 5.800000
v -5.700000 0.200000 5.700000
v -5.800000 0.100000 5.700000
v -5.700000 0.149934 5.786641
v -5.749935 0.100000 5.786641
v -5.747821 0.147821 5.773664
v -5.749935 0.186640 5.700000
v -5.700000 0.186640 5.749935
v -5.747821 0.173663 5.747821
v -5.786641 0.100000 5.749935
v -5.786641 0.149934 5.700000
v -5.773664 0.147821 5.747821
v -5.700000 0.000000 -5.700000
v -5.800000 0.100000 -5.700000
v -5.700000 0.100000 -5.800000
v -5.749935 0.013360 -5.700000
v -5.700000 0.013360 -5.749935
v -5.747821 0.026337 -5.747821
v -5.786641 0.100000 -5.749935
v -5.786641 0.050066 -5.700000
v -5.773664 0.052179 -5.747821
v -5.700000 0.050066 -5.786641
v -5.749935 0.100000 -5.786641
v -5.747821 0.052179 -5.773664
v -5.700000 0.200000 -5.700000
v -5.700000 0.100000 -5.800000
v -5.800000 0.100000 -5.700000
v -5.700000 0.186640 -5.749935
v -5.749935 0.186640 -5.700000
v -5.747821 0.173663 -5.747821
v -5.749935 0.100000 -5.786641
v -5.700000 0.149934 -5.786641
v -5.747821 0.147821 -5.773664
v -5.786641 0.149934 -5.700000
v -5.786641 0.100000 -5.749935
v -5.773664 0.147821 -5.747821
v 5.700000 0.000000 5.700000
v 5.800000 0.100000 5.700000
v 5.700000 0.100000 5.800000
v 5.749935 0.013360 5.700000
v 5.700000 0.013360 5.749935
v 5.747821 0.026337 5.747821
v 5.786641 0.100000 5.749935
v 5.786641 0.050066 5.700000
v 5.773664 0.052179 5.747821
v 5.700000 0.050066 5.786641
v 5.749935 0.100000 5.786641
v 5.747821 0.052179 5.773664
v 5.700000 0.200000 5.700000
v 5.700000 0.100000 5.800000
v 5.800000 0.100000 5.700000
v 5.700000 0.186640 5.749935
v 5.749935 0.186640 5.700000
v 5.747821 0.173663 5.747821
v 5.749935 0.100000 5.786641
v 5.700000 0.149934 5.786641
v 5.747821 0.147821 5.773664
v 5.786641 0.149934 5.700000
v 5.786641 0.100000 5.749935
v 5.773664 0.147821 5.747821
v 5.700000 0.000000 -5.700000
v 5.700000 0.100000 -5.800000
v 5.800000 0.100000 -5.700000
v 5.700000 0.013360 -5.749935
v 5.749935 0.013360 -5.700000
v 5.747821 0.026337 -5.747821
v 5.749935 0.100000 -5.786641
v 5.700000 0.050066 -5.786641
v 5.747821 0.052179 -5.773664
v 5.786641 0.050066 -5.700000
v 5.786641 0.100000 -5.749935
v 5.773664 0.052179 -5.747821
v 5.700000 0.200000 -5.700000
v 5.800000 0.100000 -5.700000
v 5.700000 0.100000 -5.800000
v 5.749935 0.186640 -5.700000
v 5.700000 0.186640 -5.749935
v 5.747821 0.173663 -5.747821
v 5.786641 0.100000 -5.749935
v 5.786641 0.149934 -5.700000
v 5.773664 0.147821 -5.747821
v 5.700000 0.149934 -5.786641
v 5.749935 0.100000 -5.786641
v 5.747821 0.147821 -5.773664
vn -0.2566 -0.9318 0.2566
vn -0.2178 -0.6901 0.6901
vn -0.2566 -0.2566 0.9318
vn -0.6901 -0.2178 0.6901
vn -0.9318 -0.2566 0.2566
vn -0.6901 -0.6901 0.2178
vn -0.5774 -0.5773 0.5773
vn -0.2566 0.2566 0.9318
vn -0.2178 0.6901 0.6901
vn -0.2566 0.9318 0.2566
vn -0.6901 0.6901 0.2178
vn -0.9318 0.2566 0.2566
vn -0.6901 0.2178 0.6901
vn -0.5774 0.5773 0.5773
vn -0.2566 -0.9318 -0.2566
vn -0.6901 -0.6901 -0.2178
vn -0.9318 -0.2566 -0.2566
vn -0.6901 -0.2178 -0.6901
vn -0.2566 -0.2566 -0.9318
vn -0.2178 -0.6901 -0.6901
vn -0.5774 -0.5773 -0.5774
vn -0.2566 0.9318 -0.2566
vn -0.2178 0.6901 -0.6901
vn -0.2566 0.2566 -0.9318
vn -0.6901 0.2178 -0.6901
vn -0.9318 0.2566 -0.2566
vn -0.6901 0.6901 -0.2178
vn -0.5774 0.5773 -0.5773
vn 0.2566 -0.9318 0.2566
vn 0.6901 -0.6901 0.2178
vn 0.9318 -0.2566 0.2566
vn 0.6901 -0.2178 0.6901
vn 0.2566 -0.2566 0.9318
vn 0.2178 -0.6901 0.6901
vn 0.5774 -0.5773 0.5774
vn 0.2566 0.9318 0.2566
vn 0.2178 0.6901 0.6901
vn 0.2566 0.2566 0.9318
vn 0.6901 0.2178 0.6901
vn 0.9318 0.2566 0.2566
vn 0.6901 0.6901 0.2178
vn 0.5774 0.5773 0.5773
vn 0.2566 -0.9318 -0.2566
vn 0.2178 -0.6901 -0.6901
vn 0.2566 -0.2566 -0.9318
vn 0.6901 -0.2178 -0.6901
vn 0.9318 -0.2566 -0.2566
vn 0.6901 -0.6901 -0.2178
vn 0.5774 -0.5773 -0.5773
vn 0.2566 0.9318 -0.2566
vn 0.6901 0.6901 -0.2178
vn 0.9318 0.2566 -0.2566
vn 0.6901 0.2178 -0.6901
vn 0.2566 0.2566 -0.9318
vn 0.2178 0.6901 -0.6901
vn 0.5774 0.5773 -0.5773
vn -0.2585 -0.9660 -0.0000
vn -0.7071 -0.7071 -0.0000
vn -0.9660 -0.2585 -0.0000
vn -0.2986 -0.0000 0.9544
vn -0.7146 -0.0000 0.6995
vn -0.9661 -0.0000 0.2581
vn -0.2585 0.9660 -0.0000
vn -0.7071 0.7071 -0.0000
vn -0.9660 0.2585 -0.0000
vn -0.2428 -0.0000 -0.9701
vn -0.7146 -0.0000 -0.6995
vn -0.9779 -0.0000 -0.2090
vn -0.0000 -0.9660 -0.2585
vn -0.0000 -0.7071 -0.7071
vn -0.0000 -0.2585 -0.9660
vn -0.0000 0.9660 -0.2585
vn -0.0000 0.7071 -0.7071
vn -0.0000 0.2585 -0.9660
vn 0.9661 -0.0000 -0.2581
vn 0.7146 -0.0000 -0.6995
vn 0.2986 -0.0000 -0.9544
vn 0.2585 -0.9660 -0.0000
vn 0.7071 -0.7071 -0.0000
vn 0.9660 -0.2585 -0.0000
vn 0.2585 0.9660 -0.0000
vn 0.7071 0.7071 -0.0000
vn 0.9660 0.2585 -0.0000
vn 0.2428 -0.0000 0.9701
vn 0.7146 -0.0000 0.6995
vn 0.9779 -0.0000 0.2090
vn -0.0000 -0.9660 0.2585
vn -0.0000 -0.7071 0.7071
vn -0.0000 -0.2585 0.9660
vn -0.0000 0.9660 0.2585
vn -0.0000 0.7071 0.7071
vn -0.0000 0.2585 0.9660
vn -0.0000 -1.0000 -0.0000
vn -1.0000 -0.0000 -0.0000
vn -0.0000 -0.0000 1.0000
vn -0.0000 1.0000 -0.0000
vn -0.0000 -0.0000 -1.0000
vn 1.0000 -0.0000 -0.0000
vt 0.127155 0.747845
vt 0.127155 0.748921
vt 0.126125 0.748876
vt 0.126079 0.747845
vt 0.127155 0.750000
vt 0.126125 0.750000
vt 0.500000 0.997845
vt 0.500000 1.000000
vt 0.375000 0.998875
vt 0.375000 0.997845
vt 0.500000 0.000000
vt 0.500000 0.001079
vt 0.375000 0.001125
vt 0.375000 0.000000
vt 0.500000 0.002155
vt 0.375000 0.002155
vt 0.125000 0.747845
vt 0.125000 0.748875
vt 0.500000 0.997845
vt 0.562418 0.997845
vt 0.559776 1.000000
vt 0.625000 0.997845
vt 0.625000 1.000000
vt 0.872845 0.747845
vt 0.875000 0.747845
vt 0.875000 0.748875
vt 0.872845 0.750000
vt 0.625000 0.002155
vt 0.562418 0.002155
vt 0.559776 0.001125
vt 0.625000 0.001125
vt 0.500000 0.002155
vt 0.500000 0.001079
vt 0.500000 0.000000
vt 0.559776 0.000000
vt 0.127155 0.502155
vt 0.126079 0.502155
vt 0.126125 0.501125
vt 0.127155 0.501079
vt 0.125000 0.502155
vt 0.125000 0.501125
vt 0.500000 0.247845
vt 0.500000 0.248921
vt 0.375000 0.248875
vt 0.375000 0.247845
vt 0.500000 0.251079
vt 0.375000 0.251125
vt 0.500000 0.252155
vt 0.375000 0.252155
vt 0.127155 0.500000
vt 0.126125 0.500000
vt 0.872845 0.502155
vt 0.872845 0.500000
vt 0.875000 0.501125
vt 0.875000 0.502155
vt 0.625000 0.252155
vt 0.562418 0.252155
vt 0.559776 0.250702
vt 0.625000 0.249250
vt 0.500000 0.251079
vt 0.500000 0.248921
vt 0.559776 0.248875
vt 0.500000 0.247845
vt 0.562418 0.247845
vt 0.625000 0.247845
vt 0.372845 0.747845
vt 0.373921 0.747845
vt 0.373875 0.748875
vt 0.372845 0.748921
vt 0.437582 0.747845
vt 0.423776 0.748875
vt 0.500000 0.747845
vt 0.500000 0.748921
vt 0.500000 0.751079
vt 0.374438 0.750562
vt 0.500000 0.752155
vt 0.373922 0.751078
vt 0.627155 0.747845
vt 0.626078 0.751078
vt 0.625562 0.750562
vt 0.626079 0.747845
vt 0.562418 0.752155
vt 0.559776 0.751125
vt 0.500000 0.751079
vt 0.500000 0.748921
vt 0.559776 0.749299
vt 0.500000 0.747845
vt 0.562418 0.747845
vt 0.372845 0.502155
vt 0.372845 0.501079
vt 0.373875 0.501125
vt 0.373921 0.502155
vt 0.373922 0.498922
vt 0.374438 0.499438
vt 0.500000 0.497845
vt 0.500000 0.498921
vt 0.500000 0.501079
vt 0.423776 0.501125
vt 0.500000 0.502155
vt 0.437582 0.502155
vt 0.627155 0.502155
vt 0.626079 0.502155
vt 0.625562 0.499438
vt 0.626078 0.498922
vt 0.562418 0.502155
vt 0.559776 0.500702
vt 0.500000 0.501079
vt 0.500000 0.498921
vt 0.559776 0.498875
vt 0.500000 0.497845
vt 0.562418 0.497845
s 0
usemtl Grass
f 193/231/197 196/232/197 198/233/197 197/234/197
f 196/232/198 200/235/198 201/236/198 198/233/198
f 194/237/199 199/238/199 201/239/199 200/240/199
f 199/241/200 203/242/200 204/243/200 201/244/200
f 195/245/201 202/246/201 204/243/201 203/242/201
f 202/247/202 197/234/202 198/233/202 204/248/202
f 198/233/203 201/236/203 204/248/203
f 205/249/204 208/250/204 210/251/204 209/238/204
f 208/250/205 212/252/205 213/253/205 210/251/205
f 206/254/206 211/255/206 213/256/206 212/257/206
f 211/258/207 215/259/207 216/260/207 213/261/207
f 207/262/208 214/263/208 216/260/208 215/259/208
f 214/263/209 209/264/209 210/265/209 216/260/209
f 210/265/210 213/261/210 216/260/210
f 217/266/211 220/267/211 222/268/211 221/269/211
f 220/267/212 224/270/212 225/271/212 222/268/212
f 218/272/213 223/273/213 225/274/213 224/275/213
f 223/273/214 227/276/214 228/277/214 225/274/214
f 219/278/215 226/279/215 228/277/215 227/276/215
f 226/280/216 221/269/216 222/268/216 228/281/216
f 222/268/217 225/271/217 228/281/217
f 229/282/218 232/283/218 234/284/218 233/285/218
f 232/286/219 236/287/219 237/288/219 234/289/219
f 230/278/220 235/290/220 237/288/220 236/287/220
f 235/290/221 239/291/221 240/292/221 237/288/221
f 231/293/222 238/294/222 240/292/222 239/291/222
f 238/294/223 233/295/223 234/289/223 240/292/223
f 234/289/224 237/288/224 240/292/224
f 241/296/225 244/297/225 246/298/225 245/299/225
f 244/297/226 248/300/226 249/301/226 246/298/226
f 242/302/227 247/303/227 249/301/227 248/300/227
f 247/303/228 251/304/228 252/305/228 249/301/228
f 243/306/229 250/307/229 252/305/229 251/304/229
f 250/307/230 245/299/230 246/298/230 252/305/230
f 246/298/231 249/301/231 252/305/231
f 253/308/232 256/309/232 258/310/232 257/311/232
f 256/309/233 260/312/233 261/313/233 258/310/233
f 254/306/234 259/314/234 261/313/234 260/312/234
f 259/314/235 263/315/235 264/316/235 261/313/235
f 255/317/236 262/318/236 264/316/236 263/315/236
f 262/318/237 257/311/237 258/310/237 264/316/237
f 258/310/238 261/313/238 264/316/238
f 265/319/239 268/320/239 270/321/239 269/322/239
f 268/320/240 272/323/240 273/324/240 270/321/240
f 266/325/241 271/326/241 273/324/241 272/323/241
f 271/326/242 275/327/242 276/328/242 273/324/242
f 267/329/243 274/330/243 276/328/243 275/327/243
f 274/330/244 269/322/244 270/321/244 276/328/244
f 270/321/245 273/324/245 276/328/245
f 277/331/246 280/332/246 282/333/246 281/334/246
f 280/332/247 284/335/247 285/336/247 282/333/247
f 278/329/248 283/337/248 285/336/248 284/335/248
f 283/337/249 287/338/249 288/339/249 285/336/249
f 279/340/250 286/341/250 288/339/250 287/338/250
f 286/341/251 281/334/251 282/333/251 288/339/251
f 282/333/252 285/336/252 288/339/252
f 217/266/253 193/231/253 197/234/253 220/267/253
f 220/267/254 197/234/254 202/247/254 224/270/254
f 224/275/255 202/246/255 195/245/255 218/272/255
f 194/237/256 205/249/256 209/238/256 199/238/256
f 199/241/257 209/264/257 214/263/257 203/242/257
f 203/242/258 214/263/258 207/262/258 195/245/258
f 206/254/259 229/282/259 233/285/259 211/255/259
f 211/258/260 233/295/260 238/294/260 215/259/260
f 215/259/261 238/294/261 231/293/261 207/262/261
f 230/278/262 219/278/262 227/276/262 235/290/262
f 235/290/263 227/276/263 223/273/263 239/291/263
f 239/291/264 223/273/264 218/272/264 231/293/264
f 265/319/265 217/266/265 221/269/265 268/320/265
f 268/320/266 221/269/266 226/280/266 272/323/266
f 272/323/267 226/279/267 219/278/267 266/325/267
f 229/282/268 277/331/268 281/334/268 232/283/268
f 232/286/269 281/334/269 286/341/269 236/287/269
f 236/287/270 286/341/270 279/340/270 230/278/270
f 278/329/271 267/329/271 275/327/271 283/337/271
f 283/337/272 275/327/272 271/326/272 287/338/272
f 287/338/273 271/326/273 266/325/273 279/340/273
f 241/296/274 265/319/274 269/322/274 244/297/274
f 244/297/275 269/322/275 274/330/275 248/300/275
f 248/300/276 274/330/276 267/329/276 242/302/276
f 277/331/277 253/308/277 257/311/277 280/332/277
f 280/332/278 257/311/278 262/318/278 284/335/278
f 284/335/279 262/318/279 255/317/279 278/329/279
f 254/306/280 243/306/280 251/304/280 259/314/280
f 259/314/281 251/304/281 247/303/281 263/315/281
f 263/315/282 247/303/282 242/302/282 255/317/282
f 193/231/283 241/296/283 245/299/283 196/232/283
f 196/232/284 245/299/284 250/307/284 200/235/284
f 200/240/285 250/307/285 243/306/285 194/237/285
f 253/308/286 206/254/286 212/257/286 256/309/286
f 256/309/287 212/252/287 208/250/287 260/312/287
f 260/312/288 208/250/288 205/249/288 254/306/288
f 217/266/289 265/319/289 241/296/289 193/231/289
f 195/245/290 207/262/290 231/293/290 218/272/290
f 243/306/291 254/306/291 205/249/291 194/237/291
f 277/331/292 229/282/292 206/254/292 253/308/292
f 219/278/293 230/278/293 279/340/293 266/325/293
f 267/329/294 278/329/294 255/317/294 242/302/294
o RoadMainH
v -5.800000 0.000000 1.800000
v -5.800000 0.220000 1.800000
v -5.800000 0.000000 -0.600000
v -5.800000 0.220000 -0.600000
v 5.800000 0.000000 1.800000
v 5.800000 0.220000 1.800000
v 5.800000 0.000000 -0.600000
v 5.800000 0.220000 -0.600000
vn -1.0000 -0.0000 -0.0000
vn -0.0000 -0.0000 -1.0000
vn 1.0000 -0.0000 -0.0000
vn -0.0000 -0.0000 1.0000
vn -0.0000 -1.0000 -0.0000
vn -0.0000 1.0000 -0.0000
vt 0.375000 0.000000
vt 0.625000 0.000000
vt 0.625000 0.250000
vt 0.375000 0.250000
vt 0.625000 0.500000
vt 0.375000 0.500000
vt 0.625000 0.750000
vt 0.375000 0.750000
vt 0.625000 1.000000
vt 0.375000 1.000000
vt 0.125000 0.500000
vt 0.125000 0.750000
vt 0.875000 0.500000
vt 0.875000 0.750000
s 0
usemtl Road
f 289/342/295 290/343/295 292/344/295 291/345/295
f 291/345/296 292/344/296 296/346/296 295/347/296
f 295/347/297 296/346/297 294/348/297 293/349/297
f 293/349/298 294/348/298 290/350/298 289/351/298
f 291/352/299 295/347/299 293/349/299 289/353/299
f 296/346/300 292/354/300 290/355/300 294/348/300
o RoadMainV
v -1.000000 0.000000 5.800000
v -1.000000 0.220000 5.800000
v -1.000000 0.000000 -5.800000
v -1.000000 0.220000 -5.800000
v 1.400000 0.000000 5.800000
v 1.400000 0.220000 5.800000
v 1.400000 0.000000 -5.800000
v 1.400000 0.220000 -5.800000
vn -1.0000 -0.0000 -0.0000
vn -0.0000 -0.0000 -1.0000
vn 1.0000 -0.0000 -0.0000
vn -0.0000 -0.0000 1.0000
vn -0.0000 -1.0000 -0.0000
vn -0.0000 1.0000 -0.0000
vt 0.375000 0.000000
vt 0.625000 0.000000
vt 0.625000 0.250000
vt 0.375000 0.250000
vt 0.625000 0.500000
vt 0.375000 0.500000
vt 0.625000 0.750000
vt 0.375000 0.750000
vt 0.625000 1.000000
vt 0.375000 1.000000
vt 0.125000 0.500000
vt 0.125000 0.750000
vt 0.875000 0.500000
vt 0.875000 0.750000
s 0
usemtl Road
f 297/356/301 298/357/301 300/358/301 299/359/301
f 299/359/302 300/358/302 304/360/302 303/361/302
f 303/361/303 304/360/303 302/362/303 301/363/303
f 301/363/304 302/362/304 298/364/304 297/365/304
f 299/366/305 303/361/305 301/363/305 297/367/305
f 304/360/306 300/368/306 298/369/306 302/362/306
o RoadDashH_-4.5
v -4.900000 0.005000 0.675000
v -4.900000 0.235000 0.675000
v -4.900000 0.005000 0.525000
v -4.900000 0.235000 0.525000
v -4.100000 0.005000 0.675000
v -4.100000 0.235000 0.675000
v -4.100000 0.005000 0.525000
v -4.100000 0.235000 0.525000
vn -1.0000 -0.0000 -0.0000
vn -0.0000 -0.0000 -1.0000
vn 1.0000 -0.0000 -0.0000
vn -0.0000 -0.0000 1.0000
vn -0.0000 -1.0000 -0.0000
vn -0.0000 1.0000 -0.0000
vt 0.375000 0.000000
vt 0.625000 0.000000
vt 0.625000 0.250000
vt 0.375000 0.250000
vt 0.625000 0.500000
vt 0.375000 0.500000
vt 0.625000 0.750000
vt 0.375000 0.750000
vt 0.625000 1.000000
vt 0.375000 1.000000
vt 0.125000 0.500000
vt 0.125000 0.750000
vt 0.875000 0.500000
vt 0.875000 0.750000
s 0
usemtl RoadLines
f 305/370/307 306/371/307 308/372/307 307/373/307
f 307/373/308 308/372/308 312/374/308 311/375/308
f 311/375/309 312/374/309 310/376/309 309/377/309
f 309/377/310 310/376/310 306/378/310 305/379/310
f 307/380/311 311/375/311 309/377/311 305/381/311
f 312/374/312 308/382/312 306/383/312 310/376/312
o RoadDashH_-3.0
v -3.400000 0.005000 0.675000
v -3.400000 0.235000 0.675000
v -3.400000 0.005000 0.525000
v -3.400000 0.235000 0.525000
v -2.600000 0.005000 0.675000
v -2.600000 0.235000 0.675000
v -2.600000 0.005000 0.525000
v -2.600000 0.235000 0.525000
vn -1.0000 -0.0000 -0.0000
vn -0.0000 -0.0000 -1.0000
vn 1.0000 -0.0000 -0.0000
vn -0.0000 -0.0000 1.0000
vn -0.0000 -1.0000 -0.0000
vn -0.0000 1.0000 -0.0000
vt 0.375000 0.000000
vt 0.625000 0.000000
vt 0.625000 0.250000
vt 0.375000 0.250000
vt 0.625000 0.500000
vt 0.375000 0.500000
vt 0.625000 0.750000
vt 0.375000 0.750000
vt 0.625000 1.000000
vt 0.375000 1.000000
vt 0.125000 0.500000
vt 0.125000 0.750000
vt 0.875000 0.500000
vt 0.875000 0.750000
s 0
usemtl RoadLines
f 313/384/313 314/385/313 316/386/313 315/387/313
f 315/387/314 316/386/314 320/388/314 319/389/314
f 319/389/315 320/388/315 318/390/315 317/391/315
f 317/391/316 318/390/316 314/392/316 313/393/316
f 315/394/317 319/389/317 317/391/317 313/395/317
f 320/388/318 316/396/318 314/397/318 318/390/318
o RoadDashH_2.5
v 2.100000 0.005000 0.675000
v 2.100000 0.235000 0.675000
v 2.100000 0.005000 0.525000
v 2.100000 0.235000 0.525000
v 2.900000 0.005000 0.675000
v 2.900000 0.235000 0.675000
v 2.900000 0.005000 0.525000
v 2.900000 0.235000 0.525000
vn -1.0000 -0.0000 -0.0000
vn -0.0000 -0.0000 -1.0000
vn 1.0000 -0.0000 -0.0000
vn -0.0000 -0.0000 1.0000
vn -0.0000 -1.0000 -0.0000
vn -0.0000 1.0000 -0.0000
vt 0.375000 0.000000
vt 0.625000 0.000000
vt 0.625000 0.250000
vt 0.375000 0.250000
vt 0.625000 0.500000
vt 0.375000 0.500000
vt 0.625000 0.750000
vt 0.375000 0.750000
vt 0.625000 1.000000
vt 0.375000 1.000000
vt 0.125000 0.500000
vt 0.125000 0.750000
vt 0.875000 0.500000
vt 0.875000 0.750000
s 0
usemtl RoadLines
f 321/398/319 322/399/319 324/400/319 323/401/319
f 323/401/320 324/400/320 328/402/320 327/403/320
f 327/403/321 328/402/321 326/404/321 325/405/321
f 325/405/322 326/404/322 322/406/322 321/407/322
f 323/408/323 327/403/323 325/405/323 321/409/323
f 328/402/324 324/410/324 322/411/324 326/404/324
o RoadDashH_4.0
v 3.600000 0.005000 0.675000
v 3.600000 0.235000 0.675000
v 3.600000 0.005000 0.525000
v 3.600000 0.235000 0.525000
v 4.400000 0.005000 0.675000
v 4.400000 0.235000 0.675000
v 4.400000 0.005000 0.525000
v 4.400000 0.235000 0.525000
vn -1.0000 -0.0000 -0.0000
vn -0.0000 -0.0000 -1.0000
vn 1.0000 -0.0000 -0.0000
vn -0.0000 -0.0000 1.0000
vn -0.0000 -1.0000 -0.0000
vn -0.0000 1.0000 -0.0000
vt 0.375000 0.000000
vt 0.625000 0.000000
vt 0.625000 0.250000
vt 0.375000 0.250000
vt 0.625000 0.500000
vt 0.375000 0.500000
vt 0.625000 0.750000
vt 0.375000 0.750000
vt 0.625000 1.000000
vt 0.375000 1.000000
vt 0.125000 0.500000
vt 0.125000 0.750000
vt 0.875000 0.500000
vt 0.875000 0.750000
s 0
usemtl RoadLines
f 329/412/325 330/413/325 332/414/325 331/415/325
f 331/415/326 332/414/326 336/416/326 335/417/326
f 335/417/327 336/416/327 334/418/327 333/419/327
f 333/419/328 334/418/328 330/420/328 329/421/328
f 331/422/329 335/417/329 333/419/329 329/423/329
f 336/416/330 332/424/330 330/425/330 334/418/330
o Coffee_Body
v -4.590000 0.100000 -2.110000
v -4.590000 0.160000 -2.050000
v -4.650000 0.160000 -2.110000
v -4.590000 0.108016 -2.080040
v -4.619961 0.108016 -2.110000
v -4.618693 0.115802 -2.081307
v -4.619961 0.160000 -2.058016
v -4.590000 0.130039 -2.058016
v -4.618693 0.131307 -2.065802
v -4.641984 0.130039 -2.110000
v -4.641984 0.160000 -2.080040
v -4.634198 0.131307 -2.081307
v -4.590000 1.940000 -2.050000
v -4.590000 2.000000 -2.110000
v -4.650000 1.940000 -2.110000
v -4.590000 1.969961 -2.058016
v -4.619961 1.940000 -2.058016
v -4.618693 1.968693 -2.065802
v -4.619961 1.991984 -2.110000
v -4.590000 1.991984 -2.080040
v -4.618693 1.984198 -2.081307
v -4.641984 1.940000 -2.080040
v -4.641984 1.969961 -2.110000
v -4.634198 1.968693 -2.081307
v -4.590000 0.100000 -4.290000
v -4.650000 0.160000 -4.290000
v -4.590000 0.160000 -4.350000
v -4.619961 0.108016 -4.290000
v -4.590000 0.108016 -4.319961
v -4.618693 0.115802 -4.318693
v -4.641984 0.160000 -4.319961
v -4.641984 0.130039 -4.290000
v -4.634198 0.131307 -4.318693
v -4.590000 0.130039 -4.341984
v -4.619961 0.160000 -4.341984
v -4.618693 0.131307 -4.334198
v -4.590000 2.000000 -4.290000
v -4.590000 1.940000 -4.350000
v -4.650000 1.940000 -4.290000
v -4.590000 1.991984 -4.319961
v -4.619961 1.991984 -4.290000
v -4.618693 1.984198 -4.318693
v -4.619961 1.940000 -4.341984
v -4.590000 1.969961 -4.341984
v -4.618693 1.968693 -4.334198
v -4.641984 1.969961 -4.290000
v -4.641984 1.940000 -4.319961
v -4.634198 1.968693 -4.318693
v -2.210000 0.100000 -2.110000
v -2.150000 0.160000 -2.110000
v -2.210000 0.160000 -2.050000
v -2.180039 0.108016 -2.110000
v -2.210000 0.108016 -2.080040
v -2.181307 0.115802 -2.081307
v -2.158016 0.160000 -2.080040
v -2.158016 0.130039 -2.110000
v -2.165802 0.131307 -2.081307
v -2.210000 0.130039 -2.058016
v -2.180039 0.160000 -2.058016
v -2.181307 0.131307 -2.065802
v -2.210000 2.000000 -2.110000
v -2.210000 1.940000 -2.050000
v -2.150000 1.940000 -2.110000
v -2.210000 1.991984 -2.080040
v -2.180039 1.991984 -2.110000
v -2.181307 1.984198 -2.081307
v -2.180039 1.940000 -2.058016
v -2.210000 1.969961 -2.058016
v -2.181307 1.968693 -2.065802
v -2.158016 1.969961 -2.110000
v -2.158016 1.940000 -2.080040
v -2.165802 1.968693 -2.081307
v -2.210000 0.100000 -4.290000
v -2.210000 0.160000 -4.350000
v -2.150000 0.160000 -4.290000
v -2.210000 0.108016 -4.319961
v -2.180039 0.108016 -4.290000
v -2.181307 0.115802 -4.318693
v -2.180039 0.160000 -4.341984
v -2.210000 0.130039 -4.341984
v -2.181307 0.131307 -4.334198
v -2.158016 0.130039 -4.290000
v -2.158016 0.160000 -4.319961
v -2.165802 0.131307 -4.318693
v -2.210000 2.000000 -4.290000
v -2.150000 1.940000 -4.290000
v -2.210000 1.940000 -4.350000
v -2.180039 1.991984 -4.290000
v -2.210000 1.991984 -4.319961
v -2.181307 1.984198 -4.318693
v -2.158016 1.940000 -4.319961
v -2.158016 1.969961 -4.290000
v -2.165802 1.968693 -4.318693
v -2.210000 1.969961 -4.341984
v -2.180039 1.940000 -4.341984
v -2.181307 1.968693 -4.334198
vn -0.2566 -0.9318 0.2566
vn -0.2178 -0.6901 0.6901
vn -0.2566 -0.2566 0.9318
vn -0.6901 -0.2178 0.6901
vn -0.9318 -0.2566 0.2566
vn -0.6901 -0.6901 0.2178
vn -0.5773 -0.5773 0.5774
vn -0.2566 0.2566 0.9318
vn -0.2178 0.6901 0.6901
vn -0.2566 0.9318 0.2566
vn -0.6901 0.6901 0.2178
vn -0.9318 0.2566 0.2566
vn -0.6901 0.2178 0.6901
vn -0.5773 0.5773 0.5774
vn -0.2566 -0.9318 -0.2566
vn -0.6901 -0.6901 -0.2178
vn -0.9318 -0.2566 -0.2566
vn -0.6901 -0.2178 -0.6901
vn -0.2566 -0.2566 -0.9318
vn -0.2178 -0.6901 -0.6901
vn -0.5773 -0.5774 -0.5774
vn -0.2566 0.9318 -0.2566
vn -0.2178 0.6901 -0.6901
vn -0.2566 0.2566 -0.9318
vn -0.6901 0.2178 -0.6901
vn -0.9318 0.2566 -0.2566
vn -0.6901 0.6901 -0.2178
vn -0.5773 0.5773 -0.5774
vn 0.2566 -0.9318 0.2566
vn 0.6901 -0.6901 0.2178
vn 0.9318 -0.2566 0.2566
vn 0.6901 -0.2178 0.6901
vn 0.2566 -0.2566 0.9318
vn 0.2178 -0.6901 0.6901
vn 0.5774 -0.5774 0.5773
vn 0.2566 0.9318 0.2566
vn 0.2178 0.6901 0.6901
vn 0.2566 0.2566 0.9318
vn 0.6901 0.2178 0.6901
vn 0.9318 0.2566 0.2566
vn 0.6901 0.6901 0.2178
vn 0.5774 0.5773 0.5773
vn 0.2566 -0.9318 -0.2566
vn 0.2178 -0.6901 -0.6901
vn 0.2566 -0.2566 -0.9318
vn 0.6901 -0.2178 -0.6901
vn 0.9318 -0.2566 -0.2566
vn 0.6901 -0.6901 -0.2178
vn 0.5773 -0.5774 -0.5773
vn 0.2566 0.9318 -0.2566
vn 0.6901 0.6901 -0.2178
vn 0.9318 0.2566 -0.2566
vn 0.6901 0.2178 -0.6901
vn 0.2566 0.2566 -0.9318
vn 0.2178 0.6901 -0.6901
vn 0.5773 0.5774 -0.5773
vn -0.2585 -0.9660 -0.0000
vn -0.7071 -0.7071 -0.0000
vn -0.9660 -0.2584 -0.0000
vn -0.2585 -0.0000 0.9660
vn -0.7071 -0.0000 0.7071
vn -0.9660 -0.0000 0.2585
vn -0.2585 0.9660 -0.0000
vn -0.7071 0.7071 -0.0000
vn -0.9660 0.2584 -0.0000
vn -0.2584 -0.0000 -0.9660
vn -0.7071 -0.0000 -0.7071
vn -0.9660 -0.0000 -0.2585
vn -0.0000 -0.9660 -0.2585
vn -0.0000 -0.7071 -0.7071
vn -0.0000 -0.2585 -0.9660
vn -0.0000 0.9660 -0.2585
vn -0.0000 0.7071 -0.7071
vn -0.0000 0.2585 -0.9660
vn 0.9660 -0.0000 -0.2585
vn 0.7071 -0.0000 -0.7071
vn 0.2584 -0.0000 -0.9660
vn 0.2585 -0.9660 -0.0000
vn 0.7071 -0.7071 -0.0000
vn 0.9660 -0.2585 -0.0000
vn 0.2585 0.9660 -0.0000
vn 0.7071 0.7071 -0.0000
vn 0.9660 0.2585 -0.0000
vn 0.2585 -0.0000 0.9660
vn 0.7071 -0.0000 0.7071
vn 0.9660 -0.0000 0.2585
vn -0.0000 -0.9660 0.2585
vn -0.0000 -0.7071 0.7071
vn -0.0000 -0.2585 0.9660
vn -0.0000 0.9660 0.2585
vn -0.0000 0.7071 0.7071
vn -0.0000 0.2585 0.9660
vn -0.0000 -1.0000 -0.0000
vn -1.0000 -0.0000 -0.0000
vn -0.0000 -0.0000 1.0000
vn -0.0000 1.0000 -0.0000
vn -0.0000 -0.0000 -1.0000
vn 1.0000 -0.0000 -0.0000
vt 0.131000 0.743478
vt 0.131000 0.746735
vt 0.128131 0.746597
vt 0.128004 0.743478
vt 0.131000 0.750000
vt 0.128131 0.750000
vt 0.382895 0.994000
vt 0.382895 1.000000
vt 0.375000 0.996869
vt 0.375000 0.994000
vt 0.382895 0.000000
vt 0.382895 0.003265
vt 0.375000 0.003403
vt 0.375000 0.000000
vt 0.382895 0.006522
vt 0.375000 0.006522
vt 0.125000 0.743478
vt 0.125000 0.746597
vt 0.617105 0.994000
vt 0.621047 0.994000
vt 0.620881 1.000000
vt 0.617105 1.000000
vt 0.625000 0.994000
vt 0.625000 1.000000
vt 0.869000 0.743478
vt 0.875000 0.743478
vt 0.875000 0.746597
vt 0.869000 0.750000
vt 0.625000 0.006522
vt 0.621047 0.006522
vt 0.620881 0.003403
vt 0.625000 0.003403
vt 0.617105 0.006522
vt 0.617105 0.003265
vt 0.617105 0.000000
vt 0.620881 0.000000
vt 0.131000 0.506522
vt 0.128004 0.506522
vt 0.128131 0.503403
vt 0.131000 0.503265
vt 0.125000 0.506522
vt 0.125000 0.503403
vt 0.382895 0.243478
vt 0.382895 0.246735
vt 0.375000 0.246597
vt 0.375000 0.243478
vt 0.382895 0.253004
vt 0.375000 0.253131
vt 0.382895 0.256000
vt 0.375000 0.256000
vt 0.131000 0.500000
vt 0.128131 0.500000
vt 0.869000 0.506522
vt 0.869000 0.500000
vt 0.875000 0.503403
vt 0.875000 0.506522
vt 0.625000 0.256000
vt 0.621047 0.256000
vt 0.620881 0.251919
vt 0.625000 0.247731
vt 0.617105 0.256000
vt 0.617105 0.253004
vt 0.617105 0.246735
vt 0.620881 0.246597
vt 0.617105 0.243478
vt 0.621047 0.243478
vt 0.625000 0.243478
vt 0.369000 0.743478
vt 0.371996 0.743478
vt 0.371869 0.746597
vt 0.369000 0.746735
vt 0.378953 0.743478
vt 0.377694 0.746597
vt 0.382895 0.743478
vt 0.382895 0.746735
vt 0.382895 0.753004
vt 0.373435 0.751565
vt 0.382895 0.756000
vt 0.372000 0.753000
vt 0.631000 0.743478
vt 0.628000 0.753000
vt 0.626565 0.751565
vt 0.628004 0.743478
vt 0.621047 0.756000
vt 0.620881 0.753131
vt 0.617105 0.756000
vt 0.617105 0.753004
vt 0.617105 0.746735
vt 0.620881 0.747843
vt 0.617105 0.743478
vt 0.621047 0.743478
vt 0.369000 0.506522
vt 0.369000 0.503265
vt 0.371869 0.503403
vt 0.371996 0.506522
vt 0.372000 0.497000
vt 0.373435 0.498435
vt 0.382895 0.494000
vt 0.382895 0.496996
vt 0.382895 0.503265
vt 0.377694 0.503403
vt 0.382895 0.506522
vt 0.378953 0.506522
vt 0.631000 0.506522
vt 0.628004 0.506522
vt 0.626565 0.498435
vt 0.628000 0.497000
vt 0.621047 0.506522
vt 0.620881 0.502157
vt 0.617105 0.506522
vt 0.617105 0.503265
vt 0.617105 0.496996
vt 0.620881 0.496869
vt 0.617105 0.494000
vt 0.621047 0.494000
s 0
usemtl CoffeeBrick
f 337/426/331 340/427/331 342/428/331 341/429/331
f 340/427/332 344/430/332 345/431/332 342/428/332
f 338/432/333 343/433/333 345/434/333 344/435/333
f 343/436/334 347/437/334 348/438/334 345/439/334
f 339/440/335 346/441/335 348/438/335 347/437/335
f 346/442/336 341/429/336 342/428/336 348/443/336
f 342/428/337 345/431/337 348/443/337
f 349/444/338 352/445/338 354/446/338 353/447/338
f 352/445/339 356/448/339 357/449/339 354/446/339
f 350/450/340 355/451/340 357/452/340 356/453/340
f 355/454/341 359/455/341 360/456/341 357/457/341
f 351/458/342 358/459/342 360/456/342 359/455/342
f 358/459/343 353/460/343 354/461/343 360/456/343
f 354/461/344 357/457/344 360/456/344
f 361/462/345 364/463/345 366/464/345 365/465/345
f 364/463/346 368/466/346 369/467/346 366/464/346
f 362/468/347 367/469/347 369/470/347 368/471/347
f 367/469/348 371/472/348 372/473/348 369/470/348
f 363/474/349 370/475/349 372/473/349 371/472/349
f 370/476/350 365/465/350 366/464/350 372/477/350
f 366/464/351 369/467/351 372/477/351
f 373/478/352 376/479/352 378/480/352 377/481/352
f 376/482/353 380/483/353 381/484/353 378/485/353
f 374/486/354 379/487/354 381/484/354 380/483/354
f 379/487/355 383/488/355 384/489/355 381/484/355
f 375/490/356 382/491/356 384/489/356 383/488/356
f 382/491/357 377/492/357 378/485/357 384/489/357
f 378/485/358 381/484/358 384/489/358
f 385/493/359 388/494/359 390/495/359 389/496/359
f 388/494/360 392/497/360 393/498/360 390/495/360
f 386/499/361 391/500/361 393/498/361 392/497/361
f 391/500/362 395/501/362 396/502/362 393/498/362
f 387/503/363 394/504/363 396/502/363 395/501/363
f 394/504/364 389/496/364 390/495/364 396/502/364
f 390/495/365 393/498/365 396/502/365
f 397/505/366 400/506/366 402/507/366 401/508/366
f 400/506/367 404/509/367 405/510/367 402/507/367
f 398/511/368 403/512/368 405/510/368 404/509/368
f 403/512/369 407/513/369 408/514/369 405/510/369
f 399/515/370 406/516/370 408/514/370 407/513/370
f 406/516/371 401/508/371 402/507/371 408/514/371
f 402/507/372 405/510/372 408/514/372
f 409/517/373 412/518/373 414/519/373 413/520/373
f 412/518/374 416/521/374 417/522/374 414/519/374
f 410/523/375 415/524/375 417/522/375 416/521/375
f 415/524/376 419/525/376 420/526/376 417/522/376
f 411/527/377 418/528/377 420/526/377 419/525/377
f 418/528/378 413/520/378 414/519/378 420/526/378
f 414/519/379 417/522/379 420/526/379
f 421/529/380 424/530/380 426/531/380 425/532/380
f 424/530/381 428/533/381 429/534/381 426/531/381
f 422/535/382 427/536/382 429/534/382 428/533/382
f 427/536/383 431/537/383 432/538/383 429/534/383
f 423/539/384 430/540/384 432/538/384 431/537/384
f 430/540/385 425/532/385 426/531/385 432/538/385
f 426/531/386 429/534/386 432/538/386
f 361/462/387 337/426/387 341/429/387 364/463/387
f 364/463/388 341/429/388 346/442/388 368/466/388
f 368/471/389 346/441/389 339/440/389 362/468/389
f 338/432/390 349/444/390 353/447/390 343/433/390
f 343/436/391 353/460/391 358/459/391 347/437/391
f 347/437/392 358/459/392 351/458/392 339/440/392
f 350/450/393 373/478/393 377/481/393 355/451/393
f 355/454/394 377/492/394 382/491/394 359/455/394
f 359/455/395 382/491/395 375/490/395 351/458/395
f 374/486/396 363/474/396 371/472/396 379/487/396
f 379/487/397 371/472/397 367/469/397 383/488/397
f 383/488/398 367/469/398 362/468/398 375/490/398
f 409/517/399 361/462/399 365/465/399 412/518/399
f 412/518/400 365/465/400 370/476/400 416/521/400
f 416/521/401 370/475/401 363/474/401 410/523/401
f 373/478/402 421/529/402 425/532/402 376/479/402
f 376/482/403 425/532/403 430/540/403 380/483/403
f 380/483/404 430/540/404 423/539/404 374/486/404
f 422/535/405 411/527/405 419/525/405 427/536/405
f 427/536/406 419/525/406 415/524/406 431/537/406
f 431/537/407 415/524/407 410/523/407 423/539/407
f 385/493/408 409/517/408 413/520/408 388/494/408
f 388/494/409 413/520/409 418/528/409 392/497/409
f 392/497/410 418/528/410 411/527/410 386/499/410
f 421/529/411 397/505/411 401/508/411 424/530/411
f 424/530/412 401/508/412 406/516/412 428/533/412
f 428/533/413 406/516/413 399/515/413 422/535/413
f 398/511/414 387/503/414 395/501/414 403/512/414
f 403/512/415 395/501/415 391/500/415 407/513/415
f 407/513/416 391/500/416 386/499/416 399/515/416
f 337/426/417 385/493/417 389/496/417 340/427/417
f 340/427/418 389/496/418 394/504/418 344/430/418
f 344/435/419 394/504/419 387/503/419 338/432/419
f 397/505/420 350/450/420 356/453/420 400/506/420
f 400/506/421 356/448/421 352/445/421 404/509/421
f 404/509/422 352/445/422 349/444/422 398/511/422
f 361/462/423 409/517/423 385/493/423 337/426/423
f 339/440/424 351/458/424 375/490/424 362/468/424
f 387/503/425 398/511/425 349/444/425 338/432/425
f 421/529/426 373/478/426 350/450/426 397/505/426
f 363/474/427 374/486/427 423/539/427 410/523/427
f 411/527/428 422/535/428 399/515/428 386/499/428
o Coffee_Roof
v -4.700000 1.950000 -2.000000
v -4.700000 2.000000 -1.950000
v -4.750000 2.000000 -2.000000
v -4.700000 1.956680 -1.975033
v -4.724967 1.956680 -2.000000
v -4.723910 1.963168 -1.976089
v -4.724967 2.000000 -1.956680
v -4.700000 1.975033 -1.956680
v -4.723910 1.976089 -1.963168
v -4.743320 1.975033 -2.000000
v -4.743320 2.000000 -1.975033
v -4.736832 1.976089 -1.976089
v -4.700000 2.300000 -1.950000
v -4.700000 2.350000 -2.000000
v -4.750000 2.300000 -2.000000
v -4.700000 2.324967 -1.956680
v -4.724967 2.300000 -1.956680
v -4.723910 2.323911 -1.963168
v -4.724967 2.343320 -2.000000
v -4.700000 2.343320 -1.975033
v -4.723910 2.336832 -1.976089
v -4.743320 2.300000 -1.975033
v -4.743320 2.324967 -2.000000
v -4.736832 2.323911 -1.976089
v -4.700000 1.950000 -4.400000
v -4.750000 2.000000 -4.400000
v -4.700000 2.000000 -4.450000
v -4.724967 1.956680 -4.400000
v -4.700000 1.956680 -4.424967
v -4.723910 1.963168 -4.423910
v -4.743320 2.000000 -4.424967
v -4.743320 1.975033 -4.400000
v -4.736832 1.976089 -4.423910
v -4.700000 1.975033 -4.443320
v -4.724967 2.000000 -4.443320
v -4.723910 1.976089 -4.436831
v -4.700000 2.350000 -4.400000
v -4.700000 2.300000 -4.450000
v -4.750000 2.300000 -4.400000
v -4.700000 2.343320 -4.424967
v -4.724967 2.343320 -4.400000
v -4.723910 2.336832 -4.423910
v -4.724967 2.300000 -4.443320
v -4.700000 2.324967 -4.443320
v -4.723910 2.323911 -4.436831
v -4.743320 2.324967 -4.400000
v -4.743320 2.300000 -4.424967
v -4.736832 2.323911 -4.423910
v -2.100000 1.950000 -2.000000
v -2.050000 2.000000 -2.000000
v -2.100000 2.000000 -1.950000
v -2.075033 1.956680 -2.000000
v -2.100000 1.956680 -1.975033
v -2.076090 1.963168 -1.976089
v -2.056680 2.000000 -1.975033
v -2.056680 1.975033 -2.000000
v -2.063169 1.976089 -1.976089
v -2.100000 1.975033 -1.956680
v -2.075033 2.000000 -1.956680
v -2.076090 1.976089 -1.963168
v -2.100000 2.350000 -2.000000
v -2.100000 2.300000 -1.950000
v -2.050000 2.300000 -2.000000
v -2.100000 2.343320 -1.975033
v -2.075033 2.343320 -2.000000
v -2.076090 2.336832 -1.976089
v -2.075033 2.300000 -1.956680
v -2.100000 2.324967 -1.956680
v -2.076090 2.323911 -1.963168
v -2.056680 2.324967 -2.000000
v -2.056680 2.300000 -1.975033
v -2.063169 2.323911 -1.976089
v -2.100000 1.950000 -4.400000
v -2.100000 2.000000 -4.450000
v -2.050000 2.000000 -4.400000
v -2.100000 1.956680 -4.424967
v -2.075033 1.956680 -4.400000
v -2.076090 1.963168 -4.423910
v -2.075033 2.000000 -4.443320
v -2.100000 1.975033 -4.443320
v -2.076090 1.976089 -4.436831
v -2.056680 1.975033 -4.400000
v -2.056680 2.000000 -4.424967
v -2.063169 1.976089 -4.423910
v -2.100000 2.350000 -4.400000
v -2.050000 2.300000 -4.400000
v -2.100000 2.300000 -4.450000
v -2.075033 2.343320 -4.400000
v -2.100000 2.343320 -4.424967
v -2.076090 2.336832 -4.423910
v -2.056680 2.300000 -4.424967
v -2.056680 2.324967 -4.400000
v -2.063169 2.323911 -4.423910
v -2.100000 2.324967 -4.443320
v -2.075033 2.300000 -4.443320
v -2.076090 2.323911 -4.436831
vn -0.2566 -0.9318 0.2566
vn -0.2178 -0.6901 0.6901
vn -0.2566 -0.2566 0.9318
vn -0.6901 -0.2178 0.6901
vn -0.9318 -0.2566 0.2566
vn -0.6901 -0.6901 0.2178
vn -0.5774 -0.5774 0.5773
vn -0.2566 0.2566 0.9318
vn -0.2178 0.6901 0.6901
vn -0.2566 0.9318 0.2566
vn -0.6901 0.6901 0.2178
vn -0.9318 0.2566 0.2566
vn -0.6901 0.2178 0.6901
vn -0.5774 0.5774 0.5773
vn -0.2566 -0.9318 -0.2566
vn -0.6901 -0.6901 -0.2178
vn -0.9318 -0.2566 -0.2566
vn -0.6901 -0.2178 -0.6901
vn -0.2566 -0.2566 -0.9318
vn -0.2178 -0.6901 -0.6901
vn -0.5774 -0.5774 -0.5773
vn -0.2566 0.9318 -0.2566
vn -0.2178 0.6901 -0.6901
vn -0.2566 0.2566 -0.9318
vn -0.6901 0.2178 -0.6901
vn -0.9318 0.2566 -0.2566
vn -0.6901 0.6901 -0.2178
vn -0.5774 0.5774 -0.5773
vn 0.2566 -0.9318 0.2566
vn 0.6901 -0.6901 0.2178
vn 0.9318 -0.2566 0.2566
vn 0.6901 -0.2178 0.6901
vn 0.2566 -0.2566 0.9318
vn 0.2178 -0.6901 0.6901
vn 0.5774 -0.5774 0.5774
vn 0.2566 0.9318 0.2566
vn 0.2178 0.6901 0.6901
vn 0.2566 0.2566 0.9318
vn 0.6901 0.2178 0.6901
vn 0.9318 0.2566 0.2566
vn 0.6901 0.6901 0.2178
vn 0.5774 0.5774 0.5773
vn 0.2566 -0.9318 -0.2566
vn 0.2178 -0.6901 -0.6901
vn 0.2566 -0.2566 -0.9318
vn 0.6901 -0.2178 -0.6901
vn 0.9318 -0.2566 -0.2566
vn 0.6901 -0.6901 -0.2178
vn 0.5774 -0.5774 -0.5773
vn 0.2566 0.9318 -0.2566
vn 0.6901 0.6901 -0.2178
vn 0.9318 0.2566 -0.2566
vn 0.6901 0.2178 -0.6901
vn 0.2566 0.2566 -0.9318
vn 0.2178 0.6901 -0.6901
vn 0.5774 0.5774 -0.5773
vn -0.2584 -0.9660 -0.0000
vn -0.7071 -0.7071 -0.0000
vn -0.9660 -0.2585 -0.0000
vn -0.2584 -0.0000 0.9660
vn -0.7071 -0.0000 0.7071
vn -0.9660 -0.0000 0.2585
vn -0.2585 0.9660 -0.0000
vn -0.7071 0.7071 -0.0000
vn -0.9660 0.2585 -0.0000
vn -0.2585 -0.0000 -0.9660
vn -0.7071 -0.0000 -0.7071
vn -0.9660 -0.0000 -0.2585
vn -0.0000 -0.9660 -0.2584
vn -0.0000 -0.7071 -0.7071
vn -0.0000 -0.2585 -0.9660
vn -0.0000 0.9660 -0.2585
vn -0.0000 0.7071 -0.7071
vn -0.0000 0.2585 -0.9660
vn 0.9660 -0.0000 -0.2585
vn 0.7071 -0.0000 -0.7071
vn 0.2585 -0.0000 -0.9660
vn 0.2585 -0.9660 -0.0000
vn 0.7071 -0.7071 -0.0000
vn 0.9660 -0.2585 -0.0000
vn 0.2585 0.9660 -0.0000
vn 0.7071 0.7071 -0.0000
vn 0.9660 0.2585 -0.0000
vn 0.2584 -0.0000 0.9660
vn 0.7071 -0.0000 0.7071
vn 0.9660 -0.0000 0.2585
vn -0.0000 -0.9660 0.2584
vn -0.0000 -0.7071 0.7071
vn -0.0000 -0.2584 0.9660
vn -0.0000 0.9660 0.2585
vn -0.0000 0.7071 0.7071
vn -0.0000 0.2584 0.9660
vn -0.0000 -1.0000 -0.0000
vn -1.0000 -0.0000 -0.0000
vn -0.0000 -0.0000 1.0000
vn -0.0000 1.0000 -0.0000
vn -0.0000 -0.0000 -1.0000
vn 1.0000 -0.0000 -0.0000
vt 0.129630 0.745000
vt 0.129630 0.747497
vt 0.127416 0.747391
vt 0.127318 0.745000
vt 0.129630 0.750000
vt 0.127416 0.750000
vt 0.406250 0.995370
vt 0.406250 1.000000
vt 0.375000 0.997584
vt 0.375000 0.995370
vt 0.406250 0.000000
vt 0.406250 0.002503
vt 0.375000 0.002609
vt 0.375000 0.000000
vt 0.406250 0.005000
vt 0.375000 0.005000
vt 0.125000 0.745000
vt 0.125000 0.747391
vt 0.593750 0.995370
vt 0.609355 0.995370
vt 0.608694 1.000000
vt 0.593750 1.000000
vt 0.625000 0.995370
vt 0.625000 1.000000
vt 0.870370 0.745000
vt 0.875000 0.745000
vt 0.875000 0.747391
vt 0.870370 0.750000
vt 0.625000 0.005000
vt 0.609355 0.005000
vt 0.608694 0.002609
vt 0.625000 0.002609
vt 0.593750 0.005000
vt 0.593750 0.002503
vt 0.593750 0.000000
vt 0.608694 0.000000
vt 0.129630 0.505000
vt 0.127318 0.505000
vt 0.127416 0.502609
vt 0.129630 0.502503
vt 0.125000 0.505000
vt 0.125000 0.502609
vt 0.406250 0.245000
vt 0.406250 0.247497
vt 0.375000 0.247391
vt 0.375000 0.245000
vt 0.406250 0.252318
vt 0.375000 0.252416
vt 0.406250 0.254630
vt 0.375000 0.254630
vt 0.129630 0.500000
vt 0.127416 0.500000
vt 0.870370 0.505000
vt 0.870370 0.500000
vt 0.875000 0.502609
vt 0.875000 0.505000
vt 0.625000 0.254630
vt 0.609355 0.254630
vt 0.608694 0.251483
vt 0.625000 0.248261
vt 0.593750 0.254630
vt 0.593750 0.252318
vt 0.593750 0.247497
vt 0.608694 0.247391
vt 0.593750 0.245000
vt 0.609354 0.245000
vt 0.625000 0.245000
vt 0.370370 0.745000
vt 0.372682 0.745000
vt 0.372584 0.747391
vt 0.370370 0.747497
vt 0.390645 0.745000
vt 0.386925 0.747391
vt 0.406250 0.745000
vt 0.406250 0.747497
vt 0.406250 0.752318
vt 0.373792 0.751208
vt 0.406250 0.754630
vt 0.372685 0.752315
vt 0.629630 0.745000
vt 0.627315 0.752315
vt 0.626208 0.751208
vt 0.627318 0.745000
vt 0.609354 0.754630
vt 0.608694 0.752416
vt 0.593750 0.754630
vt 0.593750 0.752318
vt 0.593750 0.747497
vt 0.608694 0.748348
vt 0.593750 0.745000
vt 0.609355 0.745000
vt 0.370370 0.505000
vt 0.370370 0.502503
vt 0.372584 0.502609
vt 0.372682 0.505000
vt 0.372685 0.497685
vt 0.373792 0.498792
vt 0.406250 0.495370
vt 0.406250 0.497682
vt 0.406250 0.502503
vt 0.386925 0.502609
vt 0.406250 0.505000
vt 0.390645 0.505000
vt 0.629630 0.505000
vt 0.627318 0.505000
vt 0.626208 0.498792
vt 0.627315 0.497685
vt 0.609354 0.505000
vt 0.608694 0.501652
vt 0.593750 0.505000
vt 0.593750 0.502503
vt 0.593750 0.497682
vt 0.608694 0.497584
vt 0.593750 0.495370
vt 0.609355 0.495370
s 0
usemtl RoofDark
f 433/541/429 436/542/429 438/543/429 437/544/429
f 436/542/430 440/545/430 441/546/430 438/543/430
f 434/547/431 439/548/431 441/549/431 440/550/431
f 439/551/432 443/552/432 444/553/432 441/554/432
f 435/555/433 442/556/433 444/553/433 443/552/433
f 442/557/434 437/544/434 438/543/434 444/558/434
f 438/543/435 441/546/435 444/558/435
f 445/559/436 448/560/436 450/561/436 449/562/436
f 448/560/437 452/563/437 453/564/437 450/561/437
f 446/565/438 451/566/438 453/567/438 452/568/438
f 451/569/439 455/570/439 456/571/439 453/572/439
f 447/573/440 454/574/440 456/571/440 455/570/440
f 454/574/441 449/575/441 450/576/441 456/571/441
f 450/576/442 453/572/442 456/571/442
f 457/577/443 460/578/443 462/579/443 461/580/443
f 460/578/444 464/581/444 465/582/444 462/579/444
f 458/583/445 463/584/445 465/585/445 464/586/445
f 463/584/446 467/587/446 468/588/446 465/585/446
f 459/589/447 466/590/447 468/588/447 467/587/447
f 466/591/448 461/580/448 462/579/448 468/592/448
f 462/579/449 465/582/449 468/592/449
f 469/593/450 472/594/450 474/595/450 473/596/450
f 472/597/451 476/598/451 477/599/451 474/600/451
f 470/601/452 475/602/452 477/599/452 476/598/452
f 475/602/453 479/603/453 480/604/453 477/599/453
f 471/605/454 478/606/454 480/604/454 479/603/454
f 478/606/455 473/607/455 474/600/455 480/604/455
f 474/600/456 477/599/456 480/604/456
f 481/608/457 484/609/457 486/610/457 485/611/457
f 484/609/458 488/612/458 489/613/458 486/610/458
f 482/614/459 487/615/459 489/613/459 488/612/459
f 487/615/460 491/616/460 492/617/460 489/613/460
f 483/618/461 490/619/461 492/617/461 491/616/461
f 490/619/462 485/611/462 486/610/462 492/617/462
f 486/610/463 489/613/463 492/617/463
f 493/620/464 496/621/464 498/622/464 497/623/464
f 496/621/465 500/624/465 501/625/465 498/622/465
f 494/626/466 499/627/466 501/625/466 500/624/466
f 499/627/467 503/628/467 504/629/467 501/625/467
f 495/630/468 502/631/468 504/629/468 503/628/468
f 502/631/469 497/623/469 498/622/469 504/629/469
f 498/622/470 501/625/470 504/629/470
f 505/632/471 508/633/471 510/634/471 509/635/471
f 508/633/472 512/636/472 513/637/472 510/634/472
f 506/638/473 511/639/473 513/637/473 512/636/473
f 511/639/474 515/640/474 516/641/474 513/637/474
f 507/642/475 514/643/475 516/641/475 515/640/475
f 514/643/476 509/635/476 510/634/476 516/641/476
f 510/634/477 513/637/477 516/641/477
f 517/644/478 520/645/478 522/646/478 521/647/478
f 520/645/479 524/648/479 525/649/479 522/646/479
f 518/650/480 523/651/480 525/649/480 524/648/480
f 523/651/481 527/652/481 528/653/481 525/649/481
f 519/654/482 526/655/482 528/653/482 527/652/482
f 526/655/483 521/647/483 522/646/483 528/653/483
f 522/646/484 525/649/484 528/653/484
f 457/577/485 433/541/485 437/544/485 460/578/485
f 460/578/486 437/544/486 442/557/486 464/581/486
f 464/586/487 442/556/487 435/555/487 458/583/487
f 434/547/488 445/559/488 449/562/488 439/548/488
f 439/551/489 449/575/489 454/574/489 443/552/489
f 443/552/490 454/574/490 447/573/490 435/555/490
f 446/565/491 469/593/491 473/596/491 451/566/491
f 451/569/492 473/607/492 478/606/492 455/570/492
f 455/570/493 478/606/493 471/605/493 447/573/493
f 470/601/494 459/589/494 467/587/494 475/602/494
f 475/602/495 467/587/495 463/584/495 479/603/495
f 479/603/496 463/584/496 458/583/496 471/605/496
f 505/632/497 457/577/497 461/580/497 508/633/497
f 508/633/498 461/580/498 466/591/498 512/636/498
f 512/636/499 466/590/499 459/589/499 506/638/499
f 469/593/500 517/644/500 521/647/500 472/594/500
f 472/597/501 521/647/501 526/655/501 476/598/501
f 476/598/502 526/655/502 519/654/502 470/601/502
f 518/650/503 507/642/503 515/640/503 523/651/503
f 523/651/504 515/640/504 511/639/504 527/652/504
f 527/652/505 511/639/505 506/638/505 519/654/505
f 481/608/506 505/632/506 509/635/506 484/609/506
f 484/609/507 509/635/507 514/643/507 488/612/507
f 488/612/508 514/643/508 507/642/508 482/614/508
f 517/644/509 493/620/509 497/623/509 520/645/509
f 520/645/510 497/623/510 502/631/510 524/648/510
f 524/648/511 502/631/511 495/630/511 518/650/511
f 494/626/512 483/618/512 491/616/512 499/627/512
f 499/627/513 491/616/513 487/615/513 503/628/513
f 503/628/514 487/615/514 482/614/514 495/630/514
f 433/541/515 481/608/515 485/611/515 436/542/515
f 436/542/516 485/611/516 490/619/516 440/545/516
f 440/550/517 490/619/517 483/618/517 434/547/517
f 493/620/518 446/565/518 452/568/518 496/621/518
f 496/621/519 452/563/519 448/560/519 500/624/519
f 500/624/520 448/560/520 445/559/520 494/626/520
f 457/577/521 505/632/521 481/608/521 433/541/521
f 435/555/522 447/573/522 471/605/522 458/583/522
f 483/618/523 494/626/523 445/559/523 434/547/523
f 517/644/524 469/593/524 446/565/524 493/620/524
f 459/589/525 470/601/525 519/654/525 506/638/525
f 507/642/526 518/650/526 495/630/526 482/614/526
o Coffee_Awning1
v -4.450000 1.245572 -1.548101
v -4.450000 1.361483 -1.579159
v -4.450000 1.038517 -2.320841
v -4.450000 1.154428 -2.351899
v -2.350000 1.245572 -1.548101
v -2.350000 1.361483 -1.579159
v -2.350000 1.038517 -2.320841
v -2.350000 1.154428 -2.351899
vn -1.0000 -0.0000 -0.0000
vn -0.0000 -0.2588 -0.9659
vn 1.0000 -0.0000 -0.0000
vn -0.0000 0.2588 0.9659
vn -0.0000 -0.9659 0.2588
vn -0.0000 0.9659 -0.2588
vt 0.375000 0.000000
vt 0.625000 0.000000
vt 0.625000 0.250000
vt 0.375000 0.250000
vt 0.625000 0.500000
vt 0.375000 0.500000
vt 0.625000 0.750000
vt 0.375000 0.750000
vt 0.625000 1.000000
vt 0.375000 1.000000
vt 0.125000 0.500000
vt 0.125000 0.750000
vt 0.875000 0.500000
vt 0.875000 0.750000
s 0
usemtl AwningAmber
f 529/656/527 530/657/527 532/658/527 531/659/527
f 531/659/528 532/658/528 536/660/528 535/661/528
f 535/661/529 536/660/529 534/662/529 533/663/529
f 533/663/530 534/662/530 530/664/530 529/665/530
f 531/666/531 535/661/531 533/663/531 529/667/531
f 536/660/532 532/668/532 530/669/532 534/662/532
o Coffee_Window
v -4.300000 0.450000 -1.990000
v -4.300000 1.450000 -1.990000
v -4.300000 0.450000 -2.090000
v -4.300000 1.450000 -2.090000
v -2.500000 0.450000 -1.990000
v -2.500000 1.450000 -1.990000
v -2.500000 0.450000 -2.090000
v -2.500000 1.450000 -2.090000
vn -1.0000 -0.0000 -0.0000
vn -0.0000 -0.0000 -1.0000
vn 1.0000 -0.0000 -0.0000
vn -0.0000 -0.0000 1.0000
vn -0.0000 -1.0000 -0.0000
vn -0.0000 1.0000 -0.0000
vt 0.375000 0.000000
vt 0.625000 0.000000
vt 0.625000 0.250000
vt 0.375000 0.250000
vt 0.625000 0.500000
vt 0.375000 0.500000
vt 0.625000 0.750000
vt 0.375000 0.750000
vt 0.625000 1.000000
vt 0.375000 1.000000
vt 0.125000 0.500000
vt 0.125000 0.750000
vt 0.875000 0.500000
vt 0.875000 0.750000
s 0
usemtl WindowGlow
f 537/670/533 538/671/533 540/672/533 539/673/533
f 539/673/534 540/672/534 544/674/534 543/675/534
f 543/675/535 544/674/535 542/676/535 541/677/535
f 541/677/536 542/676/536 538/678/536 537/679/536
f 539/680/537 543/675/537 541/677/537 537/681/537
f 544/674/538 540/682/538 538/683/538 542/676/538
o Coffee_Chimney
v -2.825000 2.050000 -3.575000
v -2.825000 2.950000 -3.575000
v -2.825000 2.050000 -4.025000
v -2.825000 2.950000 -4.025000
v -2.375000 2.050000 -3.575000
v -2.375000 2.950000 -3.575000
v -2.375000 2.050000 -4.025000
v -2.375000 2.950000 -4.025000
vn -1.0000 -0.0000 -0.0000
vn -0.0000 -0.0000 -1.0000
vn 1.0000 -0.0000 -0.0000
vn -0.0000 -0.0000 1.0000
vn -0.0000 -1.0000 -0.0000
vn -0.0000 1.0000 -0.0000
vt 0.375000 0.000000
vt 0.625000 0.000000
vt 0.625000 0.250000
vt 0.375000 0.250000
vt 0.625000 0.500000
vt 0.375000 0.500000
vt 0.625000 0.750000
vt 0.375000 0.750000
vt 0.625000 1.000000
vt 0.375000 1.000000
vt 0.125000 0.500000
vt 0.125000 0.750000
vt 0.875000 0.500000
vt 0.875000 0.750000
s 0
usemtl CoffeeBrick
f 545/684/539 546/685/539 548/686/539 547/687/539
f 547/687/540 548/686/540 552/688/540 551/689/540
f 551/689/541 552/688/541 550/690/541 549/691/541
f 549/691/542 550/690/542 546/692/542 545/693/542
f 547/694/543 551/689/543 549/691/543 545/695/543
f 552/688/544 548/696/544 546/697/544 550/690/544
o Nest_Floor1
v 2.010000 0.100000 -1.910000
v 2.010000 0.160000 -1.850000
v 1.950000 0.160000 -1.910000
v 2.010000 0.108016 -1.880039
v 1.980039 0.108016 -1.910000
v 1.981307 0.115802 -1.881307
v 1.980039 0.160000 -1.858016
v 2.010000 0.130039 -1.858016
v 1.981307 0.131307 -1.865802
v 1.958016 0.130039 -1.910000
v 1.958016 0.160000 -1.880039
v 1.965802 0.131307 -1.881307
v 2.010000 1.940000 -1.850000
v 2.010000 2.000000 -1.910000
v 1.950000 1.940000 -1.910000
v 2.010000 1.969961 -1.858016
v 1.980039 1.940000 -1.858016
v 1.981307 1.968693 -1.865802
v 1.980039 1.991984 -1.910000
v 2.010000 1.991984 -1.880039
v 1.981307 1.984198 -1.881307
v 1.958016 1.940000 -1.880039
v 1.958016 1.969961 -1.910000
v 1.965802 1.968693 -1.881307
v 2.010000 0.100000 -4.490000
v 1.950000 0.160000 -4.490000
v 2.010000 0.160000 -4.550000
v 1.980039 0.108016 -4.490000
v 2.010000 0.108016 -4.519961
v 1.981308 0.115802 -4.518693
v 1.958016 0.160000 -4.519961
v 1.958016 0.130039 -4.490000
v 1.965802 0.131307 -4.518693
v 2.010000 0.130039 -4.541985
v 1.980039 0.160000 -4.541985
v 1.981308 0.131307 -4.534198
v 2.010000 2.000000 -4.490000
v 2.010000 1.940000 -4.550000
v 1.950000 1.940000 -4.490000
v 2.010000 1.991984 -4.519961
v 1.980039 1.991984 -4.490000
v 1.981307 1.984198 -4.518693
v 1.980039 1.940000 -4.541985
v 2.010000 1.969961 -4.541985
v 1.981307 1.968693 -4.534198
v 1.958016 1.969961 -4.490000
v 1.958016 1.940000 -4.519961
v 1.965802 1.968693 -4.518693
v 4.590000 0.100000 -1.910000
v 4.650000 0.160000 -1.910000
v 4.590000 0.160000 -1.850000
v 4.619961 0.108016 -1.910000
v 4.590000 0.108016 -1.880039
v 4.618693 0.115802 -1.881307
v 4.641984 0.160000 -1.880039
v 4.641984 0.130039 -1.910000
v 4.634198 0.131307 -1.881307
v 4.590000 0.130039 -1.858016
v 4.619961 0.160000 -1.858016
v 4.618693 0.131307 -1.865802
v 4.590000 2.000000 -1.910000
v 4.590000 1.940000 -1.850000
v 4.650000 1.940000 -1.910000
v 4.590000 1.991984 -1.880039
v 4.619961 1.991984 -1.910000
v 4.618693 1.984198 -1.881307
v 4.619961 1.940000 -1.858016
v 4.590000 1.969961 -1.858016
v 4.618693 1.968693 -1.865802
v 4.641984 1.969961 -1.910000
v 4.641984 1.940000 -1.880039
v 4.634198 1.968693 -1.881307
v 4.590000 0.100000 -4.490000
v 4.590000 0.160000 -4.550000
v 4.650000 0.160000 -4.490000
v 4.590000 0.108016 -4.519961
v 4.619961 0.108016 -4.490000
v 4.618693 0.115802 -4.518693
v 4.619961 0.160000 -4.541985
v 4.590000 0.130039 -4.541985
v 4.618693 0.131307 -4.534198
v 4.641984 0.130039 -4.490000
v 4.641984 0.160000 -4.519961
v 4.634198 0.131307 -4.518693
v 4.590000 2.000000 -4.490000
v 4.650000 1.940000 -4.490000
v 4.590000 1.940000 -4.550000
v 4.619961 1.991984 -4.490000
v 4.590000 1.991984 -4.519961
v 4.618693 1.984198 -4.518693
v 4.641984 1.940000 -4.519961
v 4.641984 1.969961 -4.490000
v 4.634198 1.968693 -4.518693
v 4.590000 1.969961 -4.541985
v 4.619961 1.940000 -4.541985
v 4.618693 1.968693 -4.534198
vn -0.2566 -0.9318 0.2566
vn -0.2178 -0.6901 0.6901
vn -0.2566 -0.2566 0.9318
vn -0.6901 -0.2178 0.6901
vn -0.9318 -0.2566 0.2566
vn -0.6901 -0.6901 0.2178
vn -0.5773 -0.5774 0.5774
vn -0.2566 0.2566 0.9318
vn -0.2178 0.6901 0.6901
vn -0.2566 0.9318 0.2566
vn -0.6901 0.6901 0.2178
vn -0.9318 0.2566 0.2566
vn -0.6901 0.2178 0.6901
vn -0.5773 0.5774 0.5773
vn -0.2566 -0.9318 -0.2566
vn -0.6901 -0.6901 -0.2178
vn -0.9318 -0.2566 -0.2566
vn -0.6901 -0.2178 -0.6901
vn -0.2566 -0.2566 -0.9318
vn -0.2178 -0.6901 -0.6901
vn -0.5774 -0.5773 -0.5774
vn -0.2566 0.9318 -0.2566
vn -0.2178 0.6901 -0.6901
vn -0.2566 0.2566 -0.9318
vn -0.6901 0.2178 -0.6901
vn -0.9318 0.2566 -0.2566
vn -0.6901 0.6901 -0.2178
vn -0.5774 0.5773 -0.5774
vn 0.2566 -0.9318 0.2566
vn 0.6901 -0.6901 0.2178
vn 0.9318 -0.2566 0.2566
vn 0.6901 -0.2178 0.6901
vn 0.2566 -0.2566 0.9318
vn 0.2178 -0.6901 0.6901
vn 0.5773 -0.5774 0.5774
vn 0.2566 0.9318 0.2566
vn 0.2178 0.6901 0.6901
vn 0.2566 0.2566 0.9318
vn 0.6901 0.2178 0.6901
vn 0.9318 0.2566 0.2566
vn 0.6901 0.6901 0.2178
vn 0.5773 0.5773 0.5774
vn 0.2566 -0.9318 -0.2566
vn 0.2178 -0.6901 -0.6901
vn 0.2566 -0.2566 -0.9318
vn 0.6901 -0.2178 -0.6901
vn 0.9318 -0.2566 -0.2566
vn 0.6901 -0.6901 -0.2178
vn 0.5774 -0.5773 -0.5774
vn 0.2566 0.9318 -0.2566
vn 0.6901 0.6901 -0.2178
vn 0.9318 0.2566 -0.2566
vn 0.6901 0.2178 -0.6901
vn 0.2566 0.2566 -0.9318
vn 0.2178 0.6901 -0.6901
vn 0.5774 0.5773 -0.5774
vn -0.2585 -0.9660 -0.0000
vn -0.7071 -0.7071 -0.0000
vn -0.9660 -0.2585 -0.0000
vn -0.2585 -0.0000 0.9660
vn -0.7071 -0.0000 0.7071
vn -0.9660 -0.0000 0.2585
vn -0.2585 0.9660 -0.0000
vn -0.7071 0.7071 -0.0000
vn -0.9660 0.2585 -0.0000
vn -0.2584 -0.0000 -0.9660
vn -0.7071 -0.0000 -0.7071
vn -0.9660 -0.0000 -0.2585
vn -0.0000 -0.9660 -0.2585
vn -0.0000 -0.7071 -0.7071
vn -0.0000 -0.2585 -0.9660
vn -0.0000 0.9660 -0.2585
vn -0.0000 0.7071 -0.7071
vn -0.0000 0.2585 -0.9660
vn 0.9660 -0.0000 -0.2585
vn 0.7071 -0.0000 -0.7071
vn 0.2584 -0.0000 -0.9660
vn 0.2585 -0.9660 -0.0000
vn 0.7071 -0.7071 -0.0000
vn 0.9660 -0.2584 -0.0000
vn 0.2585 0.9660 -0.0000
vn 0.7071 0.7071 -0.0000
vn 0.9660 0.2585 -0.0000
vn 0.2585 -0.0000 0.9660
vn 0.7071 -0.0000 0.7071
vn 0.9660 -0.0000 0.2585
vn -0.0000 -0.9660 0.2585
vn -0.0000 -0.7071 0.7071
vn -0.0000 -0.2585 0.9660
vn -0.0000 0.9660 0.2585
vn -0.0000 0.7071 0.7071
vn -0.0000 0.2585 0.9660
vn -0.0000 -1.0000 -0.0000
vn -1.0000 -0.0000 -0.0000
vn -0.0000 -0.0000 1.0000
vn -0.0000 1.0000 -0.0000
vn -0.0000 -0.0000 -1.0000
vn 1.0000 -0.0000 -0.0000
vt 0.130556 0.744444
vt 0.130556 0.747219
vt 0.127899 0.747101
vt 0.127781 0.744444
vt 0.130556 0.750000
vt 0.127899 0.750000
vt 0.382895 0.994444
vt 0.382895 1.000000
vt 0.375000 0.997101
vt 0.375000 0.994444
vt 0.382895 0.000000
vt 0.382895 0.002781
vt 0.375000 0.002899
vt 0.375000 0.000000
vt 0.382895 0.005556
vt 0.375000 0.005556
vt 0.125000 0.744444
vt 0.125000 0.747101
vt 0.617105 0.994444
vt 0.621047 0.994444
vt 0.620881 1.000000
vt 0.617105 1.000000
vt 0.625000 0.994444
vt 0.625000 1.000000
vt 0.869444 0.744444
vt 0.875000 0.744444
vt 0.875000 0.747101
vt 0.869444 0.750000
vt 0.625000 0.005556
vt 0.621047 0.005556
vt 0.620881 0.002899
vt 0.625000 0.002899
vt 0.617105 0.005556
vt 0.617105 0.002781
vt 0.617105 0.000000
vt 0.620881 0.000000
vt 0.130556 0.505556
vt 0.127781 0.505556
vt 0.127899 0.502899
vt 0.130556 0.502781
vt 0.125000 0.505556
vt 0.125000 0.502899
vt 0.382895 0.244444
vt 0.382895 0.247219
vt 0.375000 0.247101
vt 0.375000 0.244444
vt 0.382895 0.252781
vt 0.375000 0.252899
vt 0.382895 0.255556
vt 0.375000 0.255556
vt 0.130556 0.500000
vt 0.127899 0.500000
vt 0.869444 0.505556
vt 0.869444 0.500000
vt 0.875000 0.502899
vt 0.875000 0.505556
vt 0.625000 0.255556
vt 0.621047 0.255556
vt 0.620881 0.251808
vt 0.625000 0.248067
vt 0.617105 0.255556
vt 0.617105 0.252781
vt 0.617105 0.247219
vt 0.620881 0.247101
vt 0.617105 0.244444
vt 0.621047 0.244444
vt 0.625000 0.244444
vt 0.369444 0.744444
vt 0.372219 0.744444
vt 0.372101 0.747101
vt 0.369444 0.747219
vt 0.378953 0.744444
vt 0.377724 0.747101
vt 0.382895 0.744444
vt 0.382895 0.747218
vt 0.382895 0.752781
vt 0.373551 0.751449
vt 0.382895 0.755556
vt 0.372222 0.752778
vt 0.630556 0.744444
vt 0.627778 0.752778
vt 0.626449 0.751449
vt 0.627781 0.744444
vt 0.621047 0.755556
vt 0.620881 0.752899
vt 0.617105 0.755556
vt 0.617105 0.752781
vt 0.617105 0.747219
vt 0.620881 0.748192
vt 0.617105 0.744444
vt 0.621047 0.744444
vt 0.369444 0.505556
vt 0.369444 0.502781
vt 0.372101 0.502899
vt 0.372219 0.505556
vt 0.372222 0.497222
vt 0.373551 0.498551
vt 0.382895 0.494444
vt 0.382895 0.497219
vt 0.382895 0.502781
vt 0.377724 0.502899
vt 0.382895 0.505556
vt 0.378953 0.505556
vt 0.630556 0.505556
vt 0.627781 0.505556
vt 0.626449 0.498551
vt 0.627778 0.497222
vt 0.621047 0.505556
vt 0.620881 0.501808
vt 0.617105 0.505556
vt 0.617105 0.502781
vt 0.617105 0.497219
vt 0.620881 0.497101
vt 0.617105 0.494444
vt 0.621047 0.494444
s 0
usemtl NestBrick
f 553/698/545 556/699/545 558/700/545 557/701/545
f 556/699/546 560/702/546 561/703/546 558/700/546
f 554/704/547 559/705/547 561/706/547 560/707/547
f 559/708/548 563/709/548 564/710/548 561/711/548
f 555/712/549 562/713/549 564/710/549 563/709/549
f 562/714/550 557/701/550 558/700/550 564/715/550
f 558/700/551 561/703/551 564/715/551
f 565/716/552 568/717/552 570/718/552 569/719/552
f 568/717/553 572/720/553 573/721/553 570/718/553
f 566/722/554 571/723/554 573/724/554 572/725/554
f 571/726/555 575/727/555 576/728/555 573/729/555
f 567/730/556 574/731/556 576/728/556 575/727/556
f 574/731/557 569/732/557 570/733/557 576/728/557
f 570/733/558 573/729/558 576/728/558
f 577/734/559 580/735/559 582/736/559 581/737/559
f 580/735/560 584/738/560 585/739/560 582/736/560
f 578/740/561 583/741/561 585/742/561 584/743/561
f 583/741/562 587/744/562 588/745/562 585/742/562
f 579/746/563 586/747/563 588/745/563 587/744/563
f 586/748/564 581/737/564 582/736/564 588/749/564
f 582/736/565 585/739/565 588/749/565
f 589/750/566 592/751/566 594/752/566 593/753/566
f 592/754/567 596/755/567 597/756/567 594/757/567
f 590/758/568 595/759/568 597/756/568 596/755/568
f 595/759/569 599/760/569 600/761/569 597/756/569
f 591/762/570 598/763/570 600/761/570 599/760/570
f 598/763/571 593/764/571 594/757/571 600/761/571
f 594/757/572 597/756/572 600/761/572
f 601/765/573 604/766/573 606/767/573 605/768/573
f 604/766/574 608/769/574 609/770/574 606/767/574
f 602/771/575 607/772/575 609/770/575 608/769/575
f 607/772/576 611/773/576 612/774/576 609/770/576
f 603/775/577 610/776/577 612/774/577 611/773/577
f 610/776/578 605/768/578 606/767/578 612/774/578
f 606/767/579 609/770/579 612/774/579
f 613/777/580 616/778/580 618/779/580 617/780/580
f 616/778/581 620/781/581 621/782/581 618/779/581
f 614/783/582 619/784/582 621/782/582 620/781/582
f 619/784/583 623/785/583 624/786/583 621/782/583
f 615/787/584 622/788/584 624/786/584 623/785/584
f 622/788/585 617/780/585 618/779/585 624/786/585
f 618/779/586 621/782/586 624/786/586
f 625/789/587 628/790/587 630/791/587 629/792/587
f 628/790/588 632/793/588 633/794/588 630/791/588
f 626/795/589 631/796/589 633/794/589 632/793/589
f 631/796/590 635/797/590 636/798/590 633/794/590
f 627/799/591 634/800/591 636/798/591 635/797/591
f 634/800/592 629/792/592 630/791/592 636/798/592
f 630/791/593 633/794/593 636/798/593
f 637/801/594 640/802/594 642/803/594 641/804/594
f 640/802/595 644/805/595 645/806/595 642/803/595
f 638/807/596 643/808/596 645/806/596 644/805/596
f 643/808/597 647/809/597 648/810/597 645/806/597
f 639/811/598 646/812/598 648/810/598 647/809/598
f 646/812/599 641/804/599 642/803/599 648/810/599
f 642/803/600 645/806/600 648/810/600
f 577/734/601 553/698/601 557/701/601 580/735/601
f 580/735/602 557/701/602 562/714/602 584/738/602
f 584/743/603 562/713/603 555/712/603 578/740/603
f 554/704/604 565/716/604 569/719/604 559/705/604
f 559/708/605 569/732/605 574/731/605 563/709/605
f 563/709/606 574/731/606 567/730/606 555/712/606
f 566/722/607 589/750/607 593/753/607 571/723/607
f 571/726/608 593/764/608 598/763/608 575/727/608
f 575/727/609 598/763/609 591/762/609 567/730/609
f 590/758/610 579/746/610 587/744/610 595/759/610
f 595/759/611 587/744/611 583/741/611 599/760/611
f 599/760/612 583/741/612 578/740/612 591/762/612
f 625/789/613 577/734/613 581/737/613 628/790/613
f 628/790/614 581/737/614 586/748/614 632/793/614
f 632/793/615 586/747/615 579/746/615 626/795/615
f 589/750/616 637/801/616 641/804/616 592/751/616
f 592/754/617 641/804/617 646/812/617 596/755/617
f 596/755/618 646/812/618 639/811/618 590/758/618
f 638/807/619 627/799/619 635/797/619 643/808/619
f 643/808/620 635/797/620 631/796/620 647/809/620
f 647/809/621 631/796/621 626/795/621 639/811/621
f 601/765/622 625/789/622 629/792/622 604/766/622
f 604/766/623 629/792/623 634/800/623 608/769/623
f 608/769/624 634/800/624 627/799/624 602/771/624
f 637/801/625 613/777/625 617/780/625 640/802/625
f 640/802/626 617/780/626 622/788/626 644/805/626
f 644/805/627 622/788/627 615/787/627 638/807/627
f 614/783/628 603/775/628 611/773/628 619/784/628
f 619/784/629 611/773/629 607/772/629 623/785/629
f 623/785/630 607/772/630 602/771/630 615/787/630
f 553/698/631 601/765/631 605/768/631 556/699/631
f 556/699/632 605/768/632 610/776/632 560/702/632
f 560/707/633 610/776/633 603/775/633 554/704/633
f 613/777/634 566/722/634 572/725/634 616/778/634
f 616/778/635 572/720/635 568/717/635 620/781/635
f 620/781/636 568/717/636 565/716/636 614/783/636
f 577/734/637 625/789/637 601/765/637 553/698/637
f 555/712/638 567/730/638 591/762/638 578/740/638
f 603/775/639 614/783/639 565/716/639 554/704/639
f 637/801/640 589/750/640 566/722/640 613/777/640
f 579/746/641 590/758/641 639/811/641 626/795/641
f 627/799/642 638/807/642 615/787/642 602/771/642
o Nest_Floor2
v 2.060000 1.950000 -1.960000
v 2.060000 2.010000 -1.900000
v 2.000000 2.010000 -1.960000
v 2.060000 1.958016 -1.930039
v 2.030039 1.958016 -1.960000
v 2.031307 1.965802 -1.931307
v 2.030039 2.010000 -1.908016
v 2.060000 1.980040 -1.908016
v 2.031307 1.981308 -1.915802
v 2.008016 1.980040 -1.960000
v 2.008016 2.010000 -1.930039
v 2.015802 1.981308 -1.931307
v 2.060000 3.490000 -1.900000
v 2.060000 3.550000 -1.960000
v 2.000000 3.490000 -1.960000
v 2.060000 3.519960 -1.908016
v 2.030039 3.490000 -1.908016
v 2.031307 3.518692 -1.915802
v 2.030039 3.541984 -1.960000
v 2.060000 3.541984 -1.930039
v 2.031307 3.534198 -1.931307
v 2.008016 3.490000 -1.930039
v 2.008016 3.519960 -1.960000
v 2.015802 3.518692 -1.931307
v 2.060000 1.950000 -4.440000
v 2.000000 2.010000 -4.440000
v 2.060000 2.010000 -4.500000
v 2.030039 1.958016 -4.440000
v 2.060000 1.958016 -4.469961
v 2.031307 1.965802 -4.468693
v 2.008016 2.010000 -4.469961
v 2.008016 1.980040 -4.440000
v 2.015802 1.981308 -4.468693
v 2.060000 1.980040 -4.491984
v 2.030039 2.010000 -4.491984
v 2.031307 1.981308 -4.484198
v 2.060000 3.550000 -4.440000
v 2.060000 3.490000 -4.500000
v 2.000000 3.490000 -4.440000
v 2.060000 3.541984 -4.469961
v 2.030039 3.541984 -4.440001
v 2.031307 3.534198 -4.468693
v 2.030039 3.490000 -4.491985
v 2.060000 3.519960 -4.491985
v 2.031307 3.518692 -4.484199
v 2.008016 3.519960 -4.440001
v 2.008016 3.490000 -4.469961
v 2.015802 3.518692 -4.468693
v 4.540000 1.950000 -1.960000
v 4.600000 2.010000 -1.960000
v 4.540000 2.010000 -1.900000
v 4.569961 1.958016 -1.960000
v 4.540000 1.958016 -1.930039
v 4.568693 1.965802 -1.931307
v 4.591984 2.010000 -1.930039
v 4.591984 1.980040 -1.960000
v 4.584198 1.981308 -1.931307
v 4.540000 1.980040 -1.908016
v 4.569961 2.010000 -1.908016
v 4.568693 1.981308 -1.915802
v 4.540000 3.550000 -1.960000
v 4.540000 3.490000 -1.900000
v 4.600000 3.490000 -1.960000
v 4.540000 3.541984 -1.930039
v 4.569961 3.541984 -1.960000
v 4.568693 3.534198 -1.931307
v 4.569961 3.490000 -1.908016
v 4.540000 3.519960 -1.908016
v 4.568693 3.518692 -1.915802
v 4.591984 3.519960 -1.960000
v 4.591984 3.490000 -1.930039
v 4.584198 3.518692 -1.931307
v 4.540000 1.950000 -4.440000
v 4.540000 2.010000 -4.500000
v 4.600000 2.010000 -4.440000
v 4.540000 1.958016 -4.469961
v 4.569961 1.958016 -4.440001
v 4.568693 1.965802 -4.468693
v 4.569961 2.010000 -4.491985
v 4.540000 1.980040 -4.491985
v 4.568693 1.981308 -4.484199
v 4.591984 1.980040 -4.440001
v 4.591984 2.010000 -4.469961
v 4.584198 1.981308 -4.468693
v 4.540000 3.550000 -4.440000
v 4.600000 3.490000 -4.440000
v 4.540000 3.490000 -4.500000
v 4.569961 3.541984 -4.440000
v 4.540000 3.541984 -4.469961
v 4.568693 3.534198 -4.468693
v 4.591984 3.490000 -4.469961
v 4.591984 3.519960 -4.440000
v 4.584198 3.518692 -4.468693
v 4.540000 3.519960 -4.491984
v 4.569961 3.490000 -4.491984
v 4.568693 3.518692 -4.484198
vn -0.2566 -0.9318 0.2566
vn -0.2178 -0.6901 0.6901
vn -0.2566 -0.2566 0.9318
vn -0.6901 -0.2178 0.6901
vn -0.9318 -0.2566 0.2566
vn -0.6901 -0.6901 0.2178
vn -0.5774 -0.5774 0.5773
vn -0.2566 0.2566 0.9318
vn -0.2178 0.6901 0.6901
vn -0.2566 0.9318 0.2566
vn -0.6901 0.6901 0.2178
vn -0.9318 0.2566 0.2566
vn -0.6901 0.2178 0.6901
vn -0.5774 0.5774 0.5773
vn -0.2566 -0.9318 -0.2566
vn -0.6901 -0.6901 -0.2178
vn -0.9318 -0.2566 -0.2566
vn -0.6901 -0.2178 -0.6901
vn -0.2566 -0.2566 -0.9318
vn -0.2178 -0.6901 -0.6901
vn -0.5774 -0.5773 -0.5774
vn -0.2566 0.9318 -0.2566
vn -0.2178 0.6901 -0.6901
vn -0.2566 0.2566 -0.9318
vn -0.6901 0.2178 -0.6901
vn -0.9318 0.2566 -0.2566
vn -0.6901 0.6901 -0.2178
vn -0.5774 0.5774 -0.5773
vn 0.2566 -0.9318 0.2566
vn 0.6901 -0.6901 0.2178
vn 0.9318 -0.2566 0.2566
vn 0.6901 -0.2178 0.6901
vn 0.2566 -0.2566 0.9318
vn 0.2178 -0.6901 0.6901
vn 0.5773 -0.5773 0.5774
vn 0.2566 0.9318 0.2566
vn 0.2178 0.6901 0.6901
vn 0.2566 0.2566 0.9318
vn 0.6901 0.2178 0.6901
vn 0.9318 0.2566 0.2566
vn 0.6901 0.6901 0.2178
vn 0.5773 0.5773 0.5774
vn 0.2566 -0.9318 -0.2566
vn 0.2178 -0.6901 -0.6901
vn 0.2566 -0.2566 -0.9318
vn 0.6901 -0.2178 -0.6901
vn 0.9318 -0.2566 -0.2566
vn 0.6901 -0.6901 -0.2178
vn 0.5773 -0.5773 -0.5774
vn 0.2566 0.9318 -0.2566
vn 0.6901 0.6901 -0.2178
vn 0.9318 0.2566 -0.2566
vn 0.6901 0.2178 -0.6901
vn 0.2566 0.2566 -0.9318
vn 0.2178 0.6901 -0.6901
vn 0.5773 0.5773 -0.5774
vn -0.2585 -0.9660 -0.0000
vn -0.7071 -0.7071 -0.0000
vn -0.9660 -0.2585 -0.0000
vn -0.2585 -0.0000 0.9660
vn -0.7071 -0.0000 0.7071
vn -0.9660 -0.0000 0.2585
vn -0.2585 0.9660 -0.0000
vn -0.7071 0.7071 -0.0000
vn -0.9660 0.2585 -0.0000
vn -0.2584 -0.0000 -0.9660
vn -0.7071 -0.0000 -0.7071
vn -0.9660 -0.0000 -0.2585
vn -0.0000 -0.9660 -0.2585
vn -0.0000 -0.7071 -0.7071
vn -0.0000 -0.2584 -0.9660
vn -0.0000 0.9660 -0.2585
vn -0.0000 0.7071 -0.7071
vn -0.0000 0.2584 -0.9660
vn 0.9660 -0.0000 -0.2585
vn 0.7071 -0.0000 -0.7071
vn 0.2584 -0.0000 -0.9660
vn 0.2585 -0.9660 -0.0000
vn 0.7071 -0.7071 -0.0000
vn 0.9660 -0.2585 -0.0000
vn 0.2585 0.9660 -0.0000
vn 0.7071 0.7071 -0.0000
vn 0.9660 0.2585 -0.0000
vn 0.2585 -0.0000 0.9660
vn 0.7071 -0.0000 0.7071
vn 0.9660 -0.0000 0.2585
vn -0.0000 -0.9660 0.2585
vn -0.0000 -0.7071 0.7071
vn -0.0000 -0.2585 0.9660
vn -0.0000 0.9660 0.2585
vn -0.0000 0.7071 0.7071
vn -0.0000 0.2585 0.9660
vn -0.0000 -1.0000 -0.0000
vn -1.0000 -0.0000 -0.0000
vn -0.0000 -0.0000 1.0000
vn -0.0000 1.0000 -0.0000
vn -0.0000 -0.0000 -1.0000
vn 1.0000 -0.0000 -0.0000
vt 0.130769 0.744231
vt 0.130769 0.747112
vt 0.128010 0.746990
vt 0.127888 0.744231
vt 0.130769 0.750000
vt 0.128010 0.750000
vt 0.384375 0.994231
vt 0.384375 1.000000
vt 0.375000 0.996990
vt 0.375000 0.994231
vt 0.384375 0.000000
vt 0.384375 0.002888
vt 0.375000 0.003010
vt 0.375000 0.000000
vt 0.384375 0.005769
vt 0.375000 0.005769
vt 0.125000 0.744231
vt 0.125000 0.746990
vt 0.615625 0.994231
vt 0.620306 0.994231
vt 0.620108 1.000000
vt 0.615625 1.000000
vt 0.625000 0.994231
vt 0.625000 1.000000
vt 0.869231 0.744231
vt 0.875000 0.744231
vt 0.875000 0.746990
vt 0.869231 0.750000
vt 0.625000 0.005769
vt 0.620306 0.005769
vt 0.620108 0.003010
vt 0.625000 0.003010
vt 0.615625 0.005769
vt 0.615625 0.002888
vt 0.615625 0.000000
vt 0.620108 0.000000
vt 0.130769 0.505769
vt 0.127888 0.505769
vt 0.128010 0.503010
vt 0.130769 0.502888
vt 0.125000 0.505769
vt 0.125000 0.503010
vt 0.384375 0.244231
vt 0.384375 0.247112
vt 0.375000 0.246990
vt 0.375000 0.244231
vt 0.384375 0.252888
vt 0.375000 0.253010
vt 0.384375 0.255769
vt 0.375000 0.255769
vt 0.130769 0.500000
vt 0.128010 0.500000
vt 0.869231 0.505769
vt 0.869231 0.500000
vt 0.875000 0.503010
vt 0.875000 0.505769
vt 0.625000 0.255769
vt 0.620306 0.255769
vt 0.620108 0.251878
vt 0.625000 0.247993
vt 0.615625 0.255769
vt 0.615625 0.252888
vt 0.615625 0.247112
vt 0.620108 0.246990
vt 0.615625 0.244231
vt 0.620306 0.244231
vt 0.625000 0.244231
vt 0.369231 0.744231
vt 0.372112 0.744231
vt 0.371990 0.746990
vt 0.369231 0.747112
vt 0.379694 0.744231
vt 0.378289 0.746990
vt 0.384375 0.744231
vt 0.384375 0.747112
vt 0.384375 0.752888
vt 0.373495 0.751505
vt 0.384375 0.755769
vt 0.372115 0.752885
vt 0.630769 0.744231
vt 0.627885 0.752885
vt 0.626505 0.751505
vt 0.627888 0.744231
vt 0.620306 0.755769
vt 0.620108 0.753010
vt 0.615625 0.755769
vt 0.615625 0.752888
vt 0.615625 0.747112
vt 0.620108 0.748122
vt 0.615625 0.744231
vt 0.620306 0.744231
vt 0.369231 0.505769
vt 0.369231 0.502888
vt 0.371990 0.503010
vt 0.372112 0.505769
vt 0.372115 0.497115
vt 0.373495 0.498495
vt 0.384375 0.494231
vt 0.384375 0.497112
vt 0.384375 0.502888
vt 0.378289 0.503010
vt 0.384375 0.505769
vt 0.379694 0.505769
vt 0.630769 0.505769
vt 0.627888 0.505769
vt 0.626505 0.498495
vt 0.627885 0.497115
vt 0.620306 0.505769
vt 0.620108 0.501878
vt 0.615625 0.505769
vt 0.615625 0.502888
vt 0.615625 0.497112
vt 0.620108 0.496990
vt 0.615625 0.494231
vt 0.620306 0.494231
s 0
usemtl NestBrick
f 649/813/643 652/814/643 654/815/643 653/816/643
f 652/814/644 656/817/644 657/818/644 654/815/644
f 650/819/645 655/820/645 657/821/645 656/822/645
f 655/823/646 659/824/646 660/825/646 657/826/646
f 651/827/647 658/828/647 660/825/647 659/824/647
f 658/829/648 653/816/648 654/815/648 660/830/648
f 654/815/649 657/818/649 660/830/649
f 661/831/650 664/832/650 666/833/650 665/834/650
f 664/832/651 668/835/651 669/836/651 666/833/651
f 662/837/652 667/838/652 669/839/652 668/840/652
f 667/841/653 671/842/653 672/843/653 669/844/653
f 663/845/654 670/846/654 672/843/654 671/842/654
f 670/846/655 665/847/655 666/848/655 672/843/655
f 666/848/656 669/844/656 672/843/656
f 673/849/657 676/850/657 678/851/657 677/852/657
f 676/850/658 680/853/658 681/854/658 678/851/658
f 674/855/659 679/856/659 681/857/659 680/858/659
f 679/856/660 683/859/660 684/860/660 681/857/660
f 675/861/661 682/862/661 684/860/661 683/859/661
f 682/863/662 677/852/662 678/851/662 684/864/662
f 678/851/663 681/854/663 684/864/663
f 685/865/664 688/866/664 690/867/664 689/868/664
f 688/869/665 692/870/665 693/871/665 690/872/665
f 686/873/666 691/874/666 693/871/666 692/870/666
f 691/874/667 695/875/667 696/876/667 693/871/667
f 687/877/668 694/878/668 696/876/668 695/875/668
f 694/878/669 689/879/669 690/872/669 696/876/669
f 690/872/670 693/871/670 696/876/670
f 697/880/671 700/881/671 702/882/671 701/883/671
f 700/881/672 704/884/672 705/885/672 702/882/672
f 698/886/673 703/887/673 705/885/673 704/884/673
f 703/887/674 707/888/674 708/889/674 705/885/674
f 699/890/675 706/891/675 708/889/675 707/888/675
f 706/891/676 701/883/676 702/882/676 708/889/676
f 702/882/677 705/885/677 708/889/677
f 709/892/678 712/893/678 714/894/678 713/895/678
f 712/893/679 716/896/679 717/897/679 714/894/679
f 710/898/680 715/899/680 717/897/680 716/896/680
f 715/899/681 719/900/681 720/901/681 717/897/681
f 711/902/682 718/903/682 720/901/682 719/900/682
f 718/903/683 713/895/683 714/894/683 720/901/683
f 714/894/684 717/897/684 720/901/684
f 721/904/685 724/905/685 726/906/685 725/907/685
f 724/905/686 728/908/686 729/909/686 726/906/686
f 722/910/687 727/911/687 729/909/687 728/908/687
f 727/911/688 731/912/688 732/913/688 729/909/688
f 723/914/689 730/915/689 732/913/689 731/912/689
f 730/915/690 725/907/690 726/906/690 732/913/690
f 726/906/691 729/909/691 732/913/691
f 733/916/692 736/917/692 738/918/692 737/919/692
f 736/917/693 740/920/693 741/921/693 738/918/693
f 734/922/694 739/923/694 741/921/694 740/920/694
f 739/923/695 743/924/695 744/925/695 741/921/695
f 735/926/696 742/927/696 744/925/696 743/924/696
f 742/927/697 737/919/697 738/918/697 744/925/697
f 738/918/698 741/921/698 744/925/698
f 673/849/699 649/813/699 653/816/699 676/850/699
f 676/850/700 653/816/700 658/829/700 680/853/700
f 680/858/701 658/828/701 651/827/701 674/855/701
f 650/819/702 661/831/702 665/834/702 655/820/702
f 655/823/703 665/847/703 670/846/703 659/824/703
f 659/824/704 670/846/704 663/845/704 651/827/704
f 662/837/705 685/865/705 689/868/705 667/838/705
f 667/841/706 689/879/706 694/878/706 671/842/706
f 671/842/707 694/878/707 687/877/707 663/845/707
f 686/873/708 675/861/708 683/859/708 691/874/708
f 691/874/709 683/859/709 679/856/709 695/875/709
f 695/875/710 679/856/710 674/855/710 687/877/710
f 721/904/711 673/849/711 677/852/711 724/905/711
f 724/905/712 677/852/712 682/863/712 728/908/712
f 728/908/713 682/862/713 675/861/713 722/910/713
f 685/865/714 733/916/714 737/919/714 688/866/714
f 688/869/715 737/919/715 742/927/715 692/870/715
f 692/870/716 742/927/716 735/926/716 686/873/716
f 734/922/717 723/914/717 731/912/717 739/923/717
f 739/923/718 731/912/718 727/911/718 743/924/718
f 743/924/719 727/911/719 722/910/719 735/926/719
f 697/880/720 721/904/720 725/907/720 700/881/720
f 700/881/721 725/907/721 730/915/721 704/884/721
f 704/884/722 730/915/722 723/914/722 698/886/722
f 733/916/723 709/892/723 713/895/723 736/917/723
f 736/917/724 713/895/724 718/903/724 740/920/724
f 740/920/725 718/903/725 711/902/725 734/922/725
f 710/898/726 699/890/726 707/888/726 715/899/726
f 715/899/727 707/888/727 703/887/727 719/900/727
f 719/900/728 703/887/728 698/886/728 711/902/728
f 649/813/729 697/880/729 701/883/729 652/814/729
f 652/814/730 701/883/730 706/891/730 656/817/730
f 656/822/731 706/891/731 699/890/731 650/819/731
f 709/892/732 662/837/732 668/840/732 712/893/732
f 712/893/733 668/835/733 664/832/733 716/896/733
f 716/896/734 664/832/734 661/831/734 710/898/734
f 673/849/735 721/904/735 697/880/735 649/813/735
f 651/827/736 663/845/736 687/877/736 674/855/736
f 699/890/737 710/898/737 661/831/737 650/819/737
f 733/916/738 685/865/738 662/837/738 709/892/738
f 675/861/739 686/873/739 735/926/739 722/910/739
f 723/914/740 734/922/740 711/902/740 698/886/740
o Nest_Roof
v 1.950000 3.505000 -1.850000
v 1.950000 3.555000 -1.800000
v 1.900000 3.555000 -1.850000
v 1.950000 3.511680 -1.825033
v 1.925033 3.511680 -1.850000
v 1.926089 3.518169 -1.826089
v 1.925033 3.555000 -1.806680
v 1.950000 3.530033 -1.806680
v 1.926089 3.531090 -1.813168
v 1.906680 3.530033 -1.850000
v 1.906680 3.555000 -1.825033
v 1.913168 3.531090 -1.826089
v 1.950000 3.805000 -1.800000
v 1.950000 3.855000 -1.850000
v 1.900000 3.805000 -1.850000
v 1.950000 3.829967 -1.806680
v 1.925033 3.805000 -1.806680
v 1.926089 3.828911 -1.813168
v 1.925033 3.848320 -1.850000
v 1.950000 3.848320 -1.825033
v 1.926089 3.841832 -1.826089
v 1.906680 3.805000 -1.825033
v 1.906680 3.829967 -1.850000
v 1.913168 3.828911 -1.826089
v 1.950000 3.505000 -4.550000
v 1.900000 3.555000 -4.550000
v 1.950000 3.555000 -4.600000
v 1.925033 3.511680 -4.549999
v 1.950000 3.511680 -4.574966
v 1.926089 3.518169 -4.573910
v 1.906680 3.555000 -4.574966
v 1.906680 3.530033 -4.549999
v 1.913168 3.531090 -4.573910
v 1.950000 3.530033 -4.593319
v 1.925033 3.555000 -4.593319
v 1.926089 3.531090 -4.586831
v 1.950000 3.855000 -4.550000
v 1.950000 3.805000 -4.600000
v 1.900000 3.805000 -4.550000
v 1.950000 3.848320 -4.574966
v 1.925033 3.848320 -4.549999
v 1.926089 3.841832 -4.573910
v 1.925033 3.805000 -4.593319
v 1.950000 3.829967 -4.593319
v 1.926089 3.828911 -4.586831
v 1.906680 3.829967 -4.549999
v 1.906680 3.805000 -4.574966
v 1.913168 3.828911 -4.573910
v 4.650000 3.505000 -1.850000
v 4.700000 3.555000 -1.850000
v 4.650000 3.555000 -1.800000
v 4.674967 3.511680 -1.850000
v 4.650000 3.511680 -1.825033
v 4.673910 3.518169 -1.826089
v 4.693320 3.555000 -1.825033
v 4.693320 3.530033 -1.850000
v 4.686831 3.531090 -1.826089
v 4.650000 3.530033 -1.806680
v 4.674967 3.555000 -1.806680
v 4.673910 3.531090 -1.813168
v 4.650000 3.855000 -1.850000
v 4.650000 3.805000 -1.800000
v 4.700000 3.805000 -1.850000
v 4.650000 3.848320 -1.825033
v 4.674967 3.848320 -1.850000
v 4.673910 3.841832 -1.826089
v 4.674967 3.805000 -1.806680
v 4.650000 3.829967 -1.806680
v 4.673910 3.828911 -1.813168
v 4.693320 3.829967 -1.850000
v 4.693320 3.805000 -1.825033
v 4.686831 3.828911 -1.826089
v 4.650000 3.505000 -4.550000
v 4.650000 3.555000 -4.600000
v 4.700000 3.555000 -4.550000
v 4.650000 3.511680 -4.574966
v 4.674967 3.511680 -4.549999
v 4.673910 3.518169 -4.573910
v 4.674967 3.555000 -4.593319
v 4.650000 3.530033 -4.593319
v 4.673910 3.531090 -4.586831
v 4.693320 3.530033 -4.549999
v 4.693320 3.555000 -4.574966
v 4.686831 3.531090 -4.573910
v 4.650000 3.855000 -4.550000
v 4.700000 3.805000 -4.550000
v 4.650000 3.805000 -4.600000
v 4.674967 3.848320 -4.549999
v 4.650000 3.848320 -4.574966
v 4.673910 3.841832 -4.573910
v 4.693320 3.805000 -4.574966
v 4.693320 3.829967 -4.549999
v 4.686831 3.828911 -4.573910
v 4.650000 3.829967 -4.593319
v 4.674967 3.805000 -4.593319
v 4.673910 3.828911 -4.586831
vn -0.2566 -0.9318 0.2566
vn -0.2178 -0.6901 0.6901
vn -0.2566 -0.2566 0.9318
vn -0.6901 -0.2178 0.6901
vn -0.9318 -0.2566 0.2566
vn -0.6901 -0.6901 0.2178
vn -0.5773 -0.5774 0.5773
vn -0.2566 0.2566 0.9318
vn -0.2178 0.6901 0.6901
vn -0.2566 0.9318 0.2566
vn -0.6901 0.6901 0.2178
vn -0.9318 0.2566 0.2566
vn -0.6901 0.2178 0.6901
vn -0.5773 0.5774 0.5773
vn -0.2566 -0.9318 -0.2566
vn -0.6901 -0.6901 -0.2178
vn -0.9318 -0.2566 -0.2566
vn -0.6901 -0.2178 -0.6901
vn -0.2566 -0.2566 -0.9318
vn -0.2178 -0.6901 -0.6901
vn -0.5774 -0.5773 -0.5773
vn -0.2566 0.9318 -0.2566
vn -0.2178 0.6901 -0.6901
vn -0.2566 0.2566 -0.9318
vn -0.6901 0.2178 -0.6901
vn -0.9318 0.2566 -0.2566
vn -0.6901 0.6901 -0.2178
vn -0.5774 0.5774 -0.5774
vn 0.2566 -0.9318 0.2566
vn 0.6901 -0.6901 0.2178
vn 0.9318 -0.2566 0.2566
vn 0.6901 -0.2178 0.6901
vn 0.2566 -0.2566 0.9318
vn 0.2178 -0.6901 0.6901
vn 0.5773 -0.5774 0.5774
vn 0.2566 0.9318 0.2566
vn 0.2178 0.6901 0.6901
vn 0.2566 0.2566 0.9318
vn 0.6901 0.2178 0.6901
vn 0.9318 0.2566 0.2566
vn 0.6901 0.6901 0.2178
vn 0.5773 0.5774 0.5774
vn 0.2566 -0.9318 -0.2566
vn 0.2178 -0.6901 -0.6901
vn 0.2566 -0.2566 -0.9318
vn 0.6901 -0.2178 -0.6901
vn 0.9318 -0.2566 -0.2566
vn 0.6901 -0.6901 -0.2178
vn 0.5774 -0.5774 -0.5774
vn 0.2566 0.9318 -0.2566
vn 0.6901 0.6901 -0.2178
vn 0.9318 0.2566 -0.2566
vn 0.6901 0.2178 -0.6901
vn 0.2566 0.2566 -0.9318
vn 0.2178 0.6901 -0.6901
vn 0.5773 0.5774 -0.5774
vn -0.2585 -0.9660 -0.0000
vn -0.7071 -0.7071 -0.0000
vn -0.9660 -0.2585 -0.0000
vn -0.2584 -0.0000 0.9660
vn -0.7071 -0.0000 0.7071
vn -0.9660 -0.0000 0.2584
vn -0.2585 0.9660 -0.0000
vn -0.7071 0.7071 -0.0000
vn -0.9660 0.2584 -0.0000
vn -0.2585 -0.0000 -0.9660
vn -0.7071 -0.0000 -0.7071
vn -0.9660 -0.0000 -0.2585
vn -0.0000 -0.9660 -0.2585
vn -0.0000 -0.7071 -0.7071
vn -0.0000 -0.2585 -0.9660
vn -0.0000 0.9660 -0.2585
vn -0.0000 0.7071 -0.7071
vn -0.0000 0.2585 -0.9660
vn 0.9660 -0.0000 -0.2585
vn 0.7071 -0.0000 -0.7071
vn 0.2585 -0.0000 -0.9660
vn 0.2585 -0.9660 -0.0000
vn 0.7071 -0.7071 -0.0000
vn 0.9660 -0.2585 -0.0000
vn 0.2585 0.9660 -0.0000
vn 0.7071 0.7071 -0.0000
vn 0.9660 0.2585 -0.0000
vn 0.2584 -0.0000 0.9660
vn 0.7071 -0.0000 0.7071
vn 0.9660 -0.0000 0.2585
vn -0.0000 -0.9660 0.2585
vn -0.0000 -0.7071 0.7071
vn -0.0000 -0.2585 0.9660
vn -0.0000 0.9660 0.2585
vn -0.0000 0.7071 0.7071
vn -0.0000 0.2585 0.9660
vn -0.0000 -1.0000 -0.0000
vn -1.0000 -0.0000 -0.0000
vn -0.0000 -0.0000 1.0000
vn -0.0000 1.0000 -0.0000
vn -0.0000 -0.0000 -1.0000
vn 1.0000 -0.0000 -0.0000
vt 0.129464 0.745536
vt 0.129464 0.747765
vt 0.127329 0.747671
vt 0.127235 0.745536
vt 0.129464 0.750000
vt 0.127329 0.750000
vt 0.410714 0.995536
vt 0.410714 1.000000
vt 0.375000 0.997671
vt 0.375000 0.995536
vt 0.410714 0.000000
vt 0.410714 0.002235
vt 0.375000 0.002329
vt 0.375000 0.000000
vt 0.410714 0.004464
vt 0.375000 0.004464
vt 0.125000 0.745536
vt 0.125000 0.747671
vt 0.589286 0.995536
vt 0.607119 0.995536
vt 0.606365 1.000000
vt 0.589286 1.000000
vt 0.625000 0.995536
vt 0.625000 1.000000
vt 0.870536 0.745536
vt 0.875000 0.745536
vt 0.875000 0.747671
vt 0.870536 0.750000
vt 0.625000 0.004464
vt 0.607119 0.004464
vt 0.606365 0.002329
vt 0.625000 0.002329
vt 0.589286 0.004464
vt 0.589286 0.002235
vt 0.589286 0.000000
vt 0.606365 0.000000
vt 0.129464 0.504464
vt 0.127235 0.504464
vt 0.127329 0.502329
vt 0.129464 0.502235
vt 0.125000 0.504464
vt 0.125000 0.502329
vt 0.410714 0.245536
vt 0.410714 0.247765
vt 0.375000 0.247671
vt 0.375000 0.245536
vt 0.410714 0.252235
vt 0.375000 0.252329
vt 0.410714 0.254464
vt 0.375000 0.254464
vt 0.129464 0.500000
vt 0.127329 0.500000
vt 0.870536 0.504464
vt 0.870536 0.500000
vt 0.875000 0.502329
vt 0.875000 0.504464
vt 0.625000 0.254464
vt 0.607119 0.254464
vt 0.606365 0.251453
vt 0.625000 0.248447
vt 0.589286 0.254464
vt 0.589286 0.252235
vt 0.589286 0.247765
vt 0.606365 0.247671
vt 0.589286 0.245536
vt 0.607119 0.245536
vt 0.625000 0.245536
vt 0.370536 0.745536
vt 0.372765 0.745536
vt 0.372671 0.747671
vt 0.370536 0.747765
vt 0.392881 0.745536
vt 0.388683 0.747671
vt 0.410714 0.745536
vt 0.410714 0.747765
vt 0.410714 0.752235
vt 0.373835 0.751165
vt 0.410714 0.754464
vt 0.372768 0.752232
vt 0.629464 0.745536
vt 0.627232 0.752232
vt 0.626165 0.751165
vt 0.627235 0.745536
vt 0.607119 0.754464
vt 0.606365 0.752329
vt 0.589286 0.754464
vt 0.589286 0.752235
vt 0.589286 0.747765
vt 0.606365 0.748547
vt 0.589286 0.745536
vt 0.607119 0.745536
vt 0.370536 0.504464
vt 0.370536 0.502235
vt 0.372671 0.502329
vt 0.372765 0.504464
vt 0.372768 0.497768
vt 0.373835 0.498835
vt 0.410714 0.495536
vt 0.410714 0.497765
vt 0.410714 0.502235
vt 0.388683 0.502329
vt 0.410714 0.504464
vt 0.392881 0.504464
vt 0.629464 0.504464
vt 0.627235 0.504464
vt 0.626165 0.498835
vt 0.627232 0.497768
vt 0.607119 0.504464
vt 0.606365 0.501453
vt 0.589286 0.504464
vt 0.589286 0.502235
vt 0.589286 0.497765
vt 0.606365 0.497671
vt 0.589286 0.495536
vt 0.607119 0.495536
s 0
usemtl RoofDark
f 745/928/741 748/929/741 750/930/741 749/931/741
f 748/929/742 752/932/742 753/933/742 750/930/742
f 746/934/743 751/935/743 753/936/743 752/937/743
f 751/938/744 755/939/744 756/940/744 753/941/744
f 747/942/745 754/943/745 756/940/745 755/939/745
f 754/944/746 749/931/746 750/930/746 756/945/746
f 750/930/747 753/933/747 756/945/747
f 757/946/748 760/947/748 762/948/748 761/949/748
f 760/947/749 764/950/749 765/951/749 762/948/749
f 758/952/750 763/953/750 765/954/750 764/955/750
f 763/956/751 767/957/751 768/958/751 765/959/751
f 759/960/752 766/961/752 768/958/752 767/957/752
f 766/961/753 761/962/753 762/963/753 768/958/753
f 762/963/754 765/959/754 768/958/754
f 769/964/755 772/965/755 774/966/755 773/967/755
f 772/965/756 776/968/756 777/969/756 774/966/756
f 770/970/757 775/971/757 777/972/757 776/973/757
f 775/971/758 779/974/758 780/975/758 777/972/758
f 771/976/759 778/977/759 780/975/759 779/974/759
f 778/978/760 773/967/760 774/966/760 780/979/760
f 774/966/761 777/969/761 780/979/761
f 781/980/762 784/981/762 786/982/762 785/983/762
f 784/984/763 788/985/763 789/986/763 786/987/763
f 782/988/764 787/989/764 789/986/764 788/985/764
f 787/989/765 791/990/765 792/991/765 789/986/765
f 783/992/766 790/993/766 792/991/766 791/990/766
f 790/993/767 785/994/767 786/987/767 792/991/767
f 786/987/768 789/986/768 792/991/768
f 793/995/769 796/996/769 798/997/769 797/998/769
f 796/996/770 800/999/770 801/1000/770 798/997/770
f 794/1001/771 799/1002/771 801/1000/771 800/999/771
f 799/1002/772 803/1003/772 804/1004/772 801/1000/772
f 795/1005/773 802/1006/773 804/1004/773 803/1003/773
f 802/1006/774 797/998/774 798/997/774 804/1004/774
f 798/997/775 801/1000/775 804/1004/775
f 805/1007/776 808/1008/776 810/1009/776 809/1010/776
f 808/1008/777 812/1011/777 813/1012/777 810/1009/777
f 806/1013/778 811/1014/778 813/1012/778 812/1011/778
f 811/1014/779 815/1015/779 816/1016/779 813/1012/779
f 807/1017/780 814/1018/780 816/1016/780 815/1015/780
f 814/1018/781 809/1010/781 810/1009/781 816/1016/781
f 810/1009/782 813/1012/782 816/1016/782
f 817/1019/783 820/1020/783 822/1021/783 821/1022/783
f 820/1020/784 824/1023/784 825/1024/784 822/1021/784
f 818/1025/785 823/1026/785 825/1024/785 824/1023/785
f 823/1026/786 827/1027/786 828/1028/786 825/1024/786
f 819/1029/787 826/1030/787 828/1028/787 827/1027/787
f 826/1030/788 821/1022/788 822/1021/788 828/1028/788
f 822/1021/789 825/1024/789 828/1028/789
f 829/1031/790 832/1032/790 834/1033/790 833/1034/790
f 832/1032/791 836/1035/791 837/1036/791 834/1033/791
f 830/1037/792 835/1038/792 837/1036/792 836/1035/792
f 835/1038/793 839/1039/793 840/1040/793 837/1036/793
f 831/1041/794 838/1042/794 840/1040/794 839/1039/794
f 838/1042/795 833/1034/795 834/1033/795 840/1040/795
f 834/1033/796 837/1036/796 840/1040/796
f 769/964/797 745/928/797 749/931/797 772/965/797
f 772/965/798 749/931/798 754/944/798 776/968/798
f 776/973/799 754/943/799 747/942/799 770/970/799
f 746/934/800 757/946/800 761/949/800 751/935/800
f 751/938/801 761/962/801 766/961/801 755/939/801
f 755/939/802 766/961/802 759/960/802 747/942/802
f 758/952/803 781/980/803 785/983/803 763/953/803
f 763/956/804 785/994/804 790/993/804 767/957/804
f 767/957/805 790/993/805 783/992/805 759/960/805
f 782/988/806 771/976/806 779/974/806 787/989/806
f 787/989/807 779/974/807 775/971/807 791/990/807
f 791/990/808 775/971/808 770/970/808 783/992/808
f 817/1019/809 769/964/809 773/967/809 820/1020/809
f 820/1020/810 773/967/810 778/978/810 824/1023/810
f 824/1023/811 778/977/811 771/976/811 818/1025/811
f 781/980/812 829/1031/812 833/1034/812 784/981/812
f 784/984/813 833/1034/813 838/1042/813 788/985/813
f 788/985/814 838/1042/814 831/1041/814 782/988/814
f 830/1037/815 819/1029/815 827/1027/815 835/1038/815
f 835/1038/816 827/1027/816 823/1026/816 839/1039/816
f 839/1039/817 823/1026/817 818/1025/817 831/1041/817
f 793/995/818 817/1019/818 821/1022/818 796/996/818
f 796/996/819 821/1022/819 826/1030/819 800/999/819
f 800/999/820 826/1030/820 819/1029/820 794/1001/820
f 829/1031/821 805/1007/821 809/1010/821 832/1032/821
f 832/1032/822 809/1010/822 814/1018/822 836/1035/822
f 836/1035/823 814/1018/823 807/1017/823 830/1037/823
f 806/1013/824 795/1005/824 803/1003/824 811/1014/824
f 811/1014/825 803/1003/825 799/1002/825 815/1015/825
f 815/1015/826 799/1002/826 794/1001/826 807/1017/826
f 745/928/827 793/995/827 797/998/827 748/929/827
f 748/929/828 797/998/828 802/1006/828 752/932/828
f 752/937/829 802/1006/829 795/1005/829 746/934/829
f 805/1007/830 758/952/830 764/955/830 808/1008/830
f 808/1008/831 764/950/831 760/947/831 812/1011/831
f 812/1011/832 760/947/832 757/946/832 806/1013/832
f 769/964/833 817/1019/833 793/995/833 745/928/833
f 747/942/834 759/960/834 783/992/834 770/970/834
f 795/1005/835 806/1013/835 757/946/835 746/934/835
f 829/1031/836 781/980/836 758/952/836 805/1007/836
f 771/976/837 782/988/837 831/1041/837 818/1025/837
f 819/1029/838 830/1037/838 807/1017/838 794/1001/838
o Nest_Awning
v 2.150000 1.239102 -1.372249
v 2.150000 1.355013 -1.403307
v 2.150000 1.044987 -2.096693
v 2.150000 1.160898 -2.127751
v 4.450000 1.239102 -1.372249
v 4.450000 1.355013 -1.403307
v 4.450000 1.044987 -2.096693
v 4.450000 1.160898 -2.127751
vn -1.0000 -0.0000 -0.0000
vn -0.0000 -0.2588 -0.9659
vn 1.0000 -0.0000 -0.0000
vn -0.0000 0.2588 0.9659
vn -0.0000 -0.9659 0.2588
vn -0.0000 0.9659 -0.2588
vt 0.375000 0.000000
vt 0.625000 0.000000
vt 0.625000 0.250000
vt 0.375000 0.250000
vt 0.625000 0.500000
vt 0.375000 0.500000
vt 0.625000 0.750000
vt 0.375000 0.750000
vt 0.625000 1.000000
vt 0.375000 1.000000
vt 0.125000 0.500000
vt 0.125000 0.750000
vt 0.875000 0.500000
vt 0.875000 0.750000
s 0
usemtl AwningCream
f 841/1043/839 842/1044/839 844/1045/839 843/1046/839
f 843/1046/840 844/1045/840 848/1047/840 847/1048/840
f 847/1048/841 848/1047/841 846/1049/841 845/1050/841
f 845/1050/842 846/1049/842 842/1051/842 841/1052/842
f 843/1053/843 847/1048/843 845/1050/843 841/1054/843
f 848/1047/844 844/1055/844 842/1056/844 846/1049/844
o Nest_WinF1
v 2.300000 0.500000 -1.790000
v 2.300000 1.400000 -1.790000
v 2.300000 0.500000 -1.890000
v 2.300000 1.400000 -1.890000
v 4.300000 0.500000 -1.790000
v 4.300000 1.400000 -1.790000
v 4.300000 0.500000 -1.890000
v 4.300000 1.400000 -1.890000
vn -1.0000 -0.0000 -0.0000
vn -0.0000 -0.0000 -1.0000
vn 1.0000 -0.0000 -0.0000
vn -0.0000 -0.0000 1.0000
vn -0.0000 -1.0000 -0.0000
vn -0.0000 1.0000 -0.0000
vt 0.375000 0.000000
vt 0.625000 0.000000
vt 0.625000 0.250000
vt 0.375000 0.250000
vt 0.625000 0.500000
vt 0.375000 0.500000
vt 0.625000 0.750000
vt 0.375000 0.750000
vt 0.625000 1.000000
vt 0.375000 1.000000
vt 0.125000 0.500000
vt 0.125000 0.750000
vt 0.875000 0.500000
vt 0.875000 0.750000
s 0
usemtl WindowGlow
f 849/1057/845 850/1058/845 852/1059/845 851/1060/845
f 851/1060/846 852/1059/846 856/1061/846 855/1062/846
f 855/1062/847 856/1061/847 854/1063/847 853/1064/847
f 853/1064/848 854/1063/848 850/1065/848 849/1066/848
f 851/1067/849 855/1062/849 853/1064/849 849/1068/849
f 856/1061/850 852/1069/850 850/1070/850 854/1063/850
o Nest_WinF2
v 2.300000 2.400000 -1.840000
v 2.300000 3.200000 -1.840000
v 2.300000 2.400000 -1.940000
v 2.300000 3.200000 -1.940000
v 4.300000 2.400000 -1.840000
v 4.300000 3.200000 -1.840000
v 4.300000 2.400000 -1.940000
v 4.300000 3.200000 -1.940000
vn -1.0000 -0.0000 -0.0000
vn -0.0000 -0.0000 -1.0000
vn 1.0000 -0.0000 -0.0000
vn -0.0000 -0.0000 1.0000
vn -0.0000 -1.0000 -0.0000
vn -0.0000 1.0000 -0.0000
vt 0.375000 0.000000
vt 0.625000 0.000000
vt 0.625000 0.250000
vt 0.375000 0.250000
vt 0.625000 0.500000
vt 0.375000 0.500000
vt 0.625000 0.750000
vt 0.375000 0.750000
vt 0.625000 1.000000
vt 0.375000 1.000000
vt 0.125000 0.500000
vt 0.125000 0.750000
vt 0.875000 0.500000
vt 0.875000 0.750000
s 0
usemtl WindowGlow
f 857/1071/851 858/1072/851 860/1073/851 859/1074/851
f 859/1074/852 860/1073/852 864/1075/852 863/1076/852
f 863/1076/853 864/1075/853 862/1077/853 861/1078/853
f 861/1078/854 862/1077/854 858/1079/854 857/1080/854
f 859/1081/855 863/1076/855 861/1078/855 857/1082/855
f 864/1075/856 860/1083/856 858/1084/856 862/1077/856
o Nest_Balcony
v 2.200000 2.000000 -1.700000
v 2.200000 2.100000 -1.700000
v 2.200000 2.000000 -2.000000
v 2.200000 2.100000 -2.000000
v 4.400000 2.000000 -1.700000
v 4.400000 2.100000 -1.700000
v 4.400000 2.000000 -2.000000
v 4.400000 2.100000 -2.000000
vn -1.0000 -0.0000 -0.0000
vn -0.0000 -0.0000 -1.0000
vn 1.0000 -0.0000 -0.0000
vn -0.0000 -0.0000 1.0000
vn -0.0000 -1.0000 -0.0000
vn -0.0000 1.0000 -0.0000
vt 0.375000 0.000000
vt 0.625000 0.000000
vt 0.625000 0.250000
vt 0.375000 0.250000
vt 0.625000 0.500000
vt 0.375000 0.500000
vt 0.625000 0.750000
vt 0.375000 0.750000
vt 0.625000 1.000000
vt 0.375000 1.000000
vt 0.125000 0.500000
vt 0.125000 0.750000
vt 0.875000 0.500000
vt 0.875000 0.750000
s 0
usemtl RoofDark
f 865/1085/857 866/1086/857 868/1087/857 867/1088/857
f 867/1088/858 868/1087/858 872/1089/858 871/1090/858
f 871/1090/859 872/1089/859 870/1091/859 869/1092/859
f 869/1092/860 870/1091/860 866/1093/860 865/1094/860
f 867/1095/861 871/1090/861 869/1092/861 865/1096/861
f 872/1089/862 868/1097/862 866/1098/862 870/1091/862
o Boutique_Body
v 3.210000 0.100000 4.390000
v 3.210000 0.160000 4.450000
v 3.150000 0.160000 4.390000
v 3.210000 0.108016 4.419960
v 3.180039 0.108016 4.390000
v 3.181307 0.115802 4.418693
v 3.180039 0.160000 4.441984
v 3.210000 0.130039 4.441984
v 3.181307 0.131307 4.434198
v 3.158016 0.130039 4.390000
v 3.158016 0.160000 4.419960
v 3.165802 0.131307 4.418693
v 3.210000 2.140000 4.450000
v 3.210000 2.200000 4.390000
v 3.150000 2.140000 4.390000
v 3.210000 2.169960 4.441984
v 3.180039 2.140000 4.441984
v 3.181307 2.168693 4.434198
v 3.180039 2.191984 4.390000
v 3.210000 2.191984 4.419960
v 3.181307 2.184198 4.418693
v 3.158016 2.140000 4.419960
v 3.158016 2.169960 4.390000
v 3.165802 2.168693 4.418693
v 3.210000 0.100000 2.210000
v 3.150000 0.160000 2.210000
v 3.210000 0.160000 2.150000
v 3.180039 0.108016 2.210000
v 3.210000 0.108016 2.180039
v 3.181307 0.115802 2.181307
v 3.158016 0.160000 2.180039
v 3.158016 0.130039 2.210000
v 3.165802 0.131307 2.181307
v 3.210000 0.130039 2.158016
v 3.180039 0.160000 2.158016
v 3.181307 0.131307 2.165802
v 3.210000 2.200000 2.210000
v 3.210000 2.140000 2.150000
v 3.150000 2.140000 2.210000
v 3.210000 2.191984 2.180039
v 3.180039 2.191984 2.210000
v 3.181307 2.184198 2.181307
v 3.180039 2.140000 2.158016
v 3.210000 2.169960 2.158016
v 3.181307 2.168693 2.165802
v 3.158016 2.169960 2.210000
v 3.158016 2.140000 2.180039
v 3.165802 2.168693 2.181307
v 5.390000 0.100000 4.390000
v 5.450000 0.160000 4.390000
v 5.390000 0.160000 4.450000
v 5.419960 0.108016 4.390000
v 5.389999 0.108016 4.419960
v 5.418692 0.115802 4.418693
v 5.441984 0.160000 4.419960
v 5.441984 0.130039 4.390000
v 5.434197 0.131307 4.418693
v 5.389999 0.130039 4.441984
v 5.419960 0.160000 4.441984
v 5.418692 0.131307 4.434198
v 5.390000 2.200000 4.390000
v 5.390000 2.140000 4.450000
v 5.450000 2.140000 4.390000
v 5.390000 2.191984 4.419960
v 5.419961 2.191984 4.390000
v 5.418693 2.184198 4.418693
v 5.419961 2.140000 4.441984
v 5.390000 2.169960 4.441984
v 5.418693 2.168693 4.434198
v 5.441985 2.169960 4.390000
v 5.441985 2.140000 4.419960
v 5.434198 2.168693 4.418693
v 5.390000 0.100000 2.210000
v 5.390000 0.160000 2.150000
v 5.450000 0.160000 2.210000
v 5.390000 0.108016 2.180039
v 5.419961 0.108016 2.210000
v 5.418693 0.115802 2.181307
v 5.419961 0.160000 2.158016
v 5.390000 0.130039 2.158016
v 5.418693 0.131307 2.165802
v 5.441985 0.130039 2.210000
v 5.441985 0.160000 2.180039
v 5.434198 0.131307 2.181307
v 5.390000 2.200000 2.210000
v 5.450000 2.140000 2.210000
v 5.390000 2.140000 2.150000
v 5.419960 2.191984 2.210000
v 5.389999 2.191984 2.180039
v 5.418692 2.184198 2.181307
v 5.441984 2.140000 2.180039
v 5.441984 2.169960 2.210000
v 5.434197 2.168693 2.181307
v 5.389999 2.169960 2.158016
v 5.419960 2.140000 2.158016
v 5.418692 2.168693 2.165802
vn -0.2566 -0.9318 0.2566
vn -0.2178 -0.6901 0.6901
vn -0.2566 -0.2566 0.9318
vn -0.6901 -0.2178 0.6901
vn -0.9318 -0.2566 0.2566
vn -0.6901 -0.6901 0.2178
vn -0.5774 -0.5773 0.5774
vn -0.2566 0.2566 0.9318
vn -0.2178 0.6901 0.6901
vn -0.2566 0.9318 0.2566
vn -0.6901 0.6901 0.2178
vn -0.9318 0.2566 0.2566
vn -0.6901 0.2178 0.6901
vn -0.5774 0.5773 0.5774
vn -0.2566 -0.9318 -0.2566
vn -0.6901 -0.6901 -0.2178
vn -0.9318 -0.2566 -0.2566
vn -0.6901 -0.2178 -0.6901
vn -0.2566 -0.2566 -0.9318
vn -0.2178 -0.6901 -0.6901
vn -0.5774 -0.5773 -0.5774
vn -0.2566 0.9318 -0.2566
vn -0.2178 0.6901 -0.6901
vn -0.2566 0.2566 -0.9318
vn -0.6901 0.2178 -0.6901
vn -0.9318 0.2566 -0.2566
vn -0.6901 0.6901 -0.2178
vn -0.5774 0.5773 -0.5774
vn 0.2566 -0.9318 0.2566
vn 0.6901 -0.6901 0.2178
vn 0.9318 -0.2566 0.2566
vn 0.6901 -0.2178 0.6901
vn 0.2566 -0.2566 0.9318
vn 0.2178 -0.6901 0.6901
vn 0.5773 -0.5773 0.5774
vn 0.2566 0.9318 0.2566
vn 0.2178 0.6901 0.6901
vn 0.2566 0.2566 0.9318
vn 0.6901 0.2178 0.6901
vn 0.9318 0.2566 0.2566
vn 0.6901 0.6901 0.2178
vn 0.5773 0.5774 0.5774
vn 0.2566 -0.9318 -0.2566
vn 0.2178 -0.6901 -0.6901
vn 0.2566 -0.2566 -0.9318
vn 0.6901 -0.2178 -0.6901
vn 0.9318 -0.2566 -0.2566
vn 0.6901 -0.6901 -0.2178
vn 0.5773 -0.5773 -0.5774
vn 0.2566 0.9318 -0.2566
vn 0.6901 0.6901 -0.2178
vn 0.9318 0.2566 -0.2566
vn 0.6901 0.2178 -0.6901
vn 0.2566 0.2566 -0.9318
vn 0.2178 0.6901 -0.6901
vn 0.5773 0.5773 -0.5774
vn -0.2585 -0.9660 -0.0000
vn -0.7071 -0.7071 -0.0000
vn -0.9660 -0.2584 -0.0000
vn -0.2584 -0.0000 0.9660
vn -0.7071 -0.0000 0.7071
vn -0.9660 -0.0000 0.2585
vn -0.2585 0.9660 -0.0000
vn -0.7071 0.7071 -0.0000
vn -0.9660 0.2584 -0.0000
vn -0.2585 -0.0000 -0.9660
vn -0.7071 -0.0000 -0.7071
vn -0.9660 -0.0000 -0.2585
vn -0.0000 -0.9660 -0.2585
vn -0.0000 -0.7071 -0.7071
vn -0.0000 -0.2585 -0.9660
vn -0.0000 0.9660 -0.2585
vn -0.0000 0.7071 -0.7071
vn -0.0000 0.2585 -0.9660
vn 0.9660 -0.0000 -0.2585
vn 0.7071 -0.0000 -0.7071
vn 0.2585 -0.0000 -0.9660
vn 0.2585 -0.9660 -0.0000
vn 0.7071 -0.7071 -0.0000
vn 0.9660 -0.2585 -0.0000
vn 0.2585 0.9660 -0.0000
vn 0.7071 0.7071 -0.0000
vn 0.9660 0.2585 -0.0000
vn 0.2585 -0.0000 0.9660
vn 0.7071 -0.0000 0.7071
vn 0.9660 -0.0000 0.2585
vn -0.0000 -0.9660 0.2585
vn -0.0000 -0.7071 0.7071
vn -0.0000 -0.2585 0.9660
vn -0.0000 0.9660 0.2585
vn -0.0000 0.7071 0.7071
vn -0.0000 0.2585 0.9660
vn -0.0000 -1.0000 -0.0000
vn -1.0000 -0.0000 -0.0000
vn -0.0000 -0.0000 1.0000
vn -0.0000 1.0000 -0.0000
vn -0.0000 -0.0000 -1.0000
vn 1.0000 -0.0000 -0.0000
vt 0.131522 0.743478
vt 0.131522 0.746735
vt 0.128403 0.746597
vt 0.128265 0.743478
vt 0.131522 0.750000
vt 0.128403 0.750000
vt 0.382143 0.993478
vt 0.382143 1.000000
vt 0.375000 0.996597
vt 0.375000 0.993478
vt 0.382143 0.000000
vt 0.382143 0.003265
vt 0.375000 0.003403
vt 0.375000 0.000000
vt 0.382143 0.006522
vt 0.375000 0.006522
vt 0.125000 0.743478
vt 0.125000 0.746597
vt 0.617857 0.993478
vt 0.621424 0.993478
vt 0.621273 1.000000
vt 0.617857 1.000000
vt 0.625000 0.993478
vt 0.625000 1.000000
vt 0.868478 0.743478
vt 0.875000 0.743478
vt 0.875000 0.746597
vt 0.868478 0.750000
vt 0.625000 0.006522
vt 0.621424 0.006522
vt 0.621273 0.003403
vt 0.625000 0.003403
vt 0.617857 0.006522
vt 0.617857 0.003265
vt 0.617857 0.000000
vt 0.621273 0.000000
vt 0.131522 0.506522
vt 0.128265 0.506522
vt 0.128403 0.503403
vt 0.131522 0.503265
vt 0.125000 0.506522
vt 0.125000 0.503403
vt 0.382143 0.243478
vt 0.382143 0.246735
vt 0.375000 0.246597
vt 0.375000 0.243478
vt 0.382143 0.253265
vt 0.375000 0.253403
vt 0.382143 0.256522
vt 0.375000 0.256522
vt 0.131522 0.500000
vt 0.128403 0.500000
vt 0.868478 0.506522
vt 0.868478 0.500000
vt 0.875000 0.503403
vt 0.875000 0.506522
vt 0.625000 0.256522
vt 0.621424 0.256522
vt 0.621273 0.252123
vt 0.625000 0.247731
vt 0.617857 0.256522
vt 0.617857 0.253265
vt 0.617857 0.246735
vt 0.621273 0.246597
vt 0.617857 0.243478
vt 0.621424 0.243478
vt 0.625000 0.243478
vt 0.368478 0.743478
vt 0.371735 0.743478
vt 0.371597 0.746597
vt 0.368478 0.746735
vt 0.378576 0.743478
vt 0.377366 0.746597
vt 0.382143 0.743478
vt 0.382143 0.746735
vt 0.382143 0.753265
vt 0.373298 0.751702
vt 0.382143 0.756522
vt 0.371739 0.753261
vt 0.631522 0.743478
vt 0.628261 0.753261
vt 0.626701 0.751701
vt 0.628265 0.743478
vt 0.621424 0.756522
vt 0.621273 0.753403
vt 0.617857 0.756522
vt 0.617857 0.753265
vt 0.617857 0.746735
vt 0.621273 0.747877
vt 0.617857 0.743478
vt 0.621424 0.743478
vt 0.368478 0.506522
vt 0.368478 0.503265
vt 0.371597 0.503403
vt 0.371735 0.506522
vt 0.371739 0.496739
vt 0.373299 0.498299
vt 0.382143 0.493478
vt 0.382143 0.496735
vt 0.382143 0.503265
vt 0.377366 0.503403
vt 0.382143 0.506522
vt 0.378576 0.506522
vt 0.631522 0.506522
vt 0.628265 0.506522
vt 0.626702 0.498298
vt 0.628261 0.496739
vt 0.621424 0.506522
vt 0.621273 0.502123
vt 0.617857 0.506522
vt 0.617857 0.503265
vt 0.617857 0.496735
vt 0.621273 0.496597
vt 0.617857 0.493478
vt 0.621424 0.493478
s 0
usemtl BoutiqueWall
f 873/1099/863 876/1100/863 878/1101/863 877/1102/863
f 876/1100/864 880/1103/864 881/1104/864 878/1101/864
f 874/1105/865 879/1106/865 881/1107/865 880/1108/865
f 879/1109/866 883/1110/866 884/1111/866 881/1112/866
f 875/1113/867 882/1114/867 884/1111/867 883/1110/867
f 882/1115/868 877/1102/868 878/1101/868 884/1116/868
f 878/1101/869 881/1104/869 884/1116/869
f 885/1117/870 888/1118/870 890/1119/870 889/1120/870
f 888/1118/871 892/1121/871 893/1122/871 890/1119/871
f 886/1123/872 891/1124/872 893/1125/872 892/1126/872
f 891/1127/873 895/1128/873 896/1129/873 893/1130/873
f 887/1131/874 894/1132/874 896/1129/874 895/1128/874
f 894/1132/875 889/1133/875 890/1134/875 896/1129/875
f 890/1134/876 893/1130/876 896/1129/876
f 897/1135/877 900/1136/877 902/1137/877 901/1138/877
f 900/1136/878 904/1139/878 905/1140/878 902/1137/878
f 898/1141/879 903/1142/879 905/1143/879 904/1144/879
f 903/1142/880 907/1145/880 908/1146/880 905/1143/880
f 899/1147/881 906/1148/881 908/1146/881 907/1145/881
f 906/1149/882 901/1138/882 902/1137/882 908/1150/882
f 902/1137/883 905/1140/883 908/1150/883
f 909/1151/884 912/1152/884 914/1153/884 913/1154/884
f 912/1155/885 916/1156/885 917/1157/885 914/1158/885
f 910/1159/886 915/1160/886 917/1157/886 916/1156/886
f 915/1160/887 919/1161/887 920/1162/887 917/1157/887
f 911/1163/888 918/1164/888 920/1162/888 919/1161/888
f 918/1164/889 913/1165/889 914/1158/889 920/1162/889
f 914/1158/890 917/1157/890 920/1162/890
f 921/1166/891 924/1167/891 926/1168/891 925/1169/891
f 924/1167/892 928/1170/892 929/1171/892 926/1168/892
f 922/1172/893 927/1173/893 929/1171/893 928/1170/893
f 927/1173/894 931/1174/894 932/1175/894 929/1171/894
f 923/1176/895 930/1177/895 932/1175/895 931/1174/895
f 930/1177/896 925/1169/896 926/1168/896 932/1175/896
f 926/1168/897 929/1171/897 932/1175/897
f 933/1178/898 936/1179/898 938/1180/898 937/1181/898
f 936/1179/899 940/1182/899 941/1183/899 938/1180/899
f 934/1184/900 939/1185/900 941/1183/900 940/1182/900
f 939/1185/901 943/1186/901 944/1187/901 941/1183/901
f 935/1188/902 942/1189/902 944/1187/902 943/1186/902
f 942/1189/903 937/1181/903 938/1180/903 944/1187/903
f 938/1180/904 941/1183/904 944/1187/904
f 945/1190/905 948/1191/905 950/1192/905 949/1193/905
f 948/1191/906 952/1194/906 953/1195/906 950/1192/906
f 946/1196/907 951/1197/907 953/1195/907 952/1194/907
f 951/1197/908 955/1198/908 956/1199/908 953/1195/908
f 947/1200/909 954/1201/909 956/1199/909 955/1198/909
f 954/1201/910 949/1193/910 950/1192/910 956/1199/910
f 950/1192/911 953/1195/911 956/1199/911
f 957/1202/912 960/1203/912 962/1204/912 961/1205/912
f 960/1203/913 964/1206/913 965/1207/913 962/1204/913
f 958/1208/914 963/1209/914 965/1207/914 964/1206/914
f 963/1209/915 967/1210/915 968/1211/915 965/1207/915
f 959/1212/916 966/1213/916 968/1211/916 967/1210/916
f 966/1213/917 961/1205/917 962/1204/917 968/1211/917
f 962/1204/918 965/1207/918 968/1211/918
f 897/1135/919 873/1099/919 877/1102/919 900/1136/919
f 900/1136/920 877/1102/920 882/1115/920 904/1139/920
f 904/1144/921 882/1114/921 875/1113/921 898/1141/921
f 874/1105/922 885/1117/922 889/1120/922 879/1106/922
f 879/1109/923 889/1133/923 894/1132/923 883/1110/923
f 883/1110/924 894/1132/924 887/1131/924 875/1113/924
f 886/1123/925 909/1151/925 913/1154/925 891/1124/925
f 891/1127/926 913/1165/926 918/1164/926 895/1128/926
f 895/1128/927 918/1164/927 911/1163/927 887/1131/927
f 910/1159/928 899/1147/928 907/1145/928 915/1160/928
f 915/1160/929 907/1145/929 903/1142/929 919/1161/929
f 919/1161/930 903/1142/930 898/1141/930 911/1163/930
f 945/1190/931 897/1135/931 901/1138/931 948/1191/931
f 948/1191/932 901/1138/932 906/1149/932 952/1194/932
f 952/1194/933 906/1148/933 899/1147/933 946/1196/933
f 909/1151/934 957/1202/934 961/1205/934 912/1152/934
f 912/1155/935 961/1205/935 966/1213/935 916/1156/935
f 916/1156/936 966/1213/936 959/1212/936 910/1159/936
f 958/1208/937 947/1200/937 955/1198/937 963/1209/937
f 963/1209/938 955/1198/938 951/1197/938 967/1210/938
f 967/1210/939 951/1197/939 946/1196/939 959/1212/939
f 921/1166/940 945/1190/940 949/1193/940 924/1167/940
f 924/1167/941 949/1193/941 954/1201/941 928/1170/941
f 928/1170/942 954/1201/942 947/1200/942 922/1172/942
f 957/1202/943 933/1178/943 937/1181/943 960/1203/943
f 960/1203/944 937/1181/944 942/1189/944 964/1206/944
f 964/1206/945 942/1189/945 935/1188/945 958/1208/945
f 934/1184/946 923/1176/946 931/1174/946 939/1185/946
f 939/1185/947 931/1174/947 927/1173/947 943/1186/947
f 943/1186/948 927/1173/948 922/1172/948 935/1188/948
f 873/1099/949 921/1166/949 925/1169/949 876/1100/949
f 876/1100/950 925/1169/950 930/1177/950 880/1103/950
f 880/1108/951 930/1177/951 923/1176/951 874/1105/951
f 933/1178/952 886/1123/952 892/1126/952 936/1179/952
f 936/1179/953 892/1121/953 888/1118/953 940/1182/953
f 940/1182/954 888/1118/954 885/1117/954 934/1184/954
f 897/1135/955 945/1190/955 921/1166/955 873/1099/955
f 875/1113/956 887/1131/956 911/1163/956 898/1141/956
f 923/1176/957 934/1184/957 885/1117/957 874/1105/957
f 957/1202/958 909/1151/958 886/1123/958 933/1178/958
f 899/1147/959 910/1159/959 959/1212/959 946/1196/959
f 947/1200/960 958/1208/960 935/1188/960 922/1172/960
o Boutique_Roof
v 3.100000 2.145000 4.500000
v 3.100000 2.195000 4.550000
v 3.050000 2.195000 4.500000
v 3.100000 2.151680 4.524967
v 3.075033 2.151680 4.500000
v 3.076089 2.158168 4.523911
v 3.075033 2.195000 4.543320
v 3.100000 2.170033 4.543320
v 3.076089 2.171089 4.536832
v 3.056680 2.170033 4.500000
v 3.056680 2.195000 4.524967
v 3.063168 2.171089 4.523911
v 3.100000 2.445000 4.550000
v 3.100000 2.495000 4.500000
v 3.050000 2.445000 4.500000
v 3.100000 2.469967 4.543320
v 3.075033 2.445000 4.543320
v 3.076089 2.468910 4.536832
v 3.075033 2.488320 4.500000
v 3.100000 2.488320 4.524967
v 3.076089 2.481831 4.523911
v 3.056680 2.445000 4.524967
v 3.056680 2.469967 4.500000
v 3.063168 2.468910 4.523911
v 3.100000 2.145000 2.100000
v 3.050000 2.195000 2.100000
v 3.100000 2.195000 2.050000
v 3.075033 2.151680 2.100000
v 3.100000 2.151680 2.075033
v 3.076090 2.158168 2.076089
v 3.056680 2.195000 2.075033
v 3.056680 2.170033 2.100000
v 3.063169 2.171089 2.076089
v 3.100000 2.170033 2.056680
v 3.075033 2.195000 2.056680
v 3.076090 2.171089 2.063168
v 3.100000 2.495000 2.100000
v 3.100000 2.445000 2.050000
v 3.050000 2.445000 2.100000
v 3.100000 2.488320 2.075033
v 3.075033 2.488320 2.100000
v 3.076089 2.481831 2.076089
v 3.075033 2.445000 2.056680
v 3.100000 2.469967 2.056680
v 3.076089 2.468910 2.063168
v 3.056680 2.469967 2.100000
v 3.056680 2.445000 2.075033
v 3.063168 2.468910 2.076089
v 5.500000 2.145000 4.500000
v 5.550000 2.195000 4.500000
v 5.500000 2.195000 4.550000
v 5.524967 2.151680 4.500000
v 5.500000 2.151680 4.524967
v 5.523910 2.158168 4.523911
v 5.543320 2.195000 4.524967
v 5.543320 2.170033 4.500000
v 5.536831 2.171089 4.523911
v 5.500000 2.170033 4.543320
v 5.524967 2.195000 4.543320
v 5.523910 2.171089 4.536832
v 5.500000 2.495000 4.500000
v 5.500000 2.445000 4.550000
v 5.550000 2.445000 4.500000
v 5.500000 2.488320 4.524967
v 5.524967 2.488320 4.500000
v 5.523910 2.481831 4.523911
v 5.524967 2.445000 4.543320
v 5.500000 2.469967 4.543320
v 5.523910 2.468910 4.536832
v 5.543320 2.469967 4.500000
v 5.543320 2.445000 4.524967
v 5.536831 2.468910 4.523911
v 5.500000 2.145000 2.100000
v 5.500000 2.195000 2.050000
v 5.550000 2.195000 2.100000
v 5.500000 2.151680 2.075033
v 5.524967 2.151680 2.100000
v 5.523910 2.158168 2.076089
v 5.524967 2.195000 2.056680
v 5.500000 2.170033 2.056680
v 5.523910 2.171089 2.063168
v 5.543320 2.170033 2.100000
v 5.543320 2.195000 2.075033
v 5.536831 2.171089 2.076089
v 5.500000 2.495000 2.100000
v 5.550000 2.445000 2.100000
v 5.500000 2.445000 2.050000
v 5.524967 2.488320 2.100000
v 5.500000 2.488320 2.075033
v 5.523910 2.481831 2.076089
v 5.543320 2.445000 2.075033
v 5.543320 2.469967 2.100000
v 5.536831 2.468910 2.076089
v 5.500000 2.469967 2.056680
v 5.524967 2.445000 2.056680
v 5.523910 2.468910 2.063168
vn -0.2566 -0.9318 0.2566
vn -0.2178 -0.6901 0.6901
vn -0.2566 -0.2566 0.9318
vn -0.6901 -0.2178 0.6901
vn -0.9318 -0.2566 0.2566
vn -0.6901 -0.6901 0.2178
vn -0.5773 -0.5774 0.5774
vn -0.2566 0.2566 0.9318
vn -0.2178 0.6901 0.6901
vn -0.2566 0.9318 0.2566
vn -0.6901 0.6901 0.2178
vn -0.9318 0.2566 0.2566
vn -0.6901 0.2178 0.6901
vn -0.5774 0.5774 0.5774
vn -0.2566 -0.9318 -0.2566
vn -0.6901 -0.6901 -0.2178
vn -0.9318 -0.2566 -0.2566
vn -0.6901 -0.2178 -0.6901
vn -0.2566 -0.2566 -0.9318
vn -0.2178 -0.6901 -0.6901
vn -0.5773 -0.5774 -0.5774
vn -0.2566 0.9318 -0.2566
vn -0.2178 0.6901 -0.6901
vn -0.2566 0.2566 -0.9318
vn -0.6901 0.2178 -0.6901
vn -0.9318 0.2566 -0.2566
vn -0.6901 0.6901 -0.2178
vn -0.5773 0.5774 -0.5774
vn 0.2566 -0.9318 0.2566
vn 0.6901 -0.6901 0.2178
vn 0.9318 -0.2566 0.2566
vn 0.6901 -0.2178 0.6901
vn 0.2566 -0.2566 0.9318
vn 0.2178 -0.6901 0.6901
vn 0.5773 -0.5774 0.5773
vn 0.2566 0.9318 0.2566
vn 0.2178 0.6901 0.6901
vn 0.2566 0.2566 0.9318
vn 0.6901 0.2178 0.6901
vn 0.9318 0.2566 0.2566
vn 0.6901 0.6901 0.2178
vn 0.5774 0.5774 0.5773
vn 0.2566 -0.9318 -0.2566
vn 0.2178 -0.6901 -0.6901
vn 0.2566 -0.2566 -0.9318
vn 0.6901 -0.2178 -0.6901
vn 0.9318 -0.2566 -0.2566
vn 0.6901 -0.6901 -0.2178
vn 0.5773 -0.5774 -0.5773
vn 0.2566 0.9318 -0.2566
vn 0.6901 0.6901 -0.2178
vn 0.9318 0.2566 -0.2566
vn 0.6901 0.2178 -0.6901
vn 0.2566 0.2566 -0.9318
vn 0.2178 0.6901 -0.6901
vn 0.5773 0.5774 -0.5773
vn -0.2584 -0.9660 -0.0000
vn -0.7071 -0.7071 -0.0000
vn -0.9660 -0.2585 -0.0000
vn -0.2585 -0.0000 0.9660
vn -0.7071 -0.0000 0.7071
vn -0.9660 -0.0000 0.2584
vn -0.2585 0.9660 -0.0000
vn -0.7071 0.7071 -0.0000
vn -0.9660 0.2584 -0.0000
vn -0.2585 -0.0000 -0.9660
vn -0.7071 -0.0000 -0.7071
vn -0.9660 -0.0000 -0.2585
vn -0.0000 -0.9660 -0.2585
vn -0.0000 -0.7071 -0.7071
vn -0.0000 -0.2584 -0.9660
vn -0.0000 0.9660 -0.2585
vn -0.0000 0.7071 -0.7071
vn -0.0000 0.2585 -0.9660
vn 0.9660 -0.0000 -0.2585
vn 0.7071 -0.0000 -0.7071
vn 0.2585 -0.0000 -0.9660
vn 0.2585 -0.9660 -0.0000
vn 0.7071 -0.7071 -0.0000
vn 0.9660 -0.2585 -0.0000
vn 0.2585 0.9660 -0.0000
vn 0.7071 0.7071 -0.0000
vn 0.9660 0.2585 -0.0000
vn 0.2585 -0.0000 0.9660
vn 0.7071 -0.0000 0.7071
vn 0.9660 -0.0000 0.2585
vn -0.0000 -0.9660 0.2585
vn -0.0000 -0.7071 0.7071
vn -0.0000 -0.2585 0.9660
vn -0.0000 0.9660 0.2585
vn -0.0000 0.7071 0.7071
vn -0.0000 0.2585 0.9660
vn -0.0000 -1.0000 -0.0000
vn -1.0000 -0.0000 -0.0000
vn -0.0000 -0.0000 1.0000
vn -0.0000 1.0000 -0.0000
vn -0.0000 -0.0000 -1.0000
vn 1.0000 -0.0000 -0.0000
vt 0.130000 0.745000
vt 0.130000 0.747497
vt 0.127609 0.747391
vt 0.127503 0.745000
vt 0.130000 0.750000
vt 0.127609 0.750000
vt 0.410714 0.995000
vt 0.410714 1.000000
vt 0.375000 0.997391
vt 0.375000 0.995000
vt 0.410714 0.000000
vt 0.410714 0.002503
vt 0.375000 0.002609
vt 0.375000 0.000000
vt 0.410714 0.005000
vt 0.375000 0.005000
vt 0.125000 0.745000
vt 0.125000 0.747391
vt 0.589286 0.995000
vt 0.607119 0.995000
vt 0.606364 1.000000
vt 0.589286 1.000000
vt 0.625000 0.995000
vt 0.625000 1.000000
vt 0.870000 0.745000
vt 0.875000 0.745000
vt 0.875000 0.747391
vt 0.870000 0.750000
vt 0.625000 0.005000
vt 0.607119 0.005000
vt 0.606365 0.002609
vt 0.625000 0.002609
vt 0.589286 0.005000
vt 0.589286 0.002503
vt 0.589286 0.000000
vt 0.606365 0.000000
vt 0.130000 0.505000
vt 0.127503 0.505000
vt 0.127609 0.502609
vt 0.130000 0.502503
vt 0.125000 0.505000
vt 0.125000 0.502609
vt 0.410714 0.245000
vt 0.410714 0.247497
vt 0.375000 0.247391
vt 0.375000 0.245000
vt 0.410714 0.252503
vt 0.375000 0.252609
vt 0.410714 0.255000
vt 0.375000 0.255000
vt 0.130000 0.500000
vt 0.127609 0.500000
vt 0.870000 0.505000
vt 0.870000 0.500000
vt 0.875000 0.502609
vt 0.875000 0.505000
vt 0.625000 0.255000
vt 0.607119 0.255000
vt 0.606364 0.251627
vt 0.625000 0.248261
vt 0.589286 0.255000
vt 0.589285 0.252503
vt 0.589286 0.247497
vt 0.606364 0.247391
vt 0.589286 0.245000
vt 0.607119 0.245000
vt 0.625000 0.245000
vt 0.370000 0.745000
vt 0.372497 0.745000
vt 0.372391 0.747391
vt 0.370000 0.747497
vt 0.392881 0.745000
vt 0.388647 0.747391
vt 0.410714 0.745000
vt 0.410714 0.747497
vt 0.410714 0.752503
vt 0.373695 0.751305
vt 0.410714 0.755000
vt 0.372500 0.752500
vt 0.630000 0.745000
vt 0.627500 0.752500
vt 0.626305 0.751305
vt 0.627503 0.745000
vt 0.607119 0.755000
vt 0.606365 0.752609
vt 0.589286 0.755000
vt 0.589286 0.752503
vt 0.589286 0.747497
vt 0.606364 0.748372
vt 0.589286 0.745000
vt 0.607119 0.745000
vt 0.370000 0.505000
vt 0.370000 0.502503
vt 0.372391 0.502609
vt 0.372497 0.505000
vt 0.372500 0.497500
vt 0.373695 0.498695
vt 0.410714 0.495000
vt 0.410714 0.497497
vt 0.410714 0.502503
vt 0.388647 0.502609
vt 0.410714 0.505000
vt 0.392881 0.505000
vt 0.630000 0.505000
vt 0.627503 0.505000
vt 0.626305 0.498695
vt 0.627500 0.497500
vt 0.607119 0.505000
vt 0.606364 0.501628
vt 0.589286 0.505000
vt 0.589286 0.502503
vt 0.589286 0.497497
vt 0.606365 0.497391
vt 0.589286 0.495000
vt 0.607119 0.495000
s 0
usemtl RoofDark
f 969/1214/961 972/1215/961 974/1216/961 973/1217/961
f 972/1215/962 976/1218/962 977/1219/962 974/1216/962
f 970/1220/963 975/1221/963 977/1222/963 976/1223/963
f 975/1224/964 979/1225/964 980/1226/964 977/1227/964
f 971/1228/965 978/1229/965 980/1226/965 979/1225/965
f 978/1230/966 973/1217/966 974/1216/966 980/1231/966
f 974/1216/967 977/1219/967 980/1231/967
f 981/1232/968 984/1233/968 986/1234/968 985/1235/968
f 984/1233/969 988/1236/969 989/1237/969 986/1234/969
f 982/1238/970 987/1239/970 989/1240/970 988/1241/970
f 987/1242/971 991/1243/971 992/1244/971 989/1245/971
f 983/1246/972 990/1247/972 992/1244/972 991/1243/972
f 990/1247/973 985/1248/973 986/1249/973 992/1244/973
f 986/1249/974 989/1245/974 992/1244/974
f 993/1250/975 996/1251/975 998/1252/975 997/1253/975
f 996/1251/976 1000/1254/976 1001/1255/976 998/1252/976
f 994/1256/977 999/1257/977 1001/1258/977 1000/1259/977
f 999/1257/978 1003/1260/978 1004/1261/978 1001/1258/978
f 995/1262/979 1002/1263/979 1004/1261/979 1003/1260/979
f 1002/1264/980 997/1253/980 998/1252/980 1004/1265/980
f 998/1252/981 1001/1255/981 1004/1265/981
f 1005/1266/982 1008/1267/982 1010/1268/982 1009/1269/982
f 1008/1270/983 1012/1271/983 1013/1272/983 1010/1273/983
f 1006/1274/984 1011/1275/984 1013/1272/984 1012/1271/984
f 1011/1275/985 1015/1276/985 1016/1277/985 1013/1272/985
f 1007/1278/986 1014/1279/986 1016/1277/986 1015/1276/986
f 1014/1279/987 1009/1280/987 1010/1273/987 1016/1277/987
f 1010/1273/988 1013/1272/988 1016/1277/988
f 1017/1281/989 1020/1282/989 1022/1283/989 1021/1284/989
f 1020/1282/990 1024/1285/990 1025/1286/990 1022/1283/990
f 1018/1287/991 1023/1288/991 1025/1286/991 1024/1285/991
f 1023/1288/992 1027/1289/992 1028/1290/992 1025/1286/992
f 1019/1291/993 1026/1292/993 1028/1290/993 1027/1289/993
f 1026/1292/994 1021/1284/994 1022/1283/994 1028/1290/994
f 1022/1283/995 1025/1286/995 1028/1290/995
f 1029/1293/996 1032/1294/996 1034/1295/996 1033/1296/996
f 1032/1294/997 1036/1297/997 1037/1298/997 1034/1295/997
f 1030/1299/998 1035/1300/998 1037/1298/998 1036/1297/998
f 1035/1300/999 1039/1301/999 1040/1302/999 1037/1298/999
f 1031/1303/1000 1038/1304/1000 1040/1302/1000 1039/1301/1000
f 1038/1304/1001 1033/1296/1001 1034/1295/1001 1040/1302/1001
f 1034/1295/1002 1037/1298/1002 1040/1302/1002
f 1041/1305/1003 1044/1306/1003 1046/1307/1003 1045/1308/1003
f 1044/1306/1004 1048/1309/1004 1049/1310/1004 1046/1307/1004
f 1042/1311/1005 1047/1312/1005 1049/1310/1005 1048/1309/1005
f 1047/1312/1006 1051/1313/1006 1052/1314/1006 1049/1310/1006
f 1043/1315/1007 1050/1316/1007 1052/1314/1007 1051/1313/1007
f 1050/1316/1008 1045/1308/1008 1046/1307/1008 1052/1314/1008
f 1046/1307/1009 1049/1310/1009 1052/1314/1009
f 1053/1317/1010 1056/1318/1010 1058/1319/1010 1057/1320/1010
f 1056/1318/1011 1060/1321/1011 1061/1322/1011 1058/1319/1011
f 1054/1323/1012 1059/1324/1012 1061/1322/1012 1060/1321/1012
f 1059/1324/1013 1063/1325/1013 1064/1326/1013 1061/1322/1013
f 1055/1327/1014 1062/1328/1014 1064/1326/1014 1063/1325/1014
f 1062/1328/1015 1057/1320/1015 1058/1319/1015 1064/1326/1015
f 1058/1319/1016 1061/1322/1016 1064/1326/1016
f 993/1250/1017 969/1214/1017 973/1217/1017 996/1251/1017
f 996/1251/1018 973/1217/1018 978/1230/1018 1000/1254/1018
f 1000/1259/1019 978/1229/1019 971/1228/1019 994/1256/1019
f 970/1220/1020 981/1232/1020 985/1235/1020 975/1221/1020
f 975/1224/1021 985/1248/1021 990/1247/1021 979/1225/1021
f 979/1225/1022 990/1247/1022 983/1246/1022 971/1228/1022
f 982/1238/1023 1005/1266/1023 1009/1269/1023 987/1239/1023
f 987/1242/1024 1009/1280/1024 1014/1279/1024 991/1243/1024
f 991/1243/1025 1014/1279/1025 1007/1278/1025 983/1246/1025
f 1006/1274/1026 995/1262/1026 1003/1260/1026 1011/1275/1026
f 1011/1275/1027 1003/1260/1027 999/1257/1027 1015/1276/1027
f 1015/1276/1028 999/1257/1028 994/1256/1028 1007/1278/1028
f 1041/1305/1029 993/1250/1029 997/1253/1029 1044/1306/1029
f 1044/1306/1030 997/1253/1030 1002/1264/1030 1048/1309/1030
f 1048/1309/1031 1002/1263/1031 995/1262/1031 1042/1311/1031
f 1005/1266/1032 1053/1317/1032 1057/1320/1032 1008/1267/1032
f 1008/1270/1033 1057/1320/1033 1062/1328/1033 1012/1271/1033
f 1012/1271/1034 1062/1328/1034 1055/1327/1034 1006/1274/1034
f 1054/1323/1035 1043/1315/1035 1051/1313/1035 1059/1324/1035
f 1059/1324/1036 1051/1313/1036 1047/1312/1036 1063/1325/1036
f 1063/1325/1037 1047/1312/1037 1042/1311/1037 1055/1327/1037
f 1017/1281/1038 1041/1305/1038 1045/1308/1038 1020/1282/1038
f 1020/1282/1039 1045/1308/1039 1050/1316/1039 1024/1285/1039
f 1024/1285/1040 1050/1316/1040 1043/1315/1040 1018/1287/1040
f 1053/1317/1041 1029/1293/1041 1033/1296/1041 1056/1318/1041
f 1056/1318/1042 1033/1296/1042 1038/1304/1042 1060/1321/1042
f 1060/1321/1043 1038/1304/1043 1031/1303/1043 1054/1323/1043
f 1030/1299/1044 1019/1291/1044 1027/1289/1044 1035/1300/1044
f 1035/1300/1045 1027/1289/1045 1023/1288/1045 1039/1301/1045
f 1039/1301/1046 1023/1288/1046 1018/1287/1046 1031/1303/1046
f 969/1214/1047 1017/1281/1047 1021/1284/1047 972/1215/1047
f 972/1215/1048 1021/1284/1048 1026/1292/1048 976/1218/1048
f 976/1223/1049 1026/1292/1049 1019/1291/1049 970/1220/1049
f 1029/1293/1050 982/1238/1050 988/1241/1050 1032/1294/1050
f 1032/1294/1051 988/1236/1051 984/1233/1051 1036/1297/1051
f 1036/1297/1052 984/1233/1052 981/1232/1052 1030/1299/1052
f 993/1250/1053 1041/1305/1053 1017/1281/1053 969/1214/1053
f 971/1228/1054 983/1246/1054 1007/1278/1054 994/1256/1054
f 1019/1291/1055 1030/1299/1055 981/1232/1055 970/1220/1055
f 1053/1317/1056 1005/1266/1056 982/1238/1056 1029/1293/1056
f 995/1262/1057 1006/1274/1057 1055/1327/1057 1042/1311/1057
f 1043/1315/1058 1054/1323/1058 1031/1303/1058 1018/1287/1058
o Boutique_Window
v 3.400000 0.350000 2.190000
v 3.400000 1.550000 2.190000
v 3.400000 0.350000 2.090000
v 3.400000 1.550000 2.090000
v 5.200000 0.350000 2.190000
v 5.200000 1.550000 2.190000
v 5.200000 0.350000 2.090000
v 5.200000 1.550000 2.090000
vn -1.0000 -0.0000 -0.0000
vn -0.0000 -0.0000 -1.0000
vn 1.0000 -0.0000 -0.0000
vn -0.0000 -0.0000 1.0000
vn -0.0000 -1.0000 -0.0000
vn -0.0000 1.0000 -0.0000
vt 0.375000 0.000000
vt 0.625000 0.000000
vt 0.625000 0.250000
vt 0.375000 0.250000
vt 0.625000 0.500000
vt 0.375000 0.500000
vt 0.625000 0.750000
vt 0.375000 0.750000
vt 0.625000 1.000000
vt 0.375000 1.000000
vt 0.125000 0.500000
vt 0.125000 0.750000
vt 0.875000 0.500000
vt 0.875000 0.750000
s 0
usemtl WindowGlow
f 1065/1329/1059 1066/1330/1059 1068/1331/1059 1067/1332/1059
f 1067/1332/1060 1068/1331/1060 1072/1333/1060 1071/1334/1060
f 1071/1334/1061 1072/1333/1061 1070/1335/1061 1069/1336/1061
f 1069/1336/1062 1070/1335/1062 1066/1337/1062 1065/1338/1062
f 1067/1339/1063 1071/1334/1063 1069/1336/1063 1065/1340/1063
f 1072/1333/1064 1068/1341/1064 1066/1342/1064 1070/1335/1064
o Boutique_Awning
v 3.300000 1.151458 2.372545
v 3.300000 1.267369 2.403603
v 3.300000 1.332631 1.696397
v 3.300000 1.448542 1.727455
v 5.300000 1.151458 2.372545
v 5.300000 1.267369 2.403603
v 5.300000 1.332631 1.696397
v 5.300000 1.448542 1.727455
vn -1.0000 -0.0000 -0.0000
vn -0.0000 0.2588 -0.9659
vn 1.0000 -0.0000 -0.0000
vn -0.0000 -0.2588 0.9659
vn -0.0000 -0.9659 -0.2588
vn -0.0000 0.9659 0.2588
vt 0.375000 0.000000
vt 0.625000 0.000000
vt 0.625000 0.250000
vt 0.375000 0.250000
vt 0.625000 0.500000
vt 0.375000 0.500000
vt 0.625000 0.750000
vt 0.375000 0.750000
vt 0.625000 1.000000
vt 0.375000 1.000000
vt 0.125000 0.500000
vt 0.125000 0.750000
vt 0.875000 0.500000
vt 0.875000 0.750000
s 0
usemtl AwningCream
f 1073/1343/1065 1074/1344/1065 1076/1345/1065 1075/1346/1065
f 1075/1346/1066 1076/1345/1066 1080/1347/1066 1079/1348/1066
f 1079/1348/1067 1080/1347/1067 1078/1349/1067 1077/1350/1067
f 1077/1350/1068 1078/1349/1068 1074/1351/1068 1073/1352/1068
f 1075/1353/1069 1079/1348/1069 1077/1350/1069 1073/1354/1069
f 1080/1347/1070 1076/1355/1070 1074/1356/1070 1078/1349/1070
o Tower_Body
v 0.610000 0.100000 4.290000
v 0.610000 0.160000 4.350000
v 0.550000 0.160000 4.290000
v 0.610000 0.108016 4.319961
v 0.580039 0.108016 4.290000
v 0.581307 0.115802 4.318693
v 0.580039 0.160000 4.341984
v 0.610000 0.130039 4.341984
v 0.581307 0.131307 4.334198
v 0.558016 0.130039 4.290000
v 0.558016 0.160000 4.319961
v 0.565802 0.131307 4.318693
v 0.610000 4.440000 4.350000
v 0.610000 4.500000 4.290000
v 0.550000 4.440000 4.290000
v 0.610000 4.469961 4.341984
v 0.580039 4.440001 4.341984
v 0.581307 4.468693 4.334198
v 0.580039 4.491985 4.290000
v 0.610000 4.491985 4.319961
v 0.581307 4.484199 4.318693
v 0.558016 4.440001 4.319961
v 0.558016 4.469961 4.290000
v 0.565802 4.468693 4.318693
v 0.610000 0.100000 2.310000
v 0.550000 0.160000 2.310000
v 0.610000 0.160000 2.250000
v 0.580039 0.108016 2.310000
v 0.610000 0.108016 2.280039
v 0.581307 0.115802 2.281307
v 0.558016 0.160000 2.280039
v 0.558016 0.130039 2.310000
v 0.565802 0.131307 2.281307
v 0.610000 0.130039 2.258016
v 0.580039 0.160000 2.258016
v 0.581307 0.131307 2.265802
v 0.610000 4.500000 2.310000
v 0.610000 4.440000 2.250000
v 0.550000 4.440000 2.310000
v 0.610000 4.491985 2.280039
v 0.580039 4.491985 2.310000
v 0.581307 4.484199 2.281307
v 0.580039 4.440001 2.258016
v 0.610000 4.469961 2.258016
v 0.581307 4.468693 2.265802
v 0.558016 4.469961 2.310000
v 0.558016 4.440001 2.280039
v 0.565802 4.468693 2.281307
v 2.590000 0.100000 4.290000
v 2.650000 0.160000 4.290000
v 2.590000 0.160000 4.350000
v 2.619961 0.108016 4.290000
v 2.590000 0.108016 4.319961
v 2.618693 0.115802 4.318693
v 2.641984 0.160000 4.319961
v 2.641984 0.130039 4.290000
v 2.634198 0.131307 4.318693
v 2.590000 0.130039 4.341984
v 2.619961 0.160000 4.341984
v 2.618693 0.131307 4.334198
v 2.590000 4.500000 4.290000
v 2.590000 4.440000 4.350000
v 2.650000 4.440000 4.290000
v 2.590000 4.491985 4.319961
v 2.619961 4.491985 4.290000
v 2.618693 4.484199 4.318693
v 2.619961 4.440001 4.341984
v 2.590000 4.469961 4.341984
v 2.618693 4.468693 4.334198
v 2.641984 4.469961 4.290000
v 2.641984 4.440001 4.319961
v 2.634198 4.468693 4.318693
v 2.590000 0.100000 2.310000
v 2.590000 0.160000 2.250000
v 2.650000 0.160000 2.310000
v 2.590000 0.108016 2.280039
v 2.619961 0.108016 2.310000
v 2.618693 0.115802 2.281307
v 2.619961 0.160000 2.258016
v 2.590000 0.130039 2.258016
v 2.618693 0.131307 2.265802
v 2.641984 0.130039 2.310000
v 2.641984 0.160000 2.280039
v 2.634198 0.131307 2.281307
v 2.590000 4.500000 2.310000
v 2.650000 4.440000 2.310000
v 2.590000 4.440000 2.250000
v 2.619961 4.491985 2.310000
v 2.590000 4.491985 2.280039
v 2.618693 4.484199 2.281307
v 2.641984 4.440001 2.280039
v 2.641984 4.469961 2.310000
v 2.634198 4.468693 2.281307
v 2.590000 4.469961 2.258016
v 2.619961 4.440001 2.258016
v 2.618693 4.468693 2.265802
vn -0.2566 -0.9318 0.2566
vn -0.2178 -0.6901 0.6901
vn -0.2566 -0.2566 0.9318
vn -0.6901 -0.2178 0.6901
vn -0.9318 -0.2566 0.2566
vn -0.6901 -0.6901 0.2178
vn -0.5774 -0.5774 0.5773
vn -0.2566 0.2566 0.9318
vn -0.2178 0.6901 0.6901
vn -0.2566 0.9318 0.2566
vn -0.6901 0.6901 0.2178
vn -0.9318 0.2566 0.2566
vn -0.6901 0.2178 0.6901
vn -0.5774 0.5774 0.5773
vn -0.2566 -0.9318 -0.2566
vn -0.6901 -0.6901 -0.2178
vn -0.9318 -0.2566 -0.2566
vn -0.6901 -0.2178 -0.6901
vn -0.2566 -0.2566 -0.9318
vn -0.2178 -0.6901 -0.6901
vn -0.5774 -0.5773 -0.5774
vn -0.2566 0.9318 -0.2566
vn -0.2178 0.6901 -0.6901
vn -0.2566 0.2566 -0.9318
vn -0.6901 0.2178 -0.6901
vn -0.9318 0.2566 -0.2566
vn -0.6901 0.6901 -0.2178
vn -0.5774 0.5773 -0.5774
vn 0.2566 -0.9318 0.2566
vn 0.6901 -0.6901 0.2178
vn 0.9318 -0.2566 0.2566
vn 0.6901 -0.2178 0.6901
vn 0.2566 -0.2566 0.9318
vn 0.2178 -0.6901 0.6901
vn 0.5773 -0.5774 0.5773
vn 0.2566 0.9318 0.2566
vn 0.2178 0.6901 0.6901
vn 0.2566 0.2566 0.9318
vn 0.6901 0.2178 0.6901
vn 0.9318 0.2566 0.2566
vn 0.6901 0.6901 0.2178
vn 0.5773 0.5774 0.5773
vn 0.2566 -0.9318 -0.2566
vn 0.2178 -0.6901 -0.6901
vn 0.2566 -0.2566 -0.9318
vn 0.6901 -0.2178 -0.6901
vn 0.9318 -0.2566 -0.2566
vn 0.6901 -0.6901 -0.2178
vn 0.5774 -0.5773 -0.5774
vn 0.2566 0.9318 -0.2566
vn 0.6901 0.6901 -0.2178
vn 0.9318 0.2566 -0.2566
vn 0.6901 0.2178 -0.6901
vn 0.2566 0.2566 -0.9318
vn 0.2178 0.6901 -0.6901
vn 0.5774 0.5773 -0.5774
vn -0.2585 -0.9660 -0.0000
vn -0.7071 -0.7071 -0.0000
vn -0.9660 -0.2585 -0.0000
vn -0.2584 -0.0000 0.9660
vn -0.7071 -0.0000 0.7071
vn -0.9660 -0.0000 0.2585
vn -0.2584 0.9660 -0.0000
vn -0.7071 0.7071 -0.0000
vn -0.9660 0.2585 -0.0000
vn -0.2585 -0.0000 -0.9660
vn -0.7071 -0.0000 -0.7071
vn -0.9660 -0.0000 -0.2585
vn -0.0000 -0.9660 -0.2585
vn -0.0000 -0.7071 -0.7071
vn -0.0000 -0.2585 -0.9660
vn -0.0000 0.9660 -0.2584
vn -0.0000 0.7071 -0.7071
vn -0.0000 0.2585 -0.9660
vn 0.9660 -0.0000 -0.2585
vn 0.7071 -0.0000 -0.7071
vn 0.2585 -0.0000 -0.9660
vn 0.2585 -0.9660 -0.0000
vn 0.7071 -0.7071 -0.0000
vn 0.9660 -0.2585 -0.0000
vn 0.2584 0.9660 -0.0000
vn 0.7071 0.7071 -0.0000
vn 0.9660 0.2585 -0.0000
vn 0.2584 -0.0000 0.9660
vn 0.7071 -0.0000 0.7071
vn 0.9660 -0.0000 0.2585
vn -0.0000 -0.9660 0.2585
vn -0.0000 -0.7071 0.7071
vn -0.0000 -0.2585 0.9660
vn -0.0000 0.9660 0.2584
vn -0.0000 0.7071 0.7071
vn -0.0000 0.2584 0.9660
vn -0.0000 -1.0000 -0.0000
vn -1.0000 -0.0000 -0.0000
vn -0.0000 -0.0000 1.0000
vn -0.0000 1.0000 -0.0000
vn -0.0000 -0.0000 -1.0000
vn 1.0000 -0.0000 -0.0000
vt 0.132143 0.742857
vt 0.132143 0.746424
vt 0.128727 0.746273
vt 0.128576 0.742857
vt 0.132143 0.750000
vt 0.128727 0.750000
vt 0.378409 0.992857
vt 0.378409 1.000000
vt 0.375000 0.996273
vt 0.375000 0.992857
vt 0.378409 0.000000
vt 0.378409 0.003576
vt 0.375000 0.003727
vt 0.375000 0.000000
vt 0.378409 0.007143
vt 0.375000 0.007143
vt 0.125000 0.742857
vt 0.125000 0.746273
vt 0.621591 0.992857
vt 0.623293 0.992857
vt 0.623221 1.000000
vt 0.621591 1.000000
vt 0.625000 0.992857
vt 0.625000 1.000000
vt 0.867857 0.742857
vt 0.875000 0.742857
vt 0.875000 0.746273
vt 0.867857 0.750000
vt 0.625000 0.007143
vt 0.623293 0.007143
vt 0.623221 0.003727
vt 0.625000 0.003727
vt 0.621591 0.007143
vt 0.621591 0.003576
vt 0.621591 0.000000
vt 0.623221 0.000000
vt 0.132143 0.507143
vt 0.128576 0.507143
vt 0.128727 0.503727
vt 0.132143 0.503576
vt 0.125000 0.507143
vt 0.125000 0.503727
vt 0.378409 0.242857
vt 0.378409 0.246424
vt 0.375000 0.246273
vt 0.375000 0.242857
vt 0.378409 0.253576
vt 0.375000 0.253727
vt 0.378409 0.257143
vt 0.375000 0.257143
vt 0.132143 0.500000
vt 0.128727 0.500000
vt 0.867857 0.507143
vt 0.867857 0.500000
vt 0.875000 0.503727
vt 0.875000 0.507143
vt 0.625000 0.257143
vt 0.623293 0.257143
vt 0.623221 0.252325
vt 0.625000 0.247515
vt 0.621591 0.257143
vt 0.621591 0.253576
vt 0.621591 0.246424
vt 0.623221 0.246273
vt 0.621591 0.242857
vt 0.623293 0.242857
vt 0.625000 0.242857
vt 0.367857 0.742857
vt 0.371424 0.742857
vt 0.371273 0.746273
vt 0.367857 0.746424
vt 0.376707 0.742857
vt 0.375864 0.746273
vt 0.378409 0.742857
vt 0.378409 0.746424
vt 0.378409 0.753576
vt 0.373137 0.751864
vt 0.378409 0.757143
vt 0.371429 0.753571
vt 0.632143 0.742857
vt 0.628571 0.753571
vt 0.626863 0.751864
vt 0.628576 0.742857
vt 0.623293 0.757143
vt 0.623221 0.753727
vt 0.621591 0.757143
vt 0.621591 0.753576
vt 0.621591 0.746424
vt 0.623221 0.747675
vt 0.621591 0.742857
vt 0.623293 0.742857
vt 0.367857 0.507143
vt 0.367857 0.503576
vt 0.371273 0.503727
vt 0.371424 0.507143
vt 0.371429 0.496429
vt 0.373136 0.498136
vt 0.378409 0.492857
vt 0.378409 0.496424
vt 0.378409 0.503576
vt 0.375864 0.503727
vt 0.378409 0.507143
vt 0.376707 0.507143
vt 0.632143 0.507143
vt 0.628576 0.507143
vt 0.626863 0.498136
vt 0.628571 0.496429
vt 0.623293 0.507143
vt 0.623221 0.502325
vt 0.621591 0.507143
vt 0.621591 0.503576
vt 0.621591 0.496424
vt 0.623221 0.496273
vt 0.621591 0.492857
vt 0.623293 0.492857
s 0
usemtl ResidenceWall
f 1081/1357/1071 1084/1358/1071 1086/1359/1071 1085/1360/1071
f 1084/1358/1072 1088/1361/1072 1089/1362/1072 1086/1359/1072
f 1082/1363/1073 1087/1364/1073 1089/1365/1073 1088/1366/1073
f 1087/1367/1074 1091/1368/1074 1092/1369/1074 1089/1370/1074
f 1083/1371/1075 1090/1372/1075 1092/1369/1075 1091/1368/1075
f 1090/1373/1076 1085/1360/1076 1086/1359/1076 1092/1374/1076
f 1086/1359/1077 1089/1362/1077 1092/1374/1077
f 1093/1375/1078 1096/1376/1078 1098/1377/1078 1097/1378/1078
f 1096/1376/1079 1100/1379/1079 1101/1380/1079 1098/1377/1079
f 1094/1381/1080 1099/1382/1080 1101/1383/1080 1100/1384/1080
f 1099/1385/1081 1103/1386/1081 1104/1387/1081 1101/1388/1081
f 1095/1389/1082 1102/1390/1082 1104/1387/1082 1103/1386/1082
f 1102/1390/1083 1097/1391/1083 1098/1392/1083 1104/1387/1083
f 1098/1392/1084 1101/1388/1084 1104/1387/1084
f 1105/1393/1085 1108/1394/1085 1110/1395/1085 1109/1396/1085
f 1108/1394/1086 1112/1397/1086 1113/1398/1086 1110/1395/1086
f 1106/1399/1087 1111/1400/1087 1113/1401/1087 1112/1402/1087
f 1111/1400/1088 1115/1403/1088 1116/1404/1088 1113/1401/1088
f 1107/1405/1089 1114/1406/1089 1116/1404/1089 1115/1403/1089
f 1114/1407/1090 1109/1396/1090 1110/1395/1090 1116/1408/1090
f 1110/1395/1091 1113/1398/1091 1116/1408/1091
f 1117/1409/1092 1120/1410/1092 1122/1411/1092 1121/1412/1092
f 1120/1413/1093 1124/1414/1093 1125/1415/1093 1122/1416/1093
f 1118/1417/1094 1123/1418/1094 1125/1415/1094 1124/1414/1094
f 1123/1418/1095 1127/1419/1095 1128/1420/1095 1125/1415/1095
f 1119/1421/1096 1126/1422/1096 1128/1420/1096 1127/1419/1096
f 1126/1422/1097 1121/1423/1097 1122/1416/1097 1128/1420/1097
f 1122/1416/1098 1125/1415/1098 1128/1420/1098
f 1129/1424/1099 1132/1425/1099 1134/1426/1099 1133/1427/1099
f 1132/1425/1100 1136/1428/1100 1137/1429/1100 1134/1426/1100
f 1130/1430/1101 1135/1431/1101 1137/1429/1101 1136/1428/1101
f 1135/1431/1102 1139/1432/1102 1140/1433/1102 1137/1429/1102
f 1131/1434/1103 1138/1435/1103 1140/1433/1103 1139/1432/1103
f 1138/1435/1104 1133/1427/1104 1134/1426/1104 1140/1433/1104
f 1134/1426/1105 1137/1429/1105 1140/1433/1105
f 1141/1436/1106 1144/1437/1106 1146/1438/1106 1145/1439/1106
f 1144/1437/1107 1148/1440/1107 1149/1441/1107 1146/1438/1107
f 1142/1442/1108 1147/1443/1108 1149/1441/1108 1148/1440/1108
f 1147/1443/1109 1151/1444/1109 1152/1445/1109 1149/1441/1109
f 1143/1446/1110 1150/1447/1110 1152/1445/1110 1151/1444/1110
f 1150/1447/1111 1145/1439/1111 1146/1438/1111 1152/1445/1111
f 1146/1438/1112 1149/1441/1112 1152/1445/1112
f 1153/1448/1113 1156/1449/1113 1158/1450/1113 1157/1451/1113
f 1156/1449/1114 1160/1452/1114 1161/1453/1114 1158/1450/1114
f 1154/1454/1115 1159/1455/1115 1161/1453/1115 1160/1452/1115
f 1159/1455/1116 1163/1456/1116 1164/1457/1116 1161/1453/1116
f 1155/1458/1117 1162/1459/1117 1164/1457/1117 1163/1456/1117
f 1162/1459/1118 1157/1451/1118 1158/1450/1118 1164/1457/1118
f 1158/1450/1119 1161/1453/1119 1164/1457/1119
f 1165/1460/1120 1168/1461/1120 1170/1462/1120 1169/1463/1120
f 1168/1461/1121 1172/1464/1121 1173/1465/1121 1170/1462/1121
f 1166/1466/1122 1171/1467/1122 1173/1465/1122 1172/1464/1122
f 1171/1467/1123 1175/1468/1123 1176/1469/1123 1173/1465/1123
f 1167/1470/1124 1174/1471/1124 1176/1469/1124 1175/1468/1124
f 1174/1471/1125 1169/1463/1125 1170/1462/1125 1176/1469/1125
f 1170/1462/1126 1173/1465/1126 1176/1469/1126
f 1105/1393/1127 1081/1357/1127 1085/1360/1127 1108/1394/1127
f 1108/1394/1128 1085/1360/1128 1090/1373/1128 1112/1397/1128
f 1112/1402/1129 1090/1372/1129 1083/1371/1129 1106/1399/1129
f 1082/1363/1130 1093/1375/1130 1097/1378/1130 1087/1364/1130
f 1087/1367/1131 1097/1391/1131 1102/1390/1131 1091/1368/1131
f 1091/1368/1132 1102/1390/1132 1095/1389/1132 1083/1371/1132
f 1094/1381/1133 1117/1409/1133 1121/1412/1133 1099/1382/1133
f 1099/1385/1134 1121/1423/1134 1126/1422/1134 1103/1386/1134
f 1103/1386/1135 1126/1422/1135 1119/1421/1135 1095/1389/1135
f 1118/1417/1136 1107/1405/1136 1115/1403/1136 1123/1418/1136
f 1123/1418/1137 1115/1403/1137 1111/1400/1137 1127/1419/1137
f 1127/1419/1138 1111/1400/1138 1106/1399/1138 1119/1421/1138
f 1153/1448/1139 1105/1393/1139 1109/1396/1139 1156/1449/1139
f 1156/1449/1140 1109/1396/1140 1114/1407/1140 1160/1452/1140
f 1160/1452/1141 1114/1406/1141 1107/1405/1141 1154/1454/1141
f 1117/1409/1142 1165/1460/1142 1169/1463/1142 1120/1410/1142
f 1120/1413/1143 1169/1463/1143 1174/1471/1143 1124/1414/1143
f 1124/1414/1144 1174/1471/1144 1167/1470/1144 1118/1417/1144
f 1166/1466/1145 1155/1458/1145 1163/1456/1145 1171/1467/1145
f 1171/1467/1146 1163/1456/1146 1159/1455/1146 1175/1468/1146
f 1175/1468/1147 1159/1455/1147 1154/1454/1147 1167/1470/1147
f 1129/1424/1148 1153/1448/1148 1157/1451/1148 1132/1425/1148
f 1132/1425/1149 1157/1451/1149 1162/1459/1149 1136/1428/1149
f 1136/1428/1150 1162/1459/1150 1155/1458/1150 1130/1430/1150
f 1165/1460/1151 1141/1436/1151 1145/1439/1151 1168/1461/1151
f 1168/1461/1152 1145/1439/1152 1150/1447/1152 1172/1464/1152
f 1172/1464/1153 1150/1447/1153 1143/1446/1153 1166/1466/1153
f 1142/1442/1154 1131/1434/1154 1139/1432/1154 1147/1443/1154
f 1147/1443/1155 1139/1432/1155 1135/1431/1155 1151/1444/1155
f 1151/1444/1156 1135/1431/1156 1130/1430/1156 1143/1446/1156
f 1081/1357/1157 1129/1424/1157 1133/1427/1157 1084/1358/1157
f 1084/1358/1158 1133/1427/1158 1138/1435/1158 1088/1361/1158
f 1088/1366/1159 1138/1435/1159 1131/1434/1159 1082/1363/1159
f 1141/1436/1160 1094/1381/1160 1100/1384/1160 1144/1437/1160
f 1144/1437/1161 1100/1379/1161 1096/1376/1161 1148/1440/1161
f 1148/1440/1162 1096/1376/1162 1093/1375/1162 1142/1442/1162
f 1105/1393/1163 1153/1448/1163 1129/1424/1163 1081/1357/1163
f 1083/1371/1164 1095/1389/1164 1119/1421/1164 1106/1399/1164
f 1131/1434/1165 1142/1442/1165 1093/1375/1165 1082/1363/1165
f 1165/1460/1166 1117/1409/1166 1094/1381/1166 1141/1436/1166
f 1107/1405/1167 1118/1417/1167 1167/1470/1167 1154/1454/1167
f 1155/1458/1168 1166/1466/1168 1143/1446/1168 1130/1430/1168
o Tower_Roof
v 0.500000 4.450000 4.400000
v 0.500000 4.500000 4.450000
v 0.450000 4.500000 4.400000
v 0.500000 4.456680 4.424967
v 0.475033 4.456680 4.400000
v 0.476089 4.463168 4.423910
v 0.475033 4.500000 4.443320
v 0.500000 4.475033 4.443320
v 0.476089 4.476089 4.436831
v 0.456680 4.475033 4.400000
v 0.456680 4.500000 4.424967
v 0.463168 4.476089 4.423910
v 0.500000 4.800000 4.450000
v 0.500000 4.850000 4.400000
v 0.450000 4.800000 4.400000
v 0.500000 4.824966 4.443320
v 0.475033 4.799999 4.443320
v 0.476089 4.823910 4.436831
v 0.475033 4.843319 4.400000
v 0.500000 4.843319 4.424967
v 0.476089 4.836831 4.423910
v 0.456680 4.799999 4.424967
v 0.456680 4.824966 4.400000
v 0.463168 4.823910 4.423910
v 0.500000 4.450000 2.200000
v 0.450000 4.500000 2.200000
v 0.500000 4.500000 2.150000
v 0.475033 4.456680 2.200000
v 0.500000 4.456680 2.175033
v 0.476089 4.463168 2.176090
v 0.456680 4.500000 2.175033
v 0.456680 4.475033 2.200000
v 0.463168 4.476089 2.176090
v 0.500000 4.475033 2.156680
v 0.475033 4.500000 2.156680
v 0.476089 4.476089 2.163168
v 0.500000 4.850000 2.200000
v 0.500000 4.800000 2.150000
v 0.450000 4.800000 2.200000
v 0.500000 4.843319 2.175033
v 0.475033 4.843319 2.200000
v 0.476089 4.836831 2.176090
v 0.475033 4.799999 2.156680
v 0.500000 4.824966 2.156680
v 0.476089 4.823910 2.163168
v 0.456680 4.824966 2.200000
v 0.456680 4.799999 2.175033
v 0.463168 4.823910 2.176090
v 2.700000 4.450000 4.400000
v 2.750000 4.500000 4.400000
v 2.700000 4.500000 4.450000
v 2.724967 4.456680 4.400000
v 2.700000 4.456680 4.424967
v 2.723910 4.463168 4.423910
v 2.743320 4.500000 4.424967
v 2.743320 4.475033 4.400000
v 2.736831 4.476089 4.423910
v 2.700000 4.475033 4.443320
v 2.724967 4.500000 4.443320
v 2.723910 4.476089 4.436831
v 2.700000 4.850000 4.400000
v 2.700000 4.800000 4.450000
v 2.750000 4.800000 4.400000
v 2.700000 4.843319 4.424967
v 2.724967 4.843319 4.400000
v 2.723910 4.836831 4.423910
v 2.724967 4.799999 4.443320
v 2.700000 4.824966 4.443320
v 2.723910 4.823910 4.436831
v 2.743320 4.824966 4.400000
v 2.743320 4.799999 4.424967
v 2.736831 4.823910 4.423910
v 2.700000 4.450000 2.200000
v 2.700000 4.500000 2.150000
v 2.750000 4.500000 2.200000
v 2.700000 4.456680 2.175033
v 2.724967 4.456680 2.200000
v 2.723910 4.463168 2.176090
v 2.724967 4.500000 2.156680
v 2.700000 4.475033 2.156680
v 2.723910 4.476089 2.163168
v 2.743320 4.475033 2.200000
v 2.743320 4.500000 2.175033
v 2.736831 4.476089 2.176090
v 2.700000 4.850000 2.200000
v 2.750000 4.800000 2.200000
v 2.700000 4.800000 2.150000
v 2.724967 4.843319 2.200000
v 2.700000 4.843319 2.175033
v 2.723910 4.836831 2.176090
v 2.743320 4.799999 2.175033
v 2.743320 4.824966 2.200000
v 2.736831 4.823910 2.176090
v 2.700000 4.824966 2.156680
v 2.724967 4.799999 2.156680
v 2.723910 4.823910 2.163168
vn -0.2566 -0.9318 0.2566
vn -0.2178 -0.6901 0.6901
vn -0.2566 -0.2566 0.9318
vn -0.6901 -0.2178 0.6901
vn -0.9318 -0.2566 0.2566
vn -0.6901 -0.6901 0.2178
vn -0.5774 -0.5774 0.5773
vn -0.2566 0.2566 0.9318
vn -0.2178 0.6901 0.6901
vn -0.2566 0.9318 0.2566
vn -0.6901 0.6901 0.2178
vn -0.9318 0.2566 0.2566
vn -0.6901 0.2178 0.6901
vn -0.5774 0.5774 0.5773
vn -0.2566 -0.9318 -0.2566
vn -0.6901 -0.6901 -0.2178
vn -0.9318 -0.2566 -0.2566
vn -0.6901 -0.2178 -0.6901
vn -0.2566 -0.2566 -0.9318
vn -0.2178 -0.6901 -0.6901
vn -0.5774 -0.5773 -0.5774
vn -0.2566 0.9318 -0.2566
vn -0.2178 0.6901 -0.6901
vn -0.2566 0.2566 -0.9318
vn -0.6901 0.2178 -0.6901
vn -0.9318 0.2566 -0.2566
vn -0.6901 0.6901 -0.2178
vn -0.5773 0.5773 -0.5774
vn 0.2566 -0.9318 0.2566
vn 0.6901 -0.6901 0.2178
vn 0.9318 -0.2566 0.2566
vn 0.6901 -0.2178 0.6901
vn 0.2566 -0.2566 0.9318
vn 0.2178 -0.6901 0.6901
vn 0.5774 -0.5774 0.5774
vn 0.2566 0.9318 0.2566
vn 0.2178 0.6901 0.6901
vn 0.2566 0.2566 0.9318
vn 0.6901 0.2178 0.6901
vn 0.9318 0.2566 0.2566
vn 0.6901 0.6901 0.2178
vn 0.5774 0.5774 0.5774
vn 0.2566 -0.9318 -0.2566
vn 0.2178 -0.6901 -0.6901
vn 0.2566 -0.2566 -0.9318
vn 0.6901 -0.2178 -0.6901
vn 0.9318 -0.2566 -0.2566
vn 0.6901 -0.6901 -0.2178
vn 0.5774 -0.5773 -0.5774
vn 0.2566 0.9318 -0.2566
vn 0.6901 0.6901 -0.2178
vn 0.9318 0.2566 -0.2566
vn 0.6901 0.2178 -0.6901
vn 0.2566 0.2566 -0.9318
vn 0.2178 0.6901 -0.6901
vn 0.5773 0.5773 -0.5774
vn -0.2584 -0.9660 -0.0000
vn -0.7071 -0.7071 -0.0000
vn -0.9660 -0.2584 -0.0000
vn -0.2585 -0.0000 0.9660
vn -0.7071 -0.0000 0.7071
vn -0.9660 -0.0000 0.2585
vn -0.2585 0.9660 -0.0000
vn -0.7071 0.7071 -0.0000
vn -0.9660 0.2585 -0.0000
vn -0.2585 -0.0000 -0.9660
vn -0.7071 -0.0000 -0.7071
vn -0.9660 -0.0000 -0.2585
vn -0.0000 -0.9660 -0.2584
vn -0.0000 -0.7071 -0.7071
vn -0.0000 -0.2584 -0.9660
vn -0.0000 0.9660 -0.2585
vn -0.0000 0.7071 -0.7071
vn -0.0000 0.2585 -0.9660
vn 0.9660 -0.0000 -0.2585
vn 0.7071 -0.0000 -0.7071
vn 0.2585 -0.0000 -0.9660
vn 0.2584 -0.9660 -0.0000
vn 0.7071 -0.7071 -0.0000
vn 0.9660 -0.2585 -0.0000
vn 0.2585 0.9660 -0.0000
vn 0.7071 0.7071 -0.0000
vn 0.9660 0.2585 -0.0000
vn 0.2585 -0.0000 0.9660
vn 0.7071 -0.0000 0.7071
vn 0.9660 -0.0000 0.2585
vn -0.0000 -0.9660 0.2584
vn -0.0000 -0.7071 0.7071
vn -0.0000 -0.2585 0.9660
vn -0.0000 0.9660 0.2585
vn -0.0000 0.7071 0.7071
vn -0.0000 0.2585 0.9660
vn -0.0000 -1.0000 -0.0000
vn -1.0000 -0.0000 -0.0000
vn -0.0000 -0.0000 1.0000
vn -0.0000 1.0000 -0.0000
vn -0.0000 -0.0000 -1.0000
vn 1.0000 -0.0000 -0.0000
vt 0.130435 0.744565
vt 0.130435 0.747279
vt 0.127836 0.747164
vt 0.127721 0.744565
vt 0.130435 0.750000
vt 0.127836 0.750000
vt 0.406250 0.994565
vt 0.406250 1.000000
vt 0.375000 0.997164
vt 0.375000 0.994565
vt 0.406250 0.000000
vt 0.406250 0.002721
vt 0.375000 0.002836
vt 0.375000 0.000000
vt 0.406250 0.005435
vt 0.375000 0.005435
vt 0.125000 0.744565
vt 0.125000 0.747164
vt 0.593750 0.994565
vt 0.609354 0.994565
vt 0.608694 1.000000
vt 0.593750 1.000000
vt 0.625000 0.994565
vt 0.625000 1.000000
vt 0.869565 0.744565
vt 0.875000 0.744565
vt 0.875000 0.747164
vt 0.869565 0.750000
vt 0.625000 0.005435
vt 0.609354 0.005435
vt 0.608694 0.002836
vt 0.625000 0.002836
vt 0.593750 0.005435
vt 0.593750 0.002721
vt 0.593750 0.000000
vt 0.608694 0.000000
vt 0.130435 0.505435
vt 0.127721 0.505435
vt 0.127836 0.502836
vt 0.130435 0.502721
vt 0.125000 0.505435
vt 0.125000 0.502836
vt 0.406250 0.244565
vt 0.406250 0.247279
vt 0.375000 0.247164
vt 0.375000 0.244565
vt 0.406250 0.252721
vt 0.375000 0.252836
vt 0.406250 0.255435
vt 0.375000 0.255435
vt 0.130435 0.500000
vt 0.127836 0.500000
vt 0.869565 0.505435
vt 0.869565 0.500000
vt 0.875000 0.502836
vt 0.875000 0.505435
vt 0.625000 0.255435
vt 0.609354 0.255435
vt 0.608694 0.251769
vt 0.625000 0.248109
vt 0.593750 0.255435
vt 0.593750 0.252721
vt 0.593750 0.247279
vt 0.608694 0.247164
vt 0.593750 0.244565
vt 0.609354 0.244565
vt 0.625000 0.244565
vt 0.369565 0.744565
vt 0.372279 0.744565
vt 0.372164 0.747164
vt 0.369565 0.747279
vt 0.390645 0.744565
vt 0.386871 0.747164
vt 0.406250 0.744565
vt 0.406250 0.747279
vt 0.406250 0.752721
vt 0.373582 0.751418
vt 0.406250 0.755435
vt 0.372283 0.752717
vt 0.630435 0.744565
vt 0.627717 0.752717
vt 0.626418 0.751418
vt 0.627721 0.744565
vt 0.609354 0.755435
vt 0.608694 0.752836
vt 0.593750 0.755435
vt 0.593750 0.752721
vt 0.593750 0.747279
vt 0.608694 0.748231
vt 0.593750 0.744565
vt 0.609354 0.744565
vt 0.369565 0.505435
vt 0.369565 0.502721
vt 0.372164 0.502836
vt 0.372279 0.505435
vt 0.372283 0.497283
vt 0.373582 0.498582
vt 0.406250 0.494565
vt 0.406250 0.497279
vt 0.406250 0.502721
vt 0.386871 0.502836
vt 0.406250 0.505435
vt 0.390645 0.505435
vt 0.630435 0.505435
vt 0.627721 0.505435
vt 0.626418 0.498582
vt 0.627717 0.497283
vt 0.609354 0.505435
vt 0.608694 0.501769
vt 0.593750 0.505435
vt 0.593750 0.502721
vt 0.593750 0.497279
vt 0.608694 0.497164
vt 0.593750 0.494565
vt 0.609354 0.494565
s 0
usemtl RoofDark
f 1177/1472/1169 1180/1473/1169 1182/1474/1169 1181/1475/1169
f 1180/1473/1170 1184/1476/1170 1185/1477/1170 1182/1474/1170
f 1178/1478/1171 1183/1479/1171 1185/1480/1171 1184/1481/1171
f 1183/1482/1172 1187/1483/1172 1188/1484/1172 1185/1485/1172
f 1179/1486/1173 1186/1487/1173 1188/1484/1173 1187/1483/1173
f 1186/1488/1174 1181/1475/1174 1182/1474/1174 1188/1489/1174
f 1182/1474/1175 1185/1477/1175 1188/1489/1175
f 1189/1490/1176 1192/1491/1176 1194/1492/1176 1193/1493/1176
f 1192/1491/1177 1196/1494/1177 1197/1495/1177 1194/1492/1177
f 1190/1496/1178 1195/1497/1178 1197/1498/1178 1196/1499/1178
f 1195/1500/1179 1199/1501/1179 1200/1502/1179 1197/1503/1179
f 1191/1504/1180 1198/1505/1180 1200/1502/1180 1199/1501/1180
f 1198/1505/1181 1193/1506/1181 1194/1507/1181 1200/1502/1181
f 1194/1507/1182 1197/1503/1182 1200/1502/1182
f 1201/1508/1183 1204/1509/1183 1206/1510/1183 1205/1511/1183
f 1204/1509/1184 1208/1512/1184 1209/1513/1184 1206/1510/1184
f 1202/1514/1185 1207/1515/1185 1209/1516/1185 1208/1517/1185
f 1207/1515/1186 1211/1518/1186 1212/1519/1186 1209/1516/1186
f 1203/1520/1187 1210/1521/1187 1212/1519/1187 1211/1518/1187
f 1210/1522/1188 1205/1511/1188 1206/1510/1188 1212/1523/1188
f 1206/1510/1189 1209/1513/1189 1212/1523/1189
f 1213/1524/1190 1216/1525/1190 1218/1526/1190 1217/1527/1190
f 1216/1528/1191 1220/1529/1191 1221/1530/1191 1218/1531/1191
f 1214/1532/1192 1219/1533/1192 1221/1530/1192 1220/1529/1192
f 1219/1533/1193 1223/1534/1193 1224/1535/1193 1221/1530/1193
f 1215/1536/1194 1222/1537/1194 1224/1535/1194 1223/1534/1194
f 1222/1537/1195 1217/1538/1195 1218/1531/1195 1224/1535/1195
f 1218/1531/1196 1221/1530/1196 1224/1535/1196
f 1225/1539/1197 1228/1540/1197 1230/1541/1197 1229/1542/1197
f 1228/1540/1198 1232/1543/1198 1233/1544/1198 1230/1541/1198
f 1226/1545/1199 1231/1546/1199 1233/1544/1199 1232/1543/1199
f 1231/1546/1200 1235/1547/1200 1236/1548/1200 1233/1544/1200
f 1227/1549/1201 1234/1550/1201 1236/1548/1201 1235/1547/1201
f 1234/1550/1202 1229/1542/1202 1230/1541/1202 1236/1548/1202
f 1230/1541/1203 1233/1544/1203 1236/1548/1203
f 1237/1551/1204 1240/1552/1204 1242/1553/1204 1241/1554/1204
f 1240/1552/1205 1244/1555/1205 1245/1556/1205 1242/1553/1205
f 1238/1557/1206 1243/1558/1206 1245/1556/1206 1244/1555/1206
f 1243/1558/1207 1247/1559/1207 1248/1560/1207 1245/1556/1207
f 1239/1561/1208 1246/1562/1208 1248/1560/1208 1247/1559/1208
f 1246/1562/1209 1241/1554/1209 1242/1553/1209 1248/1560/1209
f 1242/1553/1210 1245/1556/1210 1248/1560/1210
f 1249/1563/1211 1252/1564/1211 1254/1565/1211 1253/1566/1211
f 1252/1564/1212 1256/1567/1212 1257/1568/1212 1254/1565/1212
f 1250/1569/1213 1255/1570/1213 1257/1568/1213 1256/1567/1213
f 1255/1570/1214 1259/1571/1214 1260/1572/1214 1257/1568/1214
f 1251/1573/1215 1258/1574/1215 1260/1572/1215 1259/1571/1215
f 1258/1574/1216 1253/1566/1216 1254/1565/1216 1260/1572/1216
f 1254/1565/1217 1257/1568/1217 1260/1572/1217
f 1261/1575/1218 1264/1576/1218 1266/1577/1218 1265/1578/1218
f 1264/1576/1219 1268/1579/1219 1269/1580/1219 1266/1577/1219
f 1262/1581/1220 1267/1582/1220 1269/1580/1220 1268/1579/1220
f 1267/1582/1221 1271/1583/1221 1272/1584/1221 1269/1580/1221
f 1263/1585/1222 1270/1586/1222 1272/1584/1222 1271/1583/1222
f 1270/1586/1223 1265/1578/1223 1266/1577/1223 1272/1584/1223
f 1266/1577/1224 1269/1580/1224 1272/1584/1224
f 1201/1508/1225 1177/1472/1225 1181/1475/1225 1204/1509/1225
f 1204/1509/1226 1181/1475/1226 1186/1488/1226 1208/1512/1226
f 1208/1517/1227 1186/1487/1227 1179/1486/1227 1202/1514/1227
f 1178/1478/1228 1189/1490/1228 1193/1493/1228 1183/1479/1228
f 1183/1482/1229 1193/1506/1229 1198/1505/1229 1187/1483/1229
f 1187/1483/1230 1198/1505/1230 1191/1504/1230 1179/1486/1230
f 1190/1496/1231 1213/1524/1231 1217/1527/1231 1195/1497/1231
f 1195/1500/1232 1217/1538/1232 1222/1537/1232 1199/1501/1232
f 1199/1501/1233 1222/1537/1233 1215/1536/1233 1191/1504/1233
f 1214/1532/1234 1203/1520/1234 1211/1518/1234 1219/1533/1234
f 1219/1533/1235 1211/1518/1235 1207/1515/1235 1223/1534/1235
f 1223/1534/1236 1207/1515/1236 1202/1514/1236 1215/1536/1236
f 1249/1563/1237 1201/1508/1237 1205/1511/1237 1252/1564/1237
f 1252/1564/1238 1205/1511/1238 1210/1522/1238 1256/1567/1238
f 1256/1567/1239 1210/1521/1239 1203/1520/1239 1250/1569/1239
f 1213/1524/1240 1261/1575/1240 1265/1578/1240 1216/1525/1240
f 1216/1528/1241 1265/1578/1241 1270/1586/1241 1220/1529/1241
f 1220/1529/1242 1270/1586/1242 1263/1585/1242 1214/1532/1242
f 1262/1581/1243 1251/1573/1243 1259/1571/1243 1267/1582/1243
f 1267/1582/1244 1259/1571/1244 1255/1570/1244 1271/1583/1244
f 1271/1583/1245 1255/1570/1245 1250/1569/1245 1263/1585/1245
f 1225/1539/1246 1249/1563/1246 1253/1566/1246 1228/1540/1246
f 1228/1540/1247 1253/1566/1247 1258/1574/1247 1232/1543/1247
f 1232/1543/1248 1258/1574/1248 1251/1573/1248 1226/1545/1248
f 1261/1575/1249 1237/1551/1249 1241/1554/1249 1264/1576/1249
f 1264/1576/1250 1241/1554/1250 1246/1562/1250 1268/1579/1250
f 1268/1579/1251 1246/1562/1251 1239/1561/1251 1262/1581/1251
f 1238/1557/1252 1227/1549/1252 1235/1547/1252 1243/1558/1252
f 1243/1558/1253 1235/1547/1253 1231/1546/1253 1247/1559/1253
f 1247/1559/1254 1231/1546/1254 1226/1545/1254 1239/1561/1254
f 1177/1472/1255 1225/1539/1255 1229/1542/1255 1180/1473/1255
f 1180/1473/1256 1229/1542/1256 1234/1550/1256 1184/1476/1256
f 1184/1481/1257 1234/1550/1257 1227/1549/1257 1178/1478/1257
f 1237/1551/1258 1190/1496/1258 1196/1499/1258 1240/1552/1258
f 1240/1552/1259 1196/1494/1259 1192/1491/1259 1244/1555/1259
f 1244/1555/1260 1192/1491/1260 1189/1490/1260 1238/1557/1260
f 1201/1508/1261 1249/1563/1261 1225/1539/1261 1177/1472/1261
f 1179/1486/1262 1191/1504/1262 1215/1536/1262 1202/1514/1262
f 1227/1549/1263 1238/1557/1263 1189/1490/1263 1178/1478/1263
f 1261/1575/1264 1213/1524/1264 1190/1496/1264 1237/1551/1264
f 1203/1520/1265 1214/1532/1265 1263/1585/1265 1250/1569/1265
f 1251/1573/1266 1262/1581/1266 1239/1561/1266 1226/1545/1266
o Tower_Win_1.2
v 0.850000 0.900000 2.290000
v 0.850000 1.500000 2.290000
v 0.850000 0.900000 2.190000
v 0.850000 1.500000 2.190000
v 2.350000 0.900000 2.290000
v 2.350000 1.500000 2.290000
v 2.350000 0.900000 2.190000
v 2.350000 1.500000 2.190000
vn -1.0000 -0.0000 -0.0000
vn -0.0000 -0.0000 -1.0000
vn 1.0000 -0.0000 -0.0000
vn -0.0000 -0.0000 1.0000
vn -0.0000 -1.0000 -0.0000
vn -0.0000 1.0000 -0.0000
vt 0.375000 0.000000
vt 0.625000 0.000000
vt 0.625000 0.250000
vt 0.375000 0.250000
vt 0.625000 0.500000
vt 0.375000 0.500000
vt 0.625000 0.750000
vt 0.375000 0.750000
vt 0.625000 1.000000
vt 0.375000 1.000000
vt 0.125000 0.500000
vt 0.125000 0.750000
vt 0.875000 0.500000
vt 0.875000 0.750000
s 0
usemtl WindowGlow
f 1273/1587/1267 1274/1588/1267 1276/1589/1267 1275/1590/1267
f 1275/1590/1268 1276/1589/1268 1280/1591/1268 1279/1592/1268
f 1279/1592/1269 1280/1591/1269 1278/1593/1269 1277/1594/1269
f 1277/1594/1270 1278/1593/1270 1274/1595/1270 1273/1596/1270
f 1275/1597/1271 1279/1592/1271 1277/1594/1271 1273/1598/1271
f 1280/1591/1272 1276/1599/1272 1274/1600/1272 1278/1593/1272
o Tower_Win_2.3
v 0.850000 2.000000 2.290000
v 0.850000 2.600000 2.290000
v 0.850000 2.000000 2.190000
v 0.850000 2.600000 2.190000
v 2.350000 2.000000 2.290000
v 2.350000 2.600000 2.290000
v 2.350000 2.000000 2.190000
v 2.350000 2.600000 2.190000
vn -1.0000 -0.0000 -0.0000
vn -0.0000 -0.0000 -1.0000
vn 1.0000 -0.0000 -0.0000
vn -0.0000 -0.0000 1.0000
vn -0.0000 -1.0000 -0.0000
vn -0.0000 1.0000 -0.0000
vt 0.375000 0.000000
vt 0.625000 0.000000
vt 0.625000 0.250000
vt 0.375000 0.250000
vt 0.625000 0.500000
vt 0.375000 0.500000
vt 0.625000 0.750000
vt 0.375000 0.750000
vt 0.625000 1.000000
vt 0.375000 1.000000
vt 0.125000 0.500000
vt 0.125000 0.750000
vt 0.875000 0.500000
vt 0.875000 0.750000
s 0
usemtl WindowGlow
f 1281/1601/1273 1282/1602/1273 1284/1603/1273 1283/1604/1273
f 1283/1604/1274 1284/1603/1274 1288/1605/1274 1287/1606/1274
f 1287/1606/1275 1288/1605/1275 1286/1607/1275 1285/1608/1275
f 1285/1608/1276 1286/1607/1276 1282/1609/1276 1281/1610/1276
f 1283/1611/1277 1287/1606/1277 1285/1608/1277 1281/1612/1277
f 1288/1605/1278 1284/1613/1278 1282/1614/1278 1286/1607/1278
o Tower_Win_3.4
v 0.850000 3.100000 2.290000
v 0.850000 3.700000 2.290000
v 0.850000 3.100000 2.190000
v 0.850000 3.700000 2.190000
v 2.350000 3.100000 2.290000
v 2.350000 3.700000 2.290000
v 2.350000 3.100000 2.190000
v 2.350000 3.700000 2.190000
vn -1.0000 -0.0000 -0.0000
vn -0.0000 -0.0000 -1.0000
vn 1.0000 -0.0000 -0.0000
vn -0.0000 -0.0000 1.0000
vn -0.0000 -1.0000 -0.0000
vn -0.0000 1.0000 -0.0000
vt 0.375000 0.000000
vt 0.625000 0.000000
vt 0.625000 0.250000
vt 0.375000 0.250000
vt 0.625000 0.500000
vt 0.375000 0.500000
vt 0.625000 0.750000
vt 0.375000 0.750000
vt 0.625000 1.000000
vt 0.375000 1.000000
vt 0.125000 0.500000
vt 0.125000 0.750000
vt 0.875000 0.500000
vt 0.875000 0.750000
s 0
usemtl WindowGlow
f 1289/1615/1279 1290/1616/1279 1292/1617/1279 1291/1618/1279
f 1291/1618/1280 1292/1617/1280 1296/1619/1280 1295/1620/1280
f 1295/1620/1281 1296/1619/1281 1294/1621/1281 1293/1622/1281
f 1293/1622/1282 1294/1621/1282 1290/1623/1282 1289/1624/1282
f 1291/1625/1283 1295/1620/1283 1293/1622/1283 1289/1626/1283
f 1296/1619/1284 1292/1627/1284 1290/1628/1284 1294/1621/1284
o Cylinder
v -3.400000 0.145000 1.400000
v -3.400000 0.295000 1.400000
v -3.029329 0.145000 1.436508
v -3.029329 0.295000 1.436508
v -2.672902 0.145000 1.544629
v -2.672902 0.295000 1.544629
v -2.344417 0.145000 1.720208
v -2.344417 0.295000 1.720208
v -2.056497 0.145000 1.956497
v -2.056497 0.295000 1.956497
v -1.820208 0.145000 2.244416
v -1.820208 0.295000 2.244416
v -1.644629 0.145000 2.572901
v -1.644629 0.295000 2.572901
v -1.536508 0.145000 2.929328
v -1.536508 0.295000 2.929328
v -1.500000 0.145000 3.300000
v -1.500000 0.295000 3.300000
v -1.536508 0.145000 3.670671
v -1.536508 0.295000 3.670671
v -1.644629 0.145000 4.027099
v -1.644629 0.295000 4.027099
v -1.820208 0.145000 4.355583
v -1.820208 0.295000 4.355583
v -2.056497 0.145000 4.643503
v -2.056497 0.295000 4.643503
v -2.344417 0.145000 4.879792
v -2.344417 0.295000 4.879792
v -2.672902 0.145000 5.055371
v -2.672902 0.295000 5.055371
v -3.029329 0.145000 5.163492
v -3.029329 0.295000 5.163492
v -3.400000 0.145000 5.200000
v -3.400000 0.295000 5.200000
v -3.770672 0.145000 5.163492
v -3.770672 0.295000 5.163492
v -4.127099 0.145000 5.055371
v -4.127099 0.295000 5.055371
v -4.455584 0.145000 4.879792
v -4.455584 0.295000 4.879792
v -4.743503 0.145000 4.643503
v -4.743503 0.295000 4.643503
v -4.979793 0.145000 4.355583
v -4.979793 0.295000 4.355583
v -5.155371 0.145000 4.027099
v -5.155371 0.295000 4.027099
v -5.263492 0.145000 3.670671
v -5.263492 0.295000 3.670671
v -5.300000 0.145000 3.300000
v -5.300000 0.295000 3.300000
v -5.263492 0.145000 2.929328
v -5.263492 0.295000 2.929328
v -5.155371 0.145000 2.572901
v -5.155371 0.295000 2.572901
v -4.979793 0.145000 2.244416
v -4.979793 0.295000 2.244416
v -4.743503 0.145000 1.956497
v -4.743503 0.295000 1.956497
v -4.455584 0.145000 1.720208
v -4.455584 0.295000 1.720208
v -4.127099 0.145000 1.544629
v -4.127099 0.295000 1.544629
v -3.770672 0.145000 1.436508
v -3.770672 0.295000 1.436508
vn 0.0980 -0.0000 -0.9952
vn 0.2903 -0.0000 -0.9569
vn 0.4714 -0.0000 -0.8819
vn 0.6344 -0.0000 -0.7730
vn 0.7730 -0.0000 -0.6344
vn 0.8819 -0.0000 -0.4714
vn 0.9569 -0.0000 -0.2903
vn 0.9952 -0.0000 -0.0980
vn 0.9952 -0.0000 0.0980
vn 0.9569 -0.0000 0.2903
vn 0.8819 -0.0000 0.4714
vn 0.7730 -0.0000 0.6344
vn 0.6344 -0.0000 0.7730
vn 0.4714 -0.0000 0.8819
vn 0.2903 -0.0000 0.9569
vn 0.0980 -0.0000 0.9952
vn -0.0980 -0.0000 0.9952
vn -0.2903 -0.0000 0.9569
vn -0.4714 -0.0000 0.8819
vn -0.6344 -0.0000 0.7730
vn -0.7730 -0.0000 0.6344
vn -0.8819 -0.0000 0.4714
vn -0.9569 -0.0000 0.2903
vn -0.9952 -0.0000 0.0980
vn -0.9952 -0.0000 -0.0980
vn -0.9569 -0.0000 -0.2903
vn -0.8819 -0.0000 -0.4714
vn -0.7730 -0.0000 -0.6344
vn -0.6344 -0.0000 -0.7730
vn -0.4714 -0.0000 -0.8819
vn -0.0000 1.0000 -0.0000
vn -0.2903 -0.0000 -0.9569
vn -0.0980 -0.0000 -0.9952
vn -0.0000 -1.0000 -0.0000
vt 1.000000 0.500000
vt 1.000000 1.000000
vt 0.968750 1.000000
vt 0.968750 0.500000
vt 0.937500 1.000000
vt 0.937500 0.500000
vt 0.906250 1.000000
vt 0.906250 0.500000
vt 0.875000 1.000000
vt 0.875000 0.500000
vt 0.843750 1.000000
vt 0.843750 0.500000
vt 0.812500 1.000000
vt 0.812500 0.500000
vt 0.781250 1.000000
vt 0.781250 0.500000
vt 0.750000 1.000000
vt 0.750000 0.500000
vt 0.718750 1.000000
vt 0.718750 0.500000
vt 0.687500 1.000000
vt 0.687500 0.500000
vt 0.656250 1.000000
vt 0.656250 0.500000
vt 0.625000 1.000000
vt 0.625000 0.500000
vt 0.593750 1.000000
vt 0.593750 0.500000
vt 0.562500 1.000000
vt 0.562500 0.500000
vt 0.531250 1.000000
vt 0.531250 0.500000
vt 0.500000 1.000000
vt 0.500000 0.500000
vt 0.468750 1.000000
vt 0.468750 0.500000
vt 0.437500 1.000000
vt 0.437500 0.500000
vt 0.406250 1.000000
vt 0.406250 0.500000
vt 0.375000 1.000000
vt 0.375000 0.500000
vt 0.343750 1.000000
vt 0.343750 0.500000
vt 0.312500 1.000000
vt 0.312500 0.500000
vt 0.281250 1.000000
vt 0.281250 0.500000
vt 0.250000 1.000000
vt 0.250000 0.500000
vt 0.218750 1.000000
vt 0.218750 0.500000
vt 0.187500 1.000000
vt 0.187500 0.500000
vt 0.156250 1.000000
vt 0.156250 0.500000
vt 0.125000 1.000000
vt 0.125000 0.500000
vt 0.093750 1.000000
vt 0.093750 0.500000
vt 0.062500 1.000000
vt 0.062500 0.500000
vt 0.296822 0.485388
vt 0.250000 0.490000
vt 0.203178 0.485388
vt 0.158156 0.471731
vt 0.116663 0.449553
vt 0.080294 0.419706
vt 0.050447 0.383337
vt 0.028269 0.341844
vt 0.014612 0.296822
vt 0.010000 0.250000
vt 0.014612 0.203178
vt 0.028269 0.158156
vt 0.050447 0.116663
vt 0.080294 0.080294
vt 0.116663 0.050447
vt 0.158156 0.028269
vt 0.203178 0.014612
vt 0.250000 0.010000
vt 0.296822 0.014612
vt 0.341844 0.028269
vt 0.383337 0.050447
vt 0.419706 0.080294
vt 0.449553 0.116663
vt 0.471731 0.158156
vt 0.485388 0.203178
vt 0.490000 0.250000
vt 0.485388 0.296822
vt 0.471731 0.341844
vt 0.449553 0.383337
vt 0.419706 0.419706
vt 0.383337 0.449553
vt 0.341844 0.471731
vt 0.031250 1.000000
vt 0.031250 0.500000
vt 0.000000 1.000000
vt 0.000000 0.500000
vt 0.750000 0.490000
vt 0.796822 0.485388
vt 0.841844 0.471731
vt 0.883337 0.449553
vt 0.919706 0.419706
vt 0.949553 0.383337
vt 0.971731 0.341844
vt 0.985388 0.296822
vt 0.990000 0.250000
vt 0.985388 0.203178
vt 0.971731 0.158156
vt 0.949553 0.116663
vt 0.919706 0.080294
vt 0.883337 0.050447
vt 0.841844 0.028269
vt 0.796822 0.014612
vt 0.750000 0.010000
vt 0.703178 0.014612
vt 0.658156 0.028269
vt 0.616663 0.050447
vt 0.580294 0.080294
vt 0.550447 0.116663
vt 0.528269 0.158156
vt 0.514612 0.203178
vt 0.510000 0.250000
vt 0.514612 0.296822
vt 0.528269 0.341844
vt 0.550447 0.383337
vt 0.580294 0.419706
vt 0.616663 0.449553
vt 0.658156 0.471731
vt 0.703178 0.485388
s 0
usemtl Sand
f 1297/1629/1285 1298/1630/1285 1300/1631/1285 1299/1632/1285
f 1299/1632/1286 1300/1631/1286 1302/1633/1286 1301/1634/1286
f 1301/1634/1287 1302/1633/1287 1304/1635/1287 1303/1636/1287
f 1303/1636/1288 1304/1635/1288 1306/1637/1288 1305/1638/1288
f 1305/1638/1289 1306/1637/1289 1308/1639/1289 1307/1640/1289
f 1307/1640/1290 1308/1639/1290 1310/1641/1290 1309/1642/1290
f 1309/1642/1291 1310/1641/1291 1312/1643/1291 1311/1644/1291
f 1311/1644/1292 1312/1643/1292 1314/1645/1292 1313/1646/1292
f 1313/1646/1293 1314/1645/1293 1316/1647/1293 1315/1648/1293
f 1315/1648/1294 1316/1647/1294 1318/1649/1294 1317/1650/1294
f 1317/1650/1295 1318/1649/1295 1320/1651/1295 1319/1652/1295
f 1319/1652/1296 1320/1651/1296 1322/1653/1296 1321/1654/1296
f 1321/1654/1297 1322/1653/1297 1324/1655/1297 1323/1656/1297
f 1323/1656/1298 1324/1655/1298 1326/1657/1298 1325/1658/1298
f 1325/1658/1299 1326/1657/1299 1328/1659/1299 1327/1660/1299
f 1327/1660/1300 1328/1659/1300 1330/1661/1300 1329/1662/1300
f 1329/1662/1301 1330/1661/1301 1332/1663/1301 1331/1664/1301
f 1331/1664/1302 1332/1663/1302 1334/1665/1302 1333/1666/1302
f 1333/1666/1303 1334/1665/1303 1336/1667/1303 1335/1668/1303
f 1335/1668/1304 1336/1667/1304 1338/1669/1304 1337/1670/1304
f 1337/1670/1305 1338/1669/1305 1340/1671/1305 1339/1672/1305
f 1339/1672/1306 1340/1671/1306 1342/1673/1306 1341/1674/1306
f 1341/1674/1307 1342/1673/1307 1344/1675/1307 1343/1676/1307
f 1343/1676/1308 1344/1675/1308 1346/1677/1308 1345/1678/1308
f 1345/1678/1309 1346/1677/1309 1348/1679/1309 1347/1680/1309
f 1347/1680/1310 1348/1679/1310 1350/1681/1310 1349/1682/1310
f 1349/1682/1311 1350/1681/1311 1352/1683/1311 1351/1684/1311
f 1351/1684/1312 1352/1683/1312 1354/1685/1312 1353/1686/1312
f 1353/1686/1313 1354/1685/1313 1356/1687/1313 1355/1688/1313
f 1355/1688/1314 1356/1687/1314 1358/1689/1314 1357/1690/1314
f 1300/1691/1315 1298/1692/1315 1360/1693/1315 1358/1694/1315 1356/1695/1315 1354/1696/1315 1352/1697/1315 1350/1698/1315 1348/1699/1315 1346/1700/1315 1344/1701/1315 1342/1702/1315 1340/1703/1315 1338/1704/1315 1336/1705/1315 1334/1706/1315 1332/1707/1315 1330/1708/1315 1328/1709/1315 1326/1710/1315 1324/1711/1315 1322/1712/1315 1320/1713/1315 1318/1714/1315 1316/1715/1315 1314/1716/1315 1312/1717/1315 1310/1718/1315 1308/1719/1315 1306/1720/1315 1304/1721/1315 1302/1722/1315
f 1357/1690/1316 1358/1689/1316 1360/1723/1316 1359/1724/1316
f 1359/1724/1317 1360/1723/1317 1298/1725/1317 1297/1726/1317
f 1297/1727/1318 1299/1728/1318 1301/1729/1318 1303/1730/1318 1305/1731/1318 1307/1732/1318 1309/1733/1318 1311/1734/1318 1313/1735/1318 1315/1736/1318 1317/1737/1318 1319/1738/1318 1321/1739/1318 1323/1740/1318 1325/1741/1318 1327/1742/1318 1329/1743/1318 1331/1744/1318 1333/1745/1318 1335/1746/1318 1337/1747/1318 1339/1748/1318 1341/1749/1318 1343/1750/1318 1345/1751/1318 1347/1752/1318 1349/1753/1318 1351/1754/1318 1353/1755/1318 1355/1756/1318 1357/1757/1318 1359/1758/1318
o Cylinder.001
v -3.400000 0.155000 1.750000
v -3.400000 0.325000 1.750000
v -3.097610 0.155000 1.779783
v -3.097610 0.325000 1.779783
v -2.806841 0.155000 1.867987
v -2.806841 0.325000 1.867987
v -2.538866 0.155000 2.011222
v -2.538866 0.325000 2.011222
v -2.303985 0.155000 2.203984
v -2.303985 0.325000 2.203984
v -2.111222 0.155000 2.438866
v -2.111222 0.325000 2.438866
v -1.967987 0.155000 2.706841
v -1.967987 0.325000 2.706841
v -1.879783 0.155000 2.997610
v -1.879783 0.325000 2.997610
v -1.850000 0.155000 3.300000
v -1.850000 0.325000 3.300000
v -1.879783 0.155000 3.602390
v -1.879783 0.325000 3.602390
v -1.967987 0.155000 3.893159
v -1.967987 0.325000 3.893159
v -2.111222 0.155000 4.161134
v -2.111222 0.325000 4.161134
v -2.303985 0.155000 4.396015
v -2.303985 0.325000 4.396015
v -2.538866 0.155000 4.588778
v -2.538866 0.325000 4.588778
v -2.806841 0.155000 4.732013
v -2.806841 0.325000 4.732013
v -3.097610 0.155000 4.820217
v -3.097610 0.325000 4.820217
v -3.400000 0.155000 4.850000
v -3.400000 0.325000 4.850000
v -3.702390 0.155000 4.820217
v -3.702390 0.325000 4.820217
v -3.993159 0.155000 4.732013
v -3.993159 0.325000 4.732013
v -4.261134 0.155000 4.588778
v -4.261134 0.325000 4.588778
v -4.496016 0.155000 4.396015
v -4.496016 0.325000 4.396015
v -4.688778 0.155000 4.161134
v -4.688778 0.325000 4.161134
v -4.832013 0.155000 3.893159
v -4.832013 0.325000 3.893159
v -4.920217 0.155000 3.602390
v -4.920217 0.325000 3.602390
v -4.950000 0.155000 3.300000
v -4.950000 0.325000 3.300000
v -4.920217 0.155000 2.997610
v -4.920217 0.325000 2.997610
v -4.832013 0.155000 2.706841
v -4.832013 0.325000 2.706841
v -4.688778 0.155000 2.438866
v -4.688778 0.325000 2.438866
v -4.496016 0.155000 2.203984
v -4.496016 0.325000 2.203984
v -4.261134 0.155000 2.011222
v -4.261134 0.325000 2.011222
v -3.993159 0.155000 1.867987
v -3.993159 0.325000 1.867987
v -3.702390 0.155000 1.779783
v -3.702390 0.325000 1.779783
vn 0.0980 -0.0000 -0.9952
vn 0.2903 -0.0000 -0.9569
vn 0.4714 -0.0000 -0.8819
vn 0.6344 -0.0000 -0.7730
vn 0.7730 -0.0000 -0.6344
vn 0.8819 -0.0000 -0.4714
vn 0.9569 -0.0000 -0.2903
vn 0.9952 -0.0000 -0.0980
vn 0.9952 -0.0000 0.0980
vn 0.9569 -0.0000 0.2903
vn 0.8819 -0.0000 0.4714
vn 0.7730 -0.0000 0.6344
vn 0.6344 -0.0000 0.7730
vn 0.4714 -0.0000 0.8819
vn 0.2903 -0.0000 0.9569
vn 0.0980 -0.0000 0.9952
vn -0.0980 -0.0000 0.9952
vn -0.2903 -0.0000 0.9569
vn -0.4714 -0.0000 0.8819
vn -0.6344 -0.0000 0.7730
vn -0.7730 -0.0000 0.6344
vn -0.8819 -0.0000 0.4714
vn -0.9569 -0.0000 0.2903
vn -0.9952 -0.0000 0.0980
vn -0.9952 -0.0000 -0.0980
vn -0.9569 -0.0000 -0.2903
vn -0.8819 -0.0000 -0.4714
vn -0.7730 -0.0000 -0.6344
vn -0.6344 -0.0000 -0.7730
vn -0.4714 -0.0000 -0.8819
vn -0.0000 1.0000 -0.0000
vn -0.2903 -0.0000 -0.9569
vn -0.0980 -0.0000 -0.9952
vn -0.0000 -1.0000 -0.0000
vt 1.000000 0.500000
vt 1.000000 1.000000
vt 0.968750 1.000000
vt 0.968750 0.500000
vt 0.937500 1.000000
vt 0.937500 0.500000
vt 0.906250 1.000000
vt 0.906250 0.500000
vt 0.875000 1.000000
vt 0.875000 0.500000
vt 0.843750 1.000000
vt 0.843750 0.500000
vt 0.812500 1.000000
vt 0.812500 0.500000
vt 0.781250 1.000000
vt 0.781250 0.500000
vt 0.750000 1.000000
vt 0.750000 0.500000
vt 0.718750 1.000000
vt 0.718750 0.500000
vt 0.687500 1.000000
vt 0.687500 0.500000
vt 0.656250 1.000000
vt 0.656250 0.500000
vt 0.625000 1.000000
vt 0.625000 0.500000
vt 0.593750 1.000000
vt 0.593750 0.500000
vt 0.562500 1.000000
vt 0.562500 0.500000
vt 0.531250 1.000000
vt 0.531250 0.500000
vt 0.500000 1.000000
vt 0.500000 0.500000
vt 0.468750 1.000000
vt 0.468750 0.500000
vt 0.437500 1.000000
vt 0.437500 0.500000
vt 0.406250 1.000000
vt 0.406250 0.500000
vt 0.375000 1.000000
vt 0.375000 0.500000
vt 0.343750 1.000000
vt 0.343750 0.500000
vt 0.312500 1.000000
vt 0.312500 0.500000
vt 0.281250 1.000000
vt 0.281250 0.500000
vt 0.250000 1.000000
vt 0.250000 0.500000
vt 0.218750 1.000000
vt 0.218750 0.500000
vt 0.187500 1.000000
vt 0.187500 0.500000
vt 0.156250 1.000000
vt 0.156250 0.500000
vt 0.125000 1.000000
vt 0.125000 0.500000
vt 0.093750 1.000000
vt 0.093750 0.500000
vt 0.062500 1.000000
vt 0.062500 0.500000
vt 0.296822 0.485388
vt 0.250000 0.490000
vt 0.203178 0.485388
vt 0.158156 0.471731
vt 0.116663 0.449553
vt 0.080294 0.419706
vt 0.050447 0.383337
vt 0.028269 0.341844
vt 0.014612 0.296822
vt 0.010000 0.250000
vt 0.014612 0.203178
vt 0.028269 0.158156
vt 0.050447 0.116663
vt 0.080294 0.080294
vt 0.116663 0.050447
vt 0.158156 0.028269
vt 0.203178 0.014612
vt 0.250000 0.010000
vt 0.296822 0.014612
vt 0.341844 0.028269
vt 0.383337 0.050447
vt 0.419706 0.080294
vt 0.449553 0.116663
vt 0.471731 0.158156
vt 0.485388 0.203178
vt 0.490000 0.250000
vt 0.485388 0.296822
vt 0.471731 0.341844
vt 0.449553 0.383337
vt 0.419706 0.419706
vt 0.383337 0.449553
vt 0.341844 0.471731
vt 0.031250 1.000000
vt 0.031250 0.500000
vt 0.000000 1.000000
vt 0.000000 0.500000
vt 0.750000 0.490000
vt 0.796822 0.485388
vt 0.841844 0.471731
vt 0.883337 0.449553
vt 0.919706 0.419706
vt 0.949553 0.383337
vt 0.971731 0.341844
vt 0.985388 0.296822
vt 0.990000 0.250000
vt 0.985388 0.203178
vt 0.971731 0.158156
vt 0.949553 0.116663
vt 0.919706 0.080294
vt 0.883337 0.050447
vt 0.841844 0.028269
vt 0.796822 0.014612
vt 0.750000 0.010000
vt 0.703178 0.014612
vt 0.658156 0.028269
vt 0.616663 0.050447
vt 0.580294 0.080294
vt 0.550447 0.116663
vt 0.528269 0.158156
vt 0.514612 0.203178
vt 0.510000 0.250000
vt 0.514612 0.296822
vt 0.528269 0.341844
vt 0.550447 0.383337
vt 0.580294 0.419706
vt 0.616663 0.449553
vt 0.658156 0.471731
vt 0.703178 0.485388
s 0
usemtl Water
f 1361/1759/1319 1362/1760/1319 1364/1761/1319 1363/1762/1319
f 1363/1762/1320 1364/1761/1320 1366/1763/1320 1365/1764/1320
f 1365/1764/1321 1366/1763/1321 1368/1765/1321 1367/1766/1321
f 1367/1766/1322 1368/1765/1322 1370/1767/1322 1369/1768/1322
f 1369/1768/1323 1370/1767/1323 1372/1769/1323 1371/1770/1323
f 1371/1770/1324 1372/1769/1324 1374/1771/1324 1373/1772/1324
f 1373/1772/1325 1374/1771/1325 1376/1773/1325 1375/1774/1325
f 1375/1774/1326 1376/1773/1326 1378/1775/1326 1377/1776/1326
f 1377/1776/1327 1378/1775/1327 1380/1777/1327 1379/1778/1327
f 1379/1778/1328 1380/1777/1328 1382/1779/1328 1381/1780/1328
f 1381/1780/1329 1382/1779/1329 1384/1781/1329 1383/1782/1329
f 1383/1782/1330 1384/1781/1330 1386/1783/1330 1385/1784/1330
f 1385/1784/1331 1386/1783/1331 1388/1785/1331 1387/1786/1331
f 1387/1786/1332 1388/1785/1332 1390/1787/1332 1389/1788/1332
f 1389/1788/1333 1390/1787/1333 1392/1789/1333 1391/1790/1333
f 1391/1790/1334 1392/1789/1334 1394/1791/1334 1393/1792/1334
f 1393/1792/1335 1394/1791/1335 1396/1793/1335 1395/1794/1335
f 1395/1794/1336 1396/1793/1336 1398/1795/1336 1397/1796/1336
f 1397/1796/1337 1398/1795/1337 1400/1797/1337 1399/1798/1337
f 1399/1798/1338 1400/1797/1338 1402/1799/1338 1401/1800/1338
f 1401/1800/1339 1402/1799/1339 1404/1801/1339 1403/1802/1339
f 1403/1802/1340 1404/1801/1340 1406/1803/1340 1405/1804/1340
f 1405/1804/1341 1406/1803/1341 1408/1805/1341 1407/1806/1341
f 1407/1806/1342 1408/1805/1342 1410/1807/1342 1409/1808/1342
f 1409/1808/1343 1410/1807/1343 1412/1809/1343 1411/1810/1343
f 1411/1810/1344 1412/1809/1344 1414/1811/1344 1413/1812/1344
f 1413/1812/1345 1414/1811/1345 1416/1813/1345 1415/1814/1345
f 1415/1814/1346 1416/1813/1346 1418/1815/1346 1417/1816/1346
f 1417/1816/1347 1418/1815/1347 1420/1817/1347 1419/1818/1347
f 1419/1818/1348 1420/1817/1348 1422/1819/1348 1421/1820/1348
f 1364/1821/1349 1362/1822/1349 1424/1823/1349 1422/1824/1349 1420/1825/1349 1418/1826/1349 1416/1827/1349 1414/1828/1349 1412/1829/1349 1410/1830/1349 1408/1831/1349 1406/1832/1349 1404/1833/1349 1402/1834/1349 1400/1835/1349 1398/1836/1349 1396/1837/1349 1394/1838/1349 1392/1839/1349 1390/1840/1349 1388/1841/1349 1386/1842/1349 1384/1843/1349 1382/1844/1349 1380/1845/1349 1378/1846/1349 1376/1847/1349 1374/1848/1349 1372/1849/1349 1370/1850/1349 1368/1851/1349 1366/1852/1349
f 1421/1820/1350 1422/1819/1350 1424/1853/1350 1423/1854/1350
f 1423/1854/1351 1424/1853/1351 1362/1855/1351 1361/1856/1351
f 1361/1857/1352 1363/1858/1352 1365/1859/1352 1367/1860/1352 1369/1861/1352 1371/1862/1352 1373/1863/1352 1375/1864/1352 1377/1865/1352 1379/1866/1352 1381/1867/1352 1383/1868/1352 1385/1869/1352 1387/1870/1352 1389/1871/1352 1391/1872/1352 1393/1873/1352 1395/1874/1352 1397/1875/1352 1399/1876/1352 1401/1877/1352 1403/1878/1352 1405/1879/1352 1407/1880/1352 1409/1881/1352 1411/1882/1352 1413/1883/1352 1415/1884/1352 1417/1885/1352 1419/1886/1352 1421/1887/1352 1423/1888/1352
o Cylinder.002
v -4.800000 0.200000 1.790000
v -4.800000 1.100000 1.790000
v -4.778540 0.200000 1.792114
v -4.778540 1.100000 1.792114
v -4.757905 0.200000 1.798373
v -4.757905 1.100000 1.798373
v -4.738887 0.200000 1.808538
v -4.738887 1.100000 1.808538
v -4.722219 0.200000 1.822218
v -4.722219 1.100000 1.822218
v -4.708539 0.200000 1.838887
v -4.708539 1.100000 1.838887
v -4.698373 0.200000 1.857905
v -4.698373 1.100000 1.857905
v -4.692114 0.200000 1.878540
v -4.692114 1.100000 1.878540
v -4.690000 0.200000 1.900000
v -4.690000 1.100000 1.900000
v -4.692114 0.200000 1.921460
v -4.692114 1.100000 1.921460
v -4.698373 0.200000 1.942095
v -4.698373 1.100000 1.942095
v -4.708539 0.200000 1.961113
v -4.708539 1.100000 1.961113
v -4.722219 0.200000 1.977782
v -4.722219 1.100000 1.977782
v -4.738887 0.200000 1.991462
v -4.738887 1.100000 1.991462
v -4.757905 0.200000 2.001627
v -4.757905 1.100000 2.001627
v -4.778540 0.200000 2.007886
v -4.778540 1.100000 2.007886
v -4.800000 0.200000 2.010000
v -4.800000 1.100000 2.010000
v -4.821460 0.200000 2.007886
v -4.821460 1.100000 2.007886
v -4.842095 0.200000 2.001627
v -4.842095 1.100000 2.001627
v -4.861113 0.200000 1.991462
v -4.861113 1.100000 1.991462
v -4.877782 0.200000 1.977782
v -4.877782 1.100000 1.977782
v -4.891462 0.200000 1.961113
v -4.891462 1.100000 1.961113
v -4.901627 0.200000 1.942095
v -4.901627 1.100000 1.942095
v -4.907887 0.200000 1.921460
v -4.907887 1.100000 1.921460
v -4.910000 0.200000 1.900000
v -4.910000 1.100000 1.900000
v -4.907887 0.200000 1.878540
v -4.907887 1.100000 1.878540
v -4.901627 0.200000 1.857905
v -4.901627 1.100000 1.857905
v -4.891462 0.200000 1.838887
v -4.891462 1.100000 1.838887
v -4.877782 0.200000 1.822218
v -4.877782 1.100000 1.822218
v -4.861113 0.200000 1.808538
v -4.861113 1.100000 1.808538
v -4.842095 0.200000 1.798373
v -4.842095 1.100000 1.798373
v -4.821460 0.200000 1.792114
v -4.821460 1.100000 1.792114
vn 0.0980 -0.0000 -0.9952
vn 0.2903 -0.0000 -0.9569
vn 0.4714 -0.0000 -0.8819
vn 0.6344 -0.0000 -0.7730
vn 0.7730 -0.0000 -0.6344
vn 0.8819 -0.0000 -0.4714
vn 0.9569 -0.0000 -0.2903
vn 0.9952 -0.0000 -0.0980
vn 0.9952 -0.0000 0.0980
vn 0.9569 -0.0000 0.2903
vn 0.8819 -0.0000 0.4714
vn 0.7730 -0.0000 0.6344
vn 0.6344 -0.0000 0.7730
vn 0.4714 -0.0000 0.8819
vn 0.2903 -0.0000 0.9569
vn 0.0980 -0.0000 0.9952
vn -0.0980 -0.0000 0.9952
vn -0.2903 -0.0000 0.9569
vn -0.4714 -0.0000 0.8819
vn -0.6344 -0.0000 0.7730
vn -0.7730 -0.0000 0.6344
vn -0.8819 -0.0000 0.4714
vn -0.9569 -0.0000 0.2903
vn -0.9952 -0.0000 0.0980
vn -0.9952 -0.0000 -0.0980
vn -0.9569 -0.0000 -0.2903
vn -0.8819 -0.0000 -0.4714
vn -0.7730 -0.0000 -0.6344
vn -0.6344 -0.0000 -0.7730
vn -0.4714 -0.0000 -0.8819
vn -0.0000 1.0000 -0.0000
vn -0.2903 -0.0000 -0.9569
vn -0.0980 -0.0000 -0.9952
vn -0.0000 -1.0000 -0.0000
vt 1.000000 0.500000
vt 1.000000 1.000000
vt 0.968750 1.000000
vt 0.968750 0.500000
vt 0.937500 1.000000
vt 0.937500 0.500000
vt 0.906250 1.000000
vt 0.906250 0.500000
vt 0.875000 1.000000
vt 0.875000 0.500000
vt 0.843750 1.000000
vt 0.843750 0.500000
vt 0.812500 1.000000
vt 0.812500 0.500000
vt 0.781250 1.000000
vt 0.781250 0.500000
vt 0.750000 1.000000
vt 0.750000 0.500000
vt 0.718750 1.000000
vt 0.718750 0.500000
vt 0.687500 1.000000
vt 0.687500 0.500000
vt 0.656250 1.000000
vt 0.656250 0.500000
vt 0.625000 1.000000
vt 0.625000 0.500000
vt 0.593750 1.000000
vt 0.593750 0.500000
vt 0.562500 1.000000
vt 0.562500 0.500000
vt 0.531250 1.000000
vt 0.531250 0.500000
vt 0.500000 1.000000
vt 0.500000 0.500000
vt 0.468750 1.000000
vt 0.468750 0.500000
vt 0.437500 1.000000
vt 0.437500 0.500000
vt 0.406250 1.000000
vt 0.406250 0.500000
vt 0.375000 1.000000
vt 0.375000 0.500000
vt 0.343750 1.000000
vt 0.343750 0.500000
vt 0.312500 1.000000
vt 0.312500 0.500000
vt 0.281250 1.000000
vt 0.281250 0.500000
vt 0.250000 1.000000
vt 0.250000 0.500000
vt 0.218750 1.000000
vt 0.218750 0.500000
vt 0.187500 1.000000
vt 0.187500 0.500000
vt 0.156250 1.000000
vt 0.156250 0.500000
vt 0.125000 1.000000
vt 0.125000 0.500000
vt 0.093750 1.000000
vt 0.093750 0.500000
vt 0.062500 1.000000
vt 0.062500 0.500000
vt 0.296822 0.485388
vt 0.250000 0.490000
vt 0.203178 0.485388
vt 0.158156 0.471731
vt 0.116663 0.449553
vt 0.080294 0.419706
vt 0.050447 0.383337
vt 0.028269 0.341844
vt 0.014612 0.296822
vt 0.010000 0.250000
vt 0.014612 0.203178
vt 0.028269 0.158156
vt 0.050447 0.116663
vt 0.080294 0.080294
vt 0.116663 0.050447
vt 0.158156 0.028269
vt 0.203178 0.014612
vt 0.250000 0.010000
vt 0.296822 0.014612
vt 0.341844 0.028269
vt 0.383337 0.050447
vt 0.419706 0.080294
vt 0.449553 0.116663
vt 0.471731 0.158156
vt 0.485388 0.203178
vt 0.490000 0.250000
vt 0.485388 0.296822
vt 0.471731 0.341844
vt 0.449553 0.383337
vt 0.419706 0.419706
vt 0.383337 0.449553
vt 0.341844 0.471731
vt 0.031250 1.000000
vt 0.031250 0.500000
vt 0.000000 1.000000
vt 0.000000 0.500000
vt 0.750000 0.490000
vt 0.796822 0.485388
vt 0.841844 0.471731
vt 0.883337 0.449553
vt 0.919706 0.419706
vt 0.949553 0.383337
vt 0.971731 0.341844
vt 0.985388 0.296822
vt 0.990000 0.250000
vt 0.985388 0.203178
vt 0.971731 0.158156
vt 0.949553 0.116663
vt 0.919706 0.080294
vt 0.883337 0.050447
vt 0.841844 0.028269
vt 0.796822 0.014612
vt 0.750000 0.010000
vt 0.703178 0.014612
vt 0.658156 0.028269
vt 0.616663 0.050447
vt 0.580294 0.080294
vt 0.550447 0.116663
vt 0.528269 0.158156
vt 0.514612 0.203178
vt 0.510000 0.250000
vt 0.514612 0.296822
vt 0.528269 0.341844
vt 0.550447 0.383337
vt 0.580294 0.419706
vt 0.616663 0.449553
vt 0.658156 0.471731
vt 0.703178 0.485388
s 0
usemtl Trunk
f 1425/1889/1353 1426/1890/1353 1428/1891/1353 1427/1892/1353
f 1427/1892/1354 1428/1891/1354 1430/1893/1354 1429/1894/1354
f 1429/1894/1355 1430/1893/1355 1432/1895/1355 1431/1896/1355
f 1431/1896/1356 1432/1895/1356 1434/1897/1356 1433/1898/1356
f 1433/1898/1357 1434/1897/1357 1436/1899/1357 1435/1900/1357
f 1435/1900/1358 1436/1899/1358 1438/1901/1358 1437/1902/1358
f 1437/1902/1359 1438/1901/1359 1440/1903/1359 1439/1904/1359
f 1439/1904/1360 1440/1903/1360 1442/1905/1360 1441/1906/1360
f 1441/1906/1361 1442/1905/1361 1444/1907/1361 1443/1908/1361
f 1443/1908/1362 1444/1907/1362 1446/1909/1362 1445/1910/1362
f 1445/1910/1363 1446/1909/1363 1448/1911/1363 1447/1912/1363
f 1447/1912/1364 1448/1911/1364 1450/1913/1364 1449/1914/1364
f 1449/1914/1365 1450/1913/1365 1452/1915/1365 1451/1916/1365
f 1451/1916/1366 1452/1915/1366 1454/1917/1366 1453/1918/1366
f 1453/1918/1367 1454/1917/1367 1456/1919/1367 1455/1920/1367
f 1455/1920/1368 1456/1919/1368 1458/1921/1368 1457/1922/1368
f 1457/1922/1369 1458/1921/1369 1460/1923/1369 1459/1924/1369
f 1459/1924/1370 1460/1923/1370 1462/1925/1370 1461/1926/1370
f 1461/1926/1371 1462/1925/1371 1464/1927/1371 1463/1928/1371
f 1463/1928/1372 1464/1927/1372 1466/1929/1372 1465/1930/1372
f 1465/1930/1373 1466/1929/1373 1468/1931/1373 1467/1932/1373
f 1467/1932/1374 1468/1931/1374 1470/1933/1374 1469/1934/1374
f 1469/1934/1375 1470/1933/1375 1472/1935/1375 1471/1936/1375
f 1471/1936/1376 1472/1935/1376 1474/1937/1376 1473/1938/1376
f 1473/1938/1377 1474/1937/1377 1476/1939/1377 1475/1940/1377
f 1475/1940/1378 1476/1939/1378 1478/1941/1378 1477/1942/1378
f 1477/1942/1379 1478/1941/1379 1480/1943/1379 1479/1944/1379
f 1479/1944/1380 1480/1943/1380 1482/1945/1380 1481/1946/1380
f 1481/1946/1381 1482/1945/1381 1484/1947/1381 1483/1948/1381
f 1483/1948/1382 1484/1947/1382 1486/1949/1382 1485/1950/1382
f 1428/1951/1383 1426/1952/1383 1488/1953/1383 1486/1954/1383 1484/1955/1383 1482/1956/1383 1480/1957/1383 1478/1958/1383 1476/1959/1383 1474/1960/1383 1472/1961/1383 1470/1962/1383 1468/1963/1383 1466/1964/1383 1464/1965/1383 1462/1966/1383 1460/1967/1383 1458/1968/1383 1456/1969/1383 1454/1970/1383 1452/1971/1383 1450/1972/1383 1448/1973/1383 1446/1974/1383 1444/1975/1383 1442/1976/1383 1440/1977/1383 1438/1978/1383 1436/1979/1383 1434/1980/1383 1432/1981/1383 1430/1982/1383
f 1485/1950/1384 1486/1949/1384 1488/1983/1384 1487/1984/1384
f 1487/1984/1385 1488/1983/1385 1426/1985/1385 1425/1986/1385
f 1425/1987/1386 1427/1988/1386 1429/1989/1386 1431/1990/1386 1433/1991/1386 1435/1992/1386 1437/1993/1386 1439/1994/1386 1441/1995/1386 1443/1996/1386 1445/1997/1386 1447/1998/1386 1449/1999/1386 1451/2000/1386 1453/2001/1386 1455/2002/1386 1457/2003/1386 1459/2004/1386 1461/2005/1386 1463/2006/1386 1465/2007/1386 1467/2008/1386 1469/2009/1386 1471/2010/1386 1473/2011/1386 1475/2012/1386 1477/2013/1386 1479/2014/1386 1481/2015/1386 1483/2016/1386 1485/2017/1386 1487/2018/1386
o Icosphere
v -4.800000 0.750000 1.900000
v -4.329656 1.109307 2.241721
v -4.979652 1.109307 2.452922
v -5.381377 1.109310 1.900000
v -4.979652 1.109307 1.347078
v -4.329656 1.109307 1.558279
v -4.620348 1.690693 2.452922
v -5.270345 1.690693 2.241721
v -5.270345 1.690693 1.558279
v -4.620348 1.690693 1.347078
v -4.218623 1.690690 1.900000
v -4.800000 2.050000 1.900000
v -4.905596 0.847075 2.224997
v -4.523540 0.847075 2.100857
v -4.629136 1.058271 2.425858
v -4.247079 1.058272 1.900000
v -4.523540 0.847075 1.699143
v -5.141725 0.847076 1.900000
v -5.247323 1.058271 2.224998
v -4.905596 0.847075 1.575003
v -5.247323 1.058271 1.575002
v -4.629136 1.058270 1.374142
v -4.181813 1.400000 2.100858
v -4.181813 1.400000 1.699142
v -4.800000 1.400000 2.550000
v -4.417940 1.400000 2.425861
v -5.418188 1.400000 2.100858
v -5.182061 1.400000 2.425861
v -5.182061 1.400000 1.374139
v -5.418188 1.400000 1.699142
v -4.417940 1.400000 1.374139
v -4.800000 1.400000 1.250000
v -4.352677 1.741729 2.224998
v -4.970865 1.741729 2.425858
v -5.352921 1.741728 1.900000
v -4.970865 1.741729 1.374142
v -4.352677 1.741729 1.575002
v -4.694404 1.952925 2.224997
v -4.458276 1.952924 1.900000
v -5.076460 1.952925 2.100857
v -5.076460 1.952925 1.699143
v -4.694404 1.952925 1.575003
vn 0.1024 -0.9435 0.3151
vn 0.7002 -0.6617 0.2680
vn -0.2680 -0.9435 0.1947
vn -0.2680 -0.9435 -0.1947
vn 0.1024 -0.9435 -0.3151
vn 0.9050 -0.3304 0.2680
vn 0.0247 -0.3304 0.9435
vn -0.8897 -0.3304 0.3151
vn -0.5746 -0.3304 -0.7488
vn 0.5346 -0.3304 -0.7779
vn 0.8026 -0.1256 0.5831
vn -0.3066 -0.1256 0.9435
vn -0.9921 -0.1256 -0.0000
vn -0.3066 -0.1256 -0.9435
vn 0.8026 -0.1256 -0.5831
vn 0.4089 0.6617 0.6284
vn -0.4713 0.6617 0.5831
vn -0.7002 0.6617 -0.2680
vn 0.0385 0.6617 -0.7488
vn 0.7240 0.6617 -0.1947
vn 0.2680 0.9435 -0.1947
vn 0.4911 0.7947 -0.3568
vn 0.4089 0.6617 -0.6284
vn -0.1024 0.9435 -0.3151
vn -0.1876 0.7947 -0.5773
vn -0.4713 0.6617 -0.5831
vn -0.3313 0.9435 -0.0000
vn -0.6071 0.7947 -0.0000
vn -0.7002 0.6617 0.2680
vn -0.1024 0.9435 0.3151
vn -0.1876 0.7947 0.5773
vn 0.0385 0.6617 0.7488
vn 0.2680 0.9435 0.1947
vn 0.4911 0.7947 0.3568
vn 0.7240 0.6617 0.1947
vn 0.8897 0.3304 -0.3151
vn 0.7947 0.1876 -0.5773
vn 0.5746 0.3304 -0.7488
vn -0.0247 0.3304 -0.9435
vn -0.3035 0.1876 -0.9342
vn -0.5346 0.3304 -0.7779
vn -0.9050 0.3304 -0.2680
vn -0.9822 0.1876 -0.0000
vn -0.9050 0.3304 0.2680
vn -0.5346 0.3304 0.7779
vn -0.3035 0.1876 0.9342
vn -0.0247 0.3304 0.9435
vn 0.5746 0.3304 0.7488
vn 0.7947 0.1876 0.5773
vn 0.8897 0.3304 0.3151
vn 0.3066 0.1256 -0.9435
vn 0.3035 -0.1876 -0.9342
vn 0.0247 -0.3304 -0.9435
vn -0.8026 0.1256 -0.5831
vn -0.7947 -0.1876 -0.5773
vn -0.8897 -0.3304 -0.3151
vn -0.8026 0.1256 0.5831
vn -0.7947 -0.1876 0.5773
vn -0.5746 -0.3304 0.7488
vn 0.3066 0.1256 0.9435
vn 0.3035 -0.1876 0.9342
vn 0.5346 -0.3304 0.7779
vn 0.9921 0.1256 -0.0000
vn 0.9822 -0.1876 -0.0000
vn 0.9050 -0.3304 -0.2680
vn 0.4713 -0.6617 -0.5831
vn 0.1876 -0.7947 -0.5773
vn -0.0385 -0.6617 -0.7488
vn -0.4089 -0.6617 -0.6284
vn -0.4911 -0.7947 -0.3568
vn -0.7240 -0.6617 -0.1947
vn -0.7240 -0.6617 0.1947
vn -0.4911 -0.7947 0.3568
vn -0.4089 -0.6617 0.6284
vn 0.7002 -0.6617 -0.2680
vn 0.6071 -0.7947 -0.0000
vn 0.3313 -0.9435 -0.0000
vn -0.0385 -0.6617 0.7488
vn 0.1876 -0.7947 0.5773
vn 0.4713 -0.6617 0.5831
vt 0.181819 0.000000
vt 0.227273 0.078731
vt 0.136365 0.078731
vt 0.272728 0.157461
vt 0.318182 0.078731
vt 0.363637 0.157461
vt 0.909091 0.000000
vt 0.954545 0.078731
vt 0.863636 0.078731
vt 0.727273 0.000000
vt 0.772727 0.078731
vt 0.681818 0.078731
vt 0.545455 0.000000
vt 0.590909 0.078731
vt 0.500000 0.078731
vt 0.318182 0.236191
vt 0.090910 0.157461
vt 0.181819 0.157461
vt 0.136365 0.236191
vt 0.818182 0.157461
vt 0.909091 0.157461
vt 0.863636 0.236191
vt 0.636364 0.157461
vt 0.727273 0.157461
vt 0.681818 0.236191
vt 0.454546 0.157461
vt 0.545455 0.157461
vt 0.500000 0.236191
vt 0.227273 0.236191
vt 0.045455 0.236191
vt 0.772727 0.236191
vt 0.590909 0.236191
vt 0.409092 0.236191
vt 0.181819 0.314921
vt 0.272728 0.314921
vt 0.227273 0.393651
vt 0.000000 0.314921
vt 0.090910 0.314921
vt 0.045455 0.393651
vt 0.727273 0.314921
vt 0.818182 0.314921
vt 0.772727 0.393651
vt 0.545455 0.314921
vt 0.636364 0.314921
vt 0.590909 0.393651
vt 0.363637 0.314921
vt 0.454546 0.314921
vt 0.409092 0.393651
vt 0.500000 0.393651
vt 0.454546 0.472382
vt 0.681818 0.393651
vt 0.636364 0.472382
vt 0.863636 0.393651
vt 0.818182 0.472382
vt 0.909091 0.314921
vt 0.136365 0.393651
vt 0.090910 0.472382
vt 0.318182 0.393651
vt 0.272728 0.472382
vt 0.954545 0.236191
vt 1.000000 0.157461
vt 0.409092 0.078731
vt 0.363637 0.000000
s 0
usemtl CherryBlossom
f 1489/2019/1387 1502/2020/1387 1501/2021/1387
f 1490/2022/1388 1502/2023/1388 1504/2024/1388
f 1489/2025/1389 1501/2026/1389 1506/2027/1389
f 1489/2028/1390 1506/2029/1390 1508/2030/1390
f 1489/2031/1391 1508/2032/1391 1505/2033/1391
f 1490/2022/1392 1504/2024/1392 1511/2034/1392
f 1491/2035/1393 1503/2036/1393 1513/2037/1393
f 1492/2038/1394 1507/2039/1394 1515/2040/1394
f 1493/2041/1395 1509/2042/1395 1517/2043/1395
f 1494/2044/1396 1510/2045/1396 1519/2046/1396
f 1490/2022/1397 1511/2034/1397 1514/2047/1397
f 1491/2035/1398 1513/2037/1398 1516/2048/1398
f 1492/2038/1399 1515/2040/1399 1518/2049/1399
f 1493/2041/1400 1517/2043/1400 1520/2050/1400
f 1494/2044/1401 1519/2046/1401 1512/2051/1401
f 1495/2052/1402 1521/2053/1402 1526/2054/1402
f 1496/2055/1403 1522/2056/1403 1528/2057/1403
f 1497/2058/1404 1523/2059/1404 1529/2060/1404
f 1498/2061/1405 1524/2062/1405 1530/2063/1405
f 1499/2064/1406 1525/2065/1406 1527/2066/1406
f 1527/2066/1407 1530/2067/1407 1500/2068/1407
f 1527/2066/1408 1525/2065/1408 1530/2067/1408
f 1525/2065/1409 1498/2061/1409 1530/2067/1409
f 1530/2063/1410 1529/2069/1410 1500/2070/1410
f 1530/2063/1411 1524/2062/1411 1529/2069/1411
f 1524/2062/1412 1497/2058/1412 1529/2069/1412
f 1529/2060/1413 1528/2071/1413 1500/2072/1413
f 1529/2060/1414 1523/2059/1414 1528/2071/1414
f 1523/2059/1415 1496/2073/1415 1528/2071/1415
f 1528/2057/1416 1526/2074/1416 1500/2075/1416
f 1528/2057/1417 1522/2056/1417 1526/2074/1417
f 1522/2056/1418 1495/2052/1418 1526/2074/1418
f 1526/2054/1419 1527/2076/1419 1500/2077/1419
f 1526/2054/1420 1521/2053/1420 1527/2076/1420
f 1521/2053/1421 1499/2064/1421 1527/2076/1421
f 1512/2051/1422 1525/2065/1422 1499/2064/1422
f 1512/2051/1423 1519/2046/1423 1525/2065/1423
f 1519/2046/1424 1498/2061/1424 1525/2065/1424
f 1520/2050/1425 1524/2062/1425 1498/2061/1425
f 1520/2050/1426 1517/2043/1426 1524/2062/1426
f 1517/2043/1427 1497/2058/1427 1524/2062/1427
f 1518/2049/1428 1523/2059/1428 1497/2058/1428
f 1518/2049/1429 1515/2040/1429 1523/2059/1429
f 1515/2040/1430 1496/2073/1430 1523/2059/1430
f 1516/2048/1431 1522/2056/1431 1496/2055/1431
f 1516/2048/1432 1513/2037/1432 1522/2056/1432
f 1513/2037/1433 1495/2052/1433 1522/2056/1433
f 1514/2047/1434 1521/2053/1434 1495/2052/1434
f 1514/2047/1435 1511/2034/1435 1521/2053/1435
f 1511/2034/1436 1499/2064/1436 1521/2053/1436
f 1519/2046/1437 1520/2050/1437 1498/2061/1437
f 1519/2046/1438 1510/2045/1438 1520/2050/1438
f 1510/2045/1439 1493/2041/1439 1520/2050/1439
f 1517/2043/1440 1518/2049/1440 1497/2058/1440
f 1517/2043/1441 1509/2042/1441 1518/2049/1441
f 1509/2042/1442 1492/2038/1442 1518/2049/1442
f 1515/2040/1443 1516/2078/1443 1496/2073/1443
f 1515/2040/1444 1507/2039/1444 1516/2078/1444
f 1507/2039/1445 1491/2079/1445 1516/2078/1445
f 1513/2037/1446 1514/2047/1446 1495/2052/1446
f 1513/2037/1447 1503/2036/1447 1514/2047/1447
f 1503/2036/1448 1490/2022/1448 1514/2047/1448
f 1511/2034/1449 1512/2051/1449 1499/2064/1449
f 1511/2034/1450 1504/2024/1450 1512/2051/1450
f 1504/2024/1451 1494/2044/1451 1512/2051/1451
f 1505/2033/1452 1510/2045/1452 1494/2044/1452
f 1505/2033/1453 1508/2032/1453 1510/2045/1453
f 1508/2032/1454 1493/2041/1454 1510/2045/1454
f 1508/2030/1455 1509/2042/1455 1493/2041/1455
f 1508/2030/1456 1506/2029/1456 1509/2042/1456
f 1506/2029/1457 1492/2038/1457 1509/2042/1457
f 1506/2027/1458 1507/2039/1458 1492/2038/1458
f 1506/2027/1459 1501/2026/1459 1507/2039/1459
f 1501/2026/1460 1491/2079/1460 1507/2039/1460
f 1504/2024/1461 1505/2080/1461 1494/2044/1461
f 1504/2024/1462 1502/2023/1462 1505/2080/1462
f 1502/2023/1463 1489/2081/1463 1505/2080/1463
f 1501/2021/1464 1503/2036/1464 1491/2035/1464
f 1501/2021/1465 1502/2020/1465 1503/2036/1465
f 1502/2020/1466 1490/2022/1466 1503/2036/1466
o Cylinder.003
v -2.000000 0.200000 1.790000
v -2.000000 1.100000 1.790000
v -1.978540 0.200000 1.792114
v -1.978540 1.100000 1.792114
v -1.957905 0.200000 1.798373
v -1.957905 1.100000 1.798373
v -1.938887 0.200000 1.808538
v -1.938887 1.100000 1.808538
v -1.922218 0.200000 1.822218
v -1.922218 1.100000 1.822218
v -1.908538 0.200000 1.838887
v -1.908538 1.100000 1.838887
v -1.898373 0.200000 1.857905
v -1.898373 1.100000 1.857905
v -1.892114 0.200000 1.878540
v -1.892114 1.100000 1.878540
v -1.890000 0.200000 1.900000
v -1.890000 1.100000 1.900000
v -1.892114 0.200000 1.921460
v -1.892114 1.100000 1.921460
v -1.898373 0.200000 1.942095
v -1.898373 1.100000 1.942095
v -1.908538 0.200000 1.961113
v -1.908538 1.100000 1.961113
v -1.922218 0.200000 1.977782
v -1.922218 1.100000 1.977782
v -1.938887 0.200000 1.991462
v -1.938887 1.100000 1.991462
v -1.957905 0.200000 2.001627
v -1.957905 1.100000 2.001627
v -1.978540 0.200000 2.007886
v -1.978540 1.100000 2.007886
v -2.000000 0.200000 2.010000
v -2.000000 1.100000 2.010000
v -2.021460 0.200000 2.007886
v -2.021460 1.100000 2.007886
v -2.042095 0.200000 2.001627
v -2.042095 1.100000 2.001627
v -2.061113 0.200000 1.991462
v -2.061113 1.100000 1.991462
v -2.077782 0.200000 1.977782
v -2.077782 1.100000 1.977782
v -2.091462 0.200000 1.961113
v -2.091462 1.100000 1.961113
v -2.101627 0.200000 1.942095
v -2.101627 1.100000 1.942095
v -2.107886 0.200000 1.921460
v -2.107886 1.100000 1.921460
v -2.110000 0.200000 1.900000
v -2.110000 1.100000 1.900000
v -2.107886 0.200000 1.878540
v -2.107886 1.100000 1.878540
v -2.101627 0.200000 1.857905
v -2.101627 1.100000 1.857905
v -2.091462 0.200000 1.838887
v -2.091462 1.100000 1.838887
v -2.077782 0.200000 1.822218
v -2.077782 1.100000 1.822218
v -2.061113 0.200000 1.808538
v -2.061113 1.100000 1.808538
v -2.042095 0.200000 1.798373
v -2.042095 1.100000 1.798373
v -2.021460 0.200000 1.792114
v -2.021460 1.100000 1.792114
vn 0.0980 -0.0000 -0.9952
vn 0.2903 -0.0000 -0.9569
vn 0.4714 -0.0000 -0.8819
vn 0.6344 -0.0000 -0.7730
vn 0.7730 -0.0000 -0.6344
vn 0.8819 -0.0000 -0.4714
vn 0.9569 -0.0000 -0.2903
vn 0.9952 -0.0000 -0.0980
vn 0.9952 -0.0000 0.0980
vn 0.9569 -0.0000 0.2903
vn 0.8819 -0.0000 0.4714
vn 0.7730 -0.0000 0.6344
vn 0.6344 -0.0000 0.7730
vn 0.4714 -0.0000 0.8819
vn 0.2903 -0.0000 0.9569
vn 0.0980 -0.0000 0.9952
vn -0.0980 -0.0000 0.9952
vn -0.2903 -0.0000 0.9569
vn -0.4714 -0.0000 0.8819
vn -0.6344 -0.0000 0.7730
vn -0.7730 -0.0000 0.6344
vn -0.8819 -0.0000 0.4714
vn -0.9569 -0.0000 0.2903
vn -0.9952 -0.0000 0.0980
vn -0.9952 -0.0000 -0.0980
vn -0.9569 -0.0000 -0.2903
vn -0.8819 -0.0000 -0.4714
vn -0.7730 -0.0000 -0.6344
vn -0.6344 -0.0000 -0.7730
vn -0.4714 -0.0000 -0.8819
vn -0.0000 1.0000 -0.0000
vn -0.2903 -0.0000 -0.9569
vn -0.0980 -0.0000 -0.9952
vn -0.0000 -1.0000 -0.0000
vt 1.000000 0.500000
vt 1.000000 1.000000
vt 0.968750 1.000000
vt 0.968750 0.500000
vt 0.937500 1.000000
vt 0.937500 0.500000
vt 0.906250 1.000000
vt 0.906250 0.500000
vt 0.875000 1.000000
vt 0.875000 0.500000
vt 0.843750 1.000000
vt 0.843750 0.500000
vt 0.812500 1.000000
vt 0.812500 0.500000
vt 0.781250 1.000000
vt 0.781250 0.500000
vt 0.750000 1.000000
vt 0.750000 0.500000
vt 0.718750 1.000000
vt 0.718750 0.500000
vt 0.687500 1.000000
vt 0.687500 0.500000
vt 0.656250 1.000000
vt 0.656250 0.500000
vt 0.625000 1.000000
vt 0.625000 0.500000
vt 0.593750 1.000000
vt 0.593750 0.500000
vt 0.562500 1.000000
vt 0.562500 0.500000
vt 0.531250 1.000000
vt 0.531250 0.500000
vt 0.500000 1.000000
vt 0.500000 0.500000
vt 0.468750 1.000000
vt 0.468750 0.500000
vt 0.437500 1.000000
vt 0.437500 0.500000
vt 0.406250 1.000000
vt 0.406250 0.500000
vt 0.375000 1.000000
vt 0.375000 0.500000
vt 0.343750 1.000000
vt 0.343750 0.500000
vt 0.312500 1.000000
vt 0.312500 0.500000
vt 0.281250 1.000000
vt 0.281250 0.500000
vt 0.250000 1.000000
vt 0.250000 0.500000
vt 0.218750 1.000000
vt 0.218750 0.500000
vt 0.187500 1.000000
vt 0.187500 0.500000
vt 0.156250 1.000000
vt 0.156250 0.500000
vt 0.125000 1.000000
vt 0.125000 0.500000
vt 0.093750 1.000000
vt 0.093750 0.500000
vt 0.062500 1.000000
vt 0.062500 0.500000
vt 0.296822 0.485388
vt 0.250000 0.490000
vt 0.203178 0.485388
vt 0.158156 0.471731
vt 0.116663 0.449553
vt 0.080294 0.419706
vt 0.050447 0.383337
vt 0.028269 0.341844
vt 0.014612 0.296822
vt 0.010000 0.250000
vt 0.014612 0.203178
vt 0.028269 0.158156
vt 0.050447 0.116663
vt 0.080294 0.080294
vt 0.116663 0.050447
vt 0.158156 0.028269
vt 0.203178 0.014612
vt 0.250000 0.010000
vt 0.296822 0.014612
vt 0.341844 0.028269
vt 0.383337 0.050447
vt 0.419706 0.080294
vt 0.449553 0.116663
vt 0.471731 0.158156
vt 0.485388 0.203178
vt 0.490000 0.250000
vt 0.485388 0.296822
vt 0.471731 0.341844
vt 0.449553 0.383337
vt 0.419706 0.419706
vt 0.383337 0.449553
vt 0.341844 0.471731
vt 0.031250 1.000000
vt 0.031250 0.500000
vt 0.000000 1.000000
vt 0.000000 0.500000
vt 0.750000 0.490000
vt 0.796822 0.485388
vt 0.841844 0.471731
vt 0.883337 0.449553
vt 0.919706 0.419706
vt 0.949553 0.383337
vt 0.971731 0.341844
vt 0.985388 0.296822
vt 0.990000 0.250000
vt 0.985388 0.203178
vt 0.971731 0.158156
vt 0.949553 0.116663
vt 0.919706 0.080294
vt 0.883337 0.050447
vt 0.841844 0.028269
vt 0.796822 0.014612
vt 0.750000 0.010000
vt 0.703178 0.014612
vt 0.658156 0.028269
vt 0.616663 0.050447
vt 0.580294 0.080294
vt 0.550447 0.116663
vt 0.528269 0.158156
vt 0.514612 0.203178
vt 0.510000 0.250000
vt 0.514612 0.296822
vt 0.528269 0.341844
vt 0.550447 0.383337
vt 0.580294 0.419706
vt 0.616663 0.449553
vt 0.658156 0.471731
vt 0.703178 0.485388
s 0
usemtl Trunk
f 1531/2082/1467 1532/2083/1467 1534/2084/1467 1533/2085/1467
f 1533/2085/1468 1534/2084/1468 1536/2086/1468 1535/2087/1468
f 1535/2087/1469 1536/2086/1469 1538/2088/1469 1537/2089/1469
f 1537/2089/1470 1538/2088/1470 1540/2090/1470 1539/2091/1470
f 1539/2091/1471 1540/2090/1471 1542/2092/1471 1541/2093/1471
f 1541/2093/1472 1542/2092/1472 1544/2094/1472 1543/2095/1472
f 1543/2095/1473 1544/2094/1473 1546/2096/1473 1545/2097/1473
f 1545/2097/1474 1546/2096/1474 1548/2098/1474 1547/2099/1474
f 1547/2099/1475 1548/2098/1475 1550/2100/1475 1549/2101/1475
f 1549/2101/1476 1550/2100/1476 1552/2102/1476 1551/2103/1476
f 1551/2103/1477 1552/2102/1477 1554/2104/1477 1553/2105/1477
f 1553/2105/1478 1554/2104/1478 1556/2106/1478 1555/2107/1478
f 1555/2107/1479 1556/2106/1479 1558/2108/1479 1557/2109/1479
f 1557/2109/1480 1558/2108/1480 1560/2110/1480 1559/2111/1480
f 1559/2111/1481 1560/2110/1481 1562/2112/1481 1561/2113/1481
f 1561/2113/1482 1562/2112/1482 1564/2114/1482 1563/2115/1482
f 1563/2115/1483 1564/2114/1483 1566/2116/1483 1565/2117/1483
f 1565/2117/1484 1566/2116/1484 1568/2118/1484 1567/2119/1484
f 1567/2119/1485 1568/2118/1485 1570/2120/1485 1569/2121/1485
f 1569/2121/1486 1570/2120/1486 1572/2122/1486 1571/2123/1486
f 1571/2123/1487 1572/2122/1487 1574/2124/1487 1573/2125/1487
f 1573/2125/1488 1574/2124/1488 1576/2126/1488 1575/2127/1488
f 1575/2127/1489 1576/2126/1489 1578/2128/1489 1577/2129/1489
f 1577/2129/1490 1578/2128/1490 1580/2130/1490 1579/2131/1490
f 1579/2131/1491 1580/2130/1491 1582/2132/1491 1581/2133/1491
f 1581/2133/1492 1582/2132/1492 1584/2134/1492 1583/2135/1492
f 1583/2135/1493 1584/2134/1493 1586/2136/1493 1585/2137/1493
f 1585/2137/1494 1586/2136/1494 1588/2138/1494 1587/2139/1494
f 1587/2139/1495 1588/2138/1495 1590/2140/1495 1589/2141/1495
f 1589/2141/1496 1590/2140/1496 1592/2142/1496 1591/2143/1496
f 1534/2144/1497 1532/2145/1497 1594/2146/1497 1592/2147/1497 1590/2148/1497 1588/2149/1497 1586/2150/1497 1584/2151/1497 1582/2152/1497 1580/2153/1497 1578/2154/1497 1576/2155/1497 1574/2156/1497 1572/2157/1497 1570/2158/1497 1568/2159/1497 1566/2160/1497 1564/2161/1497 1562/2162/1497 1560/2163/1497 1558/2164/1497 1556/2165/1497 1554/2166/1497 1552/2167/1497 1550/2168/1497 1548/2169/1497 1546/2170/1497 1544/2171/1497 1542/2172/1497 1540/2173/1497 1538/2174/1497 1536/2175/1497
f 1591/2143/1498 1592/2142/1498 1594/2176/1498 1593/2177/1498
f 1593/2177/1499 1594/2176/1499 1532/2178/1499 1531/2179/1499
f 1531/2180/1500 1533/2181/1500 1535/2182/1500 1537/2183/1500 1539/2184/1500 1541/2185/1500 1543/2186/1500 1545/2187/1500 1547/2188/1500 1549/2189/1500 1551/2190/1500 1553/2191/1500 1555/2192/1500 1557/2193/1500 1559/2194/1500 1561/2195/1500 1563/2196/1500 1565/2197/1500 1567/2198/1500 1569/2199/1500 1571/2200/1500 1573/2201/1500 1575/2202/1500 1577/2203/1500 1579/2204/1500 1581/2205/1500 1583/2206/1500 1585/2207/1500 1587/2208/1500 1589/2209/1500 1591/2210/1500 1593/2211/1500
o Icosphere.001
v -2.000000 0.750000 1.900000
v -1.529655 1.109307 2.241721
v -2.179652 1.109307 2.452922
v -2.581377 1.109310 1.900000
v -2.179652 1.109307 1.347078
v -1.529655 1.109307 1.558279
v -1.820348 1.690693 2.452922
v -2.470345 1.690693 2.241721
v -2.470345 1.690693 1.558279
v -1.820348 1.690693 1.347078
v -1.418623 1.690690 1.900000
v -2.000000 2.050000 1.900000
v -2.105596 0.847075 2.224997
v -1.723540 0.847075 2.100857
v -1.829135 1.058271 2.425858
v -1.447079 1.058272 1.900000
v -1.723540 0.847075 1.699143
v -2.341724 0.847076 1.900000
v -2.447323 1.058271 2.224998
v -2.105596 0.847075 1.575003
v -2.447323 1.058271 1.575002
v -1.829135 1.058270 1.374142
v -1.381812 1.400000 2.100858
v -1.381812 1.400000 1.699142
v -2.000000 1.400000 2.550000
v -1.617939 1.400000 2.425861
v -2.618188 1.400000 2.100858
v -2.382061 1.400000 2.425861
v -2.382061 1.400000 1.374139
v -2.618188 1.400000 1.699142
v -1.617939 1.400000 1.374139
v -2.000000 1.400000 1.250000
v -1.552677 1.741729 2.224998
v -2.170865 1.741729 2.425858
v -2.552921 1.741728 1.900000
v -2.170865 1.741729 1.374142
v -1.552677 1.741729 1.575002
v -1.894404 1.952925 2.224997
v -1.658276 1.952924 1.900000
v -2.276460 1.952925 2.100857
v -2.276460 1.952925 1.699143
v -1.894404 1.952925 1.575003
vn 0.1024 -0.9435 0.3151
vn 0.7002 -0.6617 0.2680
vn -0.2680 -0.9435 0.1947
vn -0.2680 -0.9435 -0.1947
vn 0.1024 -0.9435 -0.3151
vn 0.9050 -0.3304 0.2680
vn 0.0247 -0.3304 0.9435
vn -0.8897 -0.3304 0.3151
vn -0.5746 -0.3304 -0.7488
vn 0.5346 -0.3304 -0.7779
vn 0.8026 -0.1256 0.5831
vn -0.3066 -0.1256 0.9435
vn -0.9921 -0.1256 -0.0000
vn -0.3066 -0.1256 -0.9435
vn 0.8026 -0.1256 -0.5831
vn 0.4089 0.6617 0.6284
vn -0.4713 0.6617 0.5831
vn -0.7002 0.6617 -0.2680
vn 0.0385 0.6617 -0.7488
vn 0.7240 0.6617 -0.1947
vn 0.2680 0.9435 -0.1947
vn 0.4911 0.7947 -0.3568
vn 0.4089 0.6617 -0.6284
vn -0.1024 0.9435 -0.3151
vn -0.1876 0.7947 -0.5773
vn -0.4713 0.6617 -0.5831
vn -0.3313 0.9435 -0.0000
vn -0.6071 0.7947 -0.0000
vn -0.7002 0.6617 0.2680
vn -0.1024 0.9435 0.3151
vn -0.1876 0.7947 0.5773
vn 0.0385 0.6617 0.7488
vn 0.2680 0.9435 0.1947
vn 0.4911 0.7947 0.3568
vn 0.7240 0.6617 0.1947
vn 0.8897 0.3304 -0.3151
vn 0.7947 0.1876 -0.5773
vn 0.5746 0.3304 -0.7488
vn -0.0247 0.3304 -0.9435
vn -0.3035 0.1876 -0.9342
vn -0.5346 0.3304 -0.7779
vn -0.9050 0.3304 -0.2680
vn -0.9822 0.1876 -0.0000
vn -0.9050 0.3304 0.2680
vn -0.5346 0.3304 0.7779
vn -0.3035 0.1876 0.9342
vn -0.0247 0.3304 0.9435
vn 0.5746 0.3304 0.7488
vn 0.7947 0.1876 0.5773
vn 0.8897 0.3304 0.3151
vn 0.3066 0.1256 -0.9435
vn 0.3035 -0.1876 -0.9342
vn 0.0247 -0.3304 -0.9435
vn -0.8026 0.1256 -0.5831
vn -0.7947 -0.1876 -0.5773
vn -0.8897 -0.3304 -0.3151
vn -0.8026 0.1256 0.5831
vn -0.7947 -0.1876 0.5773
vn -0.5746 -0.3304 0.7488
vn 0.3066 0.1256 0.9435
vn 0.3035 -0.1876 0.9342
vn 0.5346 -0.3304 0.7779
vn 0.9921 0.1256 -0.0000
vn 0.9822 -0.1876 -0.0000
vn 0.9050 -0.3304 -0.2680
vn 0.4713 -0.6617 -0.5831
vn 0.1876 -0.7947 -0.5773
vn -0.0385 -0.6617 -0.7488
vn -0.4089 -0.6617 -0.6284
vn -0.4911 -0.7947 -0.3568
vn -0.7240 -0.6617 -0.1947
vn -0.7240 -0.6617 0.1947
vn -0.4911 -0.7947 0.3568
vn -0.4089 -0.6617 0.6284
vn 0.7002 -0.6617 -0.2680
vn 0.6071 -0.7947 -0.0000
vn 0.3313 -0.9435 -0.0000
vn -0.0385 -0.6617 0.7488
vn 0.1876 -0.7947 0.5773
vn 0.4713 -0.6617 0.5831
vt 0.181819 0.000000
vt 0.227273 0.078731
vt 0.136365 0.078731
vt 0.272728 0.157461
vt 0.318182 0.078731
vt 0.363637 0.157461
vt 0.909091 0.000000
vt 0.954545 0.078731
vt 0.863636 0.078731
vt 0.727273 0.000000
vt 0.772727 0.078731
vt 0.681818 0.078731
vt 0.545455 0.000000
vt 0.590909 0.078731
vt 0.500000 0.078731
vt 0.318182 0.236191
vt 0.090910 0.157461
vt 0.181819 0.157461
vt 0.136365 0.236191
vt 0.818182 0.157461
vt 0.909091 0.157461
vt 0.863636 0.236191
vt 0.636364 0.157461
vt 0.727273 0.157461
vt 0.681818 0.236191
vt 0.454546 0.157461
vt 0.545455 0.157461
vt 0.500000 0.236191
vt 0.227273 0.236191
vt 0.045455 0.236191
vt 0.772727 0.236191
vt 0.590909 0.236191
vt 0.409092 0.236191
vt 0.181819 0.314921
vt 0.272728 0.314921
vt 0.227273 0.393651
vt 0.000000 0.314921
vt 0.090910 0.314921
vt 0.045455 0.393651
vt 0.727273 0.314921
vt 0.818182 0.314921
vt 0.772727 0.393651
vt 0.545455 0.314921
vt 0.636364 0.314921
vt 0.590909 0.393651
vt 0.363637 0.314921
vt 0.454546 0.314921
vt 0.409092 0.393651
vt 0.500000 0.393651
vt 0.454546 0.472382
vt 0.681818 0.393651
vt 0.636364 0.472382
vt 0.863636 0.393651
vt 0.818182 0.472382
vt 0.909091 0.314921
vt 0.136365 0.393651
vt 0.090910 0.472382
vt 0.318182 0.393651
vt 0.272728 0.472382
vt 0.954545 0.236191
vt 1.000000 0.157461
vt 0.409092 0.078731
vt 0.363637 0.000000
s 0
usemtl CherryBlossom
f 1595/2212/1501 1608/2213/1501 1607/2214/1501
f 1596/2215/1502 1608/2216/1502 1610/2217/1502
f 1595/2218/1503 1607/2219/1503 1612/2220/1503
f 1595/2221/1504 1612/2222/1504 1614/2223/1504
f 1595/2224/1505 1614/2225/1505 1611/2226/1505
f 1596/2215/1506 1610/2217/1506 1617/2227/1506
f 1597/2228/1507 1609/2229/1507 1619/2230/1507
f 1598/2231/1508 1613/2232/1508 1621/2233/1508
f 1599/2234/1509 1615/2235/1509 1623/2236/1509
f 1600/2237/1510 1616/2238/1510 1625/2239/1510
f 1596/2215/1511 1617/2227/1511 1620/2240/1511
f 1597/2228/1512 1619/2230/1512 1622/2241/1512
f 1598/2231/1513 1621/2233/1513 1624/2242/1513
f 1599/2234/1514 1623/2236/1514 1626/2243/1514
f 1600/2237/1515 1625/2239/1515 1618/2244/1515
f 1601/2245/1516 1627/2246/1516 1632/2247/1516
f 1602/2248/1517 1628/2249/1517 1634/2250/1517
f 1603/2251/1518 1629/2252/1518 1635/2253/1518
f 1604/2254/1519 1630/2255/1519 1636/2256/1519
f 1605/2257/1520 1631/2258/1520 1633/2259/1520
f 1633/2259/1521 1636/2260/1521 1606/2261/1521
f 1633/2259/1522 1631/2258/1522 1636/2260/1522
f 1631/2258/1523 1604/2254/1523 1636/2260/1523
f 1636/2256/1524 1635/2262/1524 1606/2263/1524
f 1636/2256/1525 1630/2255/1525 1635/2262/1525
f 1630/2255/1526 1603/2251/1526 1635/2262/1526
f 1635/2253/1527 1634/2264/1527 1606/2265/1527
f 1635/2253/1528 1629/2252/1528 1634/2264/1528
f 1629/2252/1529 1602/2266/1529 1634/2264/1529
f 1634/2250/1530 1632/2267/1530 1606/2268/1530
f 1634/2250/1531 1628/2249/1531 1632/2267/1531
f 1628/2249/1532 1601/2245/1532 1632/2267/1532
f 1632/2247/1533 1633/2269/1533 1606/2270/1533
f 1632/2247/1534 1627/2246/1534 1633/2269/1534
f 1627/2246/1535 1605/2257/1535 1633/2269/1535
f 1618/2244/1536 1631/2258/1536 1605/2257/1536
f 1618/2244/1537 1625/2239/1537 1631/2258/1537
f 1625/2239/1538 1604/2254/1538 1631/2258/1538
f 1626/2243/1539 1630/2255/1539 1604/2254/1539
f 1626/2243/1540 1623/2236/1540 1630/2255/1540
f 1623/2236/1541 1603/2251/1541 1630/2255/1541
f 1624/2242/1542 1629/2252/1542 1603/2251/1542
f 1624/2242/1543 1621/2233/1543 1629/2252/1543
f 1621/2233/1544 1602/2266/1544 1629/2252/1544
f 1622/2241/1545 1628/2249/1545 1602/2248/1545
f 1622/2241/1546 1619/2230/1546 1628/2249/1546
f 1619/2230/1547 1601/2245/1547 1628/2249/1547
f 1620/2240/1548 1627/2246/1548 1601/2245/1548
f 1620/2240/1549 1617/2227/1549 1627/2246/1549
f 1617/2227/1550 1605/2257/1550 1627/2246/1550
f 1625/2239/1551 1626/2243/1551 1604/2254/1551
f 1625/2239/1552 1616/2238/1552 1626/2243/1552
f 1616/2238/1553 1599/2234/1553 1626/2243/1553
f 1623/2236/1554 1624/2242/1554 1603/2251/1554
f 1623/2236/1555 1615/2235/1555 1624/2242/1555
f 1615/2235/1556 1598/2231/1556 1624/2242/1556
f 1621/2233/1557 1622/2271/1557 1602/2266/1557
f 1621/2233/1558 1613/2232/1558 1622/2271/1558
f 1613/2232/1559 1597/2272/1559 1622/2271/1559
f 1619/2230/1560 1620/2240/1560 1601/2245/1560
f 1619/2230/1561 1609/2229/1561 1620/2240/1561
f 1609/2229/1562 1596/2215/1562 1620/2240/1562
f 1617/2227/1563 1618/2244/1563 1605/2257/1563
f 1617/2227/1564 1610/2217/1564 1618/2244/1564
f 1610/2217/1565 1600/2237/1565 1618/2244/1565
f 1611/2226/1566 1616/2238/1566 1600/2237/1566
f 1611/2226/1567 1614/2225/1567 1616/2238/1567
f 1614/2225/1568 1599/2234/1568 1616/2238/1568
f 1614/2223/1569 1615/2235/1569 1599/2234/1569
f 1614/2223/1570 1612/2222/1570 1615/2235/1570
f 1612/2222/1571 1598/2231/1571 1615/2235/1571
f 1612/2220/1572 1613/2232/1572 1598/2231/1572
f 1612/2220/1573 1607/2219/1573 1613/2232/1573
f 1607/2219/1574 1597/2272/1574 1613/2232/1574
f 1610/2217/1575 1611/2273/1575 1600/2237/1575
f 1610/2217/1576 1608/2216/1576 1611/2273/1576
f 1608/2216/1577 1595/2274/1577 1611/2273/1577
f 1607/2214/1578 1609/2229/1578 1597/2228/1578
f 1607/2214/1579 1608/2213/1579 1609/2229/1579
f 1608/2213/1580 1596/2215/1580 1609/2229/1580
o Cylinder.004
v -4.900000 0.200000 4.390000
v -4.900000 1.100000 4.390000
v -4.878540 0.200000 4.392114
v -4.878540 1.100000 4.392114
v -4.857905 0.200000 4.398373
v -4.857905 1.100000 4.398373
v -4.838887 0.200000 4.408538
v -4.838887 1.100000 4.408538
v -4.822218 0.200000 4.422218
v -4.822218 1.100000 4.422218
v -4.808538 0.200000 4.438887
v -4.808538 1.100000 4.438887
v -4.798373 0.200000 4.457905
v -4.798373 1.100000 4.457905
v -4.792114 0.200000 4.478540
v -4.792114 1.100000 4.478540
v -4.790000 0.200000 4.500000
v -4.790000 1.100000 4.500000
v -4.792114 0.200000 4.521460
v -4.792114 1.100000 4.521460
v -4.798373 0.200000 4.542095
v -4.798373 1.100000 4.542095
v -4.808538 0.200000 4.561113
v -4.808538 1.100000 4.561113
v -4.822218 0.200000 4.577782
v -4.822218 1.100000 4.577782
v -4.838887 0.200000 4.591462
v -4.838887 1.100000 4.591462
v -4.857905 0.200000 4.601627
v -4.857905 1.100000 4.601627
v -4.878540 0.200000 4.607886
v -4.878540 1.100000 4.607886
v -4.900000 0.200000 4.610000
v -4.900000 1.100000 4.610000
v -4.921460 0.200000 4.607886
v -4.921460 1.100000 4.607886
v -4.942095 0.200000 4.601627
v -4.942095 1.100000 4.601627
v -4.961113 0.200000 4.591462
v -4.961113 1.100000 4.591462
v -4.977782 0.200000 4.577782
v -4.977782 1.100000 4.577782
v -4.991462 0.200000 4.561113
v -4.991462 1.100000 4.561113
v -5.001627 0.200000 4.542095
v -5.001627 1.100000 4.542095
v -5.007886 0.200000 4.521460
v -5.007886 1.100000 4.521460
v -5.010000 0.200000 4.500000
v -5.010000 1.100000 4.500000
v -5.007886 0.200000 4.478540
v -5.007886 1.100000 4.478540
v -5.001627 0.200000 4.457905
v -5.001627 1.100000 4.457905
v -4.991462 0.200000 4.438887
v -4.991462 1.100000 4.438887
v -4.977782 0.200000 4.422218
v -4.977782 1.100000 4.422218
v -4.961113 0.200000 4.408538
v -4.961113 1.100000 4.408538
v -4.942095 0.200000 4.398373
v -4.942095 1.100000 4.398373
v -4.921460 0.200000 4.392114
v -4.921460 1.100000 4.392114
vn 0.0980 -0.0000 -0.9952
vn 0.2903 -0.0000 -0.9569
vn 0.4714 -0.0000 -0.8819
vn 0.6344 -0.0000 -0.7730
vn 0.7730 -0.0000 -0.6344
vn 0.8819 -0.0000 -0.4714
vn 0.9569 -0.0000 -0.2903
vn 0.9952 -0.0000 -0.0980
vn 0.9952 -0.0000 0.0980
vn 0.9569 -0.0000 0.2903
vn 0.8819 -0.0000 0.4714
vn 0.7730 -0.0000 0.6344
vn 0.6344 -0.0000 0.7730
vn 0.4714 -0.0000 0.8819
vn 0.2903 -0.0000 0.9569
vn 0.0980 -0.0000 0.9952
vn -0.0980 -0.0000 0.9952
vn -0.2903 -0.0000 0.9569
vn -0.4714 -0.0000 0.8819
vn -0.6344 -0.0000 0.7730
vn -0.7730 -0.0000 0.6344
vn -0.8819 -0.0000 0.4714
vn -0.9569 -0.0000 0.2903
vn -0.9952 -0.0000 0.0980
vn -0.9952 -0.0000 -0.0980
vn -0.9569 -0.0000 -0.2903
vn -0.8819 -0.0000 -0.4714
vn -0.7730 -0.0000 -0.6344
vn -0.6344 -0.0000 -0.7730
vn -0.4714 -0.0000 -0.8819
vn -0.0000 1.0000 -0.0000
vn -0.2903 -0.0000 -0.9569
vn -0.0980 -0.0000 -0.9952
vn -0.0000 -1.0000 -0.0000
vt 1.000000 0.500000
vt 1.000000 1.000000
vt 0.968750 1.000000
vt 0.968750 0.500000
vt 0.937500 1.000000
vt 0.937500 0.500000
vt 0.906250 1.000000
vt 0.906250 0.500000
vt 0.875000 1.000000
vt 0.875000 0.500000
vt 0.843750 1.000000
vt 0.843750 0.500000
vt 0.812500 1.000000
vt 0.812500 0.500000
vt 0.781250 1.000000
vt 0.781250 0.500000
vt 0.750000 1.000000
vt 0.750000 0.500000
vt 0.718750 1.000000
vt 0.718750 0.500000
vt 0.687500 1.000000
vt 0.687500 0.500000
vt 0.656250 1.000000
vt 0.656250 0.500000
vt 0.625000 1.000000
vt 0.625000 0.500000
vt 0.593750 1.000000
vt 0.593750 0.500000
vt 0.562500 1.000000
vt 0.562500 0.500000
vt 0.531250 1.000000
vt 0.531250 0.500000
vt 0.500000 1.000000
vt 0.500000 0.500000
vt 0.468750 1.000000
vt 0.468750 0.500000
vt 0.437500 1.000000
vt 0.437500 0.500000
vt 0.406250 1.000000
vt 0.406250 0.500000
vt 0.375000 1.000000
vt 0.375000 0.500000
vt 0.343750 1.000000
vt 0.343750 0.500000
vt 0.312500 1.000000
vt 0.312500 0.500000
vt 0.281250 1.000000
vt 0.281250 0.500000
vt 0.250000 1.000000
vt 0.250000 0.500000
vt 0.218750 1.000000
vt 0.218750 0.500000
vt 0.187500 1.000000
vt 0.187500 0.500000
vt 0.156250 1.000000
vt 0.156250 0.500000
vt 0.125000 1.000000
vt 0.125000 0.500000
vt 0.093750 1.000000
vt 0.093750 0.500000
vt 0.062500 1.000000
vt 0.062500 0.500000
vt 0.296822 0.485388
vt 0.250000 0.490000
vt 0.203178 0.485388
vt 0.158156 0.471731
vt 0.116663 0.449553
vt 0.080294 0.419706
vt 0.050447 0.383337
vt 0.028269 0.341844
vt 0.014612 0.296822
vt 0.010000 0.250000
vt 0.014612 0.203178
vt 0.028269 0.158156
vt 0.050447 0.116663
vt 0.080294 0.080294
vt 0.116663 0.050447
vt 0.158156 0.028269
vt 0.203178 0.014612
vt 0.250000 0.010000
vt 0.296822 0.014612
vt 0.341844 0.028269
vt 0.383337 0.050447
vt 0.419706 0.080294
vt 0.449553 0.116663
vt 0.471731 0.158156
vt 0.485388 0.203178
vt 0.490000 0.250000
vt 0.485388 0.296822
vt 0.471731 0.341844
vt 0.449553 0.383337
vt 0.419706 0.419706
vt 0.383337 0.449553
vt 0.341844 0.471731
vt 0.031250 1.000000
vt 0.031250 0.500000
vt 0.000000 1.000000
vt 0.000000 0.500000
vt 0.750000 0.490000
vt 0.796822 0.485388
vt 0.841844 0.471731
vt 0.883337 0.449553
vt 0.919706 0.419706
vt 0.949553 0.383337
vt 0.971731 0.341844
vt 0.985388 0.296822
vt 0.990000 0.250000
vt 0.985388 0.203178
vt 0.971731 0.158156
vt 0.949553 0.116663
vt 0.919706 0.080294
vt 0.883337 0.050447
vt 0.841844 0.028269
vt 0.796822 0.014612
vt 0.750000 0.010000
vt 0.703178 0.014612
vt 0.658156 0.028269
vt 0.616663 0.050447
vt 0.580294 0.080294
vt 0.550447 0.116663
vt 0.528269 0.158156
vt 0.514612 0.203178
vt 0.510000 0.250000
vt 0.514612 0.296822
vt 0.528269 0.341844
vt 0.550447 0.383337
vt 0.580294 0.419706
vt 0.616663 0.449553
vt 0.658156 0.471731
vt 0.703178 0.485388
s 0
usemtl Trunk
f 1637/2275/1581 1638/2276/1581 1640/2277/1581 1639/2278/1581
f 1639/2278/1582 1640/2277/1582 1642/2279/1582 1641/2280/1582
f 1641/2280/1583 1642/2279/1583 1644/2281/1583 1643/2282/1583
f 1643/2282/1584 1644/2281/1584 1646/2283/1584 1645/2284/1584
f 1645/2284/1585 1646/2283/1585 1648/2285/1585 1647/2286/1585
f 1647/2286/1586 1648/2285/1586 1650/2287/1586 1649/2288/1586
f 1649/2288/1587 1650/2287/1587 1652/2289/1587 1651/2290/1587
f 1651/2290/1588 1652/2289/1588 1654/2291/1588 1653/2292/1588
f 1653/2292/1589 1654/2291/1589 1656/2293/1589 1655/2294/1589
f 1655/2294/1590 1656/2293/1590 1658/2295/1590 1657/2296/1590
f 1657/2296/1591 1658/2295/1591 1660/2297/1591 1659/2298/1591
f 1659/2298/1592 1660/2297/1592 1662/2299/1592 1661/2300/1592
f 1661/2300/1593 1662/2299/1593 1664/2301/1593 1663/2302/1593
f 1663/2302/1594 1664/2301/1594 1666/2303/1594 1665/2304/1594
f 1665/2304/1595 1666/2303/1595 1668/2305/1595 1667/2306/1595
f 1667/2306/1596 1668/2305/1596 1670/2307/1596 1669/2308/1596
f 1669/2308/1597 1670/2307/1597 1672/2309/1597 1671/2310/1597
f 1671/2310/1598 1672/2309/1598 1674/2311/1598 1673/2312/1598
f 1673/2312/1599 1674/2311/1599 1676/2313/1599 1675/2314/1599
f 1675/2314/1600 1676/2313/1600 1678/2315/1600 1677/2316/1600
f 1677/2316/1601 1678/2315/1601 1680/2317/1601 1679/2318/1601
f 1679/2318/1602 1680/2317/1602 1682/2319/1602 1681/2320/1602
f 1681/2320/1603 1682/2319/1603 1684/2321/1603 1683/2322/1603
f 1683/2322/1604 1684/2321/1604 1686/2323/1604 1685/2324/1604
f 1685/2324/1605 1686/2323/1605 1688/2325/1605 1687/2326/1605
f 1687/2326/1606 1688/2325/1606 1690/2327/1606 1689/2328/1606
f 1689/2328/1607 1690/2327/1607 1692/2329/1607 1691/2330/1607
f 1691/2330/1608 1692/2329/1608 1694/2331/1608 1693/2332/1608
f 1693/2332/1609 1694/2331/1609 1696/2333/1609 1695/2334/1609
f 1695/2334/1610 1696/2333/1610 1698/2335/1610 1697/2336/1610
f 1640/2337/1611 1638/2338/1611 1700/2339/1611 1698/2340/1611 1696/2341/1611 1694/2342/1611 1692/2343/1611 1690/2344/1611 1688/2345/1611 1686/2346/1611 1684/2347/1611 1682/2348/1611 1680/2349/1611 1678/2350/1611 1676/2351/1611 1674/2352/1611 1672/2353/1611 1670/2354/1611 1668/2355/1611 1666/2356/1611 1664/2357/1611 1662/2358/1611 1660/2359/1611 1658/2360/1611 1656/2361/1611 1654/2362/1611 1652/2363/1611 1650/2364/1611 1648/2365/1611 1646/2366/1611 1644/2367/1611 1642/2368/1611
f 1697/2336/1612 1698/2335/1612 1700/2369/1612 1699/2370/1612
f 1699/2370/1613 1700/2369/1613 1638/2371/1613 1637/2372/1613
f 1637/2373/1614 1639/2374/1614 1641/2375/1614 1643/2376/1614 1645/2377/1614 1647/2378/1614 1649/2379/1614 1651/2380/1614 1653/2381/1614 1655/2382/1614 1657/2383/1614 1659/2384/1614 1661/2385/1614 1663/2386/1614 1665/2387/1614 1667/2388/1614 1669/2389/1614 1671/2390/1614 1673/2391/1614 1675/2392/1614 1677/2393/1614 1679/2394/1614 1681/2395/1614 1683/2396/1614 1685/2397/1614 1687/2398/1614 1689/2399/1614 1691/2400/1614 1693/2401/1614 1695/2402/1614 1697/2403/1614 1699/2404/1614
o Icosphere.002
v -4.900000 0.750000 4.500000
v -4.429656 1.109307 4.841722
v -5.079652 1.109307 5.052922
v -5.481377 1.109310 4.500000
v -5.079652 1.109307 3.947078
v -4.429656 1.109307 4.158278
v -4.720348 1.690693 5.052922
v -5.370345 1.690693 4.841722
v -5.370345 1.690693 4.158278
v -4.720348 1.690693 3.947078
v -4.318623 1.690690 4.500000
v -4.900000 2.050000 4.500000
v -5.005596 0.847075 4.824997
v -4.623540 0.847075 4.700857
v -4.729136 1.058271 5.025857
v -4.347079 1.058272 4.500000
v -4.623540 0.847075 4.299143
v -5.241724 0.847076 4.500000
v -5.347323 1.058271 4.824998
v -5.005596 0.847075 4.175003
v -5.347323 1.058271 4.175002
v -4.729136 1.058270 3.974143
v -4.281813 1.400000 4.700858
v -4.281813 1.400000 4.299142
v -4.900000 1.400000 5.150000
v -4.517940 1.400000 5.025861
v -5.518188 1.400000 4.700858
v -5.282061 1.400000 5.025861
v -5.282061 1.400000 3.974139
v -5.518188 1.400000 4.299142
v -4.517940 1.400000 3.974139
v -4.900000 1.400000 3.850000
v -4.452677 1.741729 4.824998
v -5.070865 1.741729 5.025857
v -5.452921 1.741728 4.500000
v -5.070865 1.741729 3.974143
v -4.452677 1.741729 4.175002
v -4.794404 1.952925 4.824997
v -4.558276 1.952924 4.500000
v -5.176460 1.952925 4.700857
v -5.176460 1.952925 4.299143
v -4.794404 1.952925 4.175003
vn 0.1024 -0.9435 0.3151
vn 0.7002 -0.6617 0.2680
vn -0.2680 -0.9435 0.1947
vn -0.2680 -0.9435 -0.1947
vn 0.1024 -0.9435 -0.3151
vn 0.9050 -0.3304 0.2680
vn 0.0247 -0.3304 0.9435
vn -0.8897 -0.3304 0.3151
vn -0.5746 -0.3304 -0.7488
vn 0.5346 -0.3304 -0.7779
vn 0.8026 -0.1256 0.5831
vn -0.3066 -0.1256 0.9435
vn -0.9921 -0.1256 -0.0000
vn -0.3066 -0.1256 -0.9435
vn 0.8026 -0.1256 -0.5831
vn 0.4089 0.6617 0.6284
vn -0.4713 0.6617 0.5831
vn -0.7002 0.6617 -0.2680
vn 0.0385 0.6617 -0.7488
vn 0.7240 0.6617 -0.1947
vn 0.2680 0.9435 -0.1947
vn 0.4911 0.7947 -0.3568
vn 0.4089 0.6617 -0.6284
vn -0.1024 0.9435 -0.3151
vn -0.1876 0.7947 -0.5773
vn -0.4713 0.6617 -0.5831
vn -0.3313 0.9435 -0.0000
vn -0.6071 0.7947 -0.0000
vn -0.7002 0.6617 0.2680
vn -0.1024 0.9435 0.3151
vn -0.1876 0.7947 0.5773
vn 0.0385 0.6617 0.7488
vn 0.2680 0.9435 0.1947
vn 0.4911 0.7947 0.3568
vn 0.7240 0.6617 0.1947
vn 0.8897 0.3304 -0.3151
vn 0.7947 0.1876 -0.5773
vn 0.5746 0.3304 -0.7488
vn -0.0247 0.3304 -0.9435
vn -0.3035 0.1876 -0.9342
vn -0.5346 0.3304 -0.7779
vn -0.9050 0.3304 -0.2680
vn -0.9822 0.1876 -0.0000
vn -0.9050 0.3304 0.2680
vn -0.5346 0.3304 0.7779
vn -0.3035 0.1876 0.9342
vn -0.0247 0.3304 0.9435
vn 0.5746 0.3304 0.7488
vn 0.7947 0.1876 0.5773
vn 0.8897 0.3304 0.3151
vn 0.3066 0.1256 -0.9435
vn 0.3035 -0.1876 -0.9342
vn 0.0247 -0.3304 -0.9435
vn -0.8026 0.1256 -0.5831
vn -0.7947 -0.1876 -0.5773
vn -0.8897 -0.3304 -0.3151
vn -0.8026 0.1256 0.5831
vn -0.7947 -0.1876 0.5773
vn -0.5746 -0.3304 0.7488
vn 0.3066 0.1256 0.9435
vn 0.3035 -0.1876 0.9342
vn 0.5346 -0.3304 0.7779
vn 0.9921 0.1256 -0.0000
vn 0.9822 -0.1876 -0.0000
vn 0.9050 -0.3304 -0.2680
vn 0.4713 -0.6617 -0.5831
vn 0.1876 -0.7947 -0.5773
vn -0.0385 -0.6617 -0.7488
vn -0.4089 -0.6617 -0.6284
vn -0.4911 -0.7947 -0.3568
vn -0.7240 -0.6617 -0.1947
vn -0.7240 -0.6617 0.1947
vn -0.4911 -0.7947 0.3568
vn -0.4089 -0.6617 0.6284
vn 0.7002 -0.6617 -0.2680
vn 0.6071 -0.7947 -0.0000
vn 0.3313 -0.9435 -0.0000
vn -0.0385 -0.6617 0.7488
vn 0.1876 -0.7947 0.5773
vn 0.4713 -0.6617 0.5831
vt 0.181819 0.000000
vt 0.227273 0.078731
vt 0.136365 0.078731
vt 0.272728 0.157461
vt 0.318182 0.078731
vt 0.363637 0.157461
vt 0.909091 0.000000
vt 0.954545 0.078731
vt 0.863636 0.078731
vt 0.727273 0.000000
vt 0.772727 0.078731
vt 0.681818 0.078731
vt 0.545455 0.000000
vt 0.590909 0.078731
vt 0.500000 0.078731
vt 0.318182 0.236191
vt 0.090910 0.157461
vt 0.181819 0.157461
vt 0.136365 0.236191
vt 0.818182 0.157461
vt 0.909091 0.157461
vt 0.863636 0.236191
vt 0.636364 0.157461
vt 0.727273 0.157461
vt 0.681818 0.236191
vt 0.454546 0.157461
vt 0.545455 0.157461
vt 0.500000 0.236191
vt 0.227273 0.236191
vt 0.045455 0.236191
vt 0.772727 0.236191
vt 0.590909 0.236191
vt 0.409092 0.236191
vt 0.181819 0.314921
vt 0.272728 0.314921
vt 0.227273 0.393651
vt 0.000000 0.314921
vt 0.090910 0.314921
vt 0.045455 0.393651
vt 0.727273 0.314921
vt 0.818182 0.314921
vt 0.772727 0.393651
vt 0.545455 0.314921
vt 0.636364 0.314921
vt 0.590909 0.393651
vt 0.363637 0.314921
vt 0.454546 0.314921
vt 0.409092 0.393651
vt 0.500000 0.393651
vt 0.454546 0.472382
vt 0.681818 0.393651
vt 0.636364 0.472382
vt 0.863636 0.393651
vt 0.818182 0.472382
vt 0.909091 0.314921
vt 0.136365 0.393651
vt 0.090910 0.472382
vt 0.318182 0.393651
vt 0.272728 0.472382
vt 0.954545 0.236191
vt 1.000000 0.157461
vt 0.409092 0.078731
vt 0.363637 0.000000
s 0
usemtl TreeGreen
f 1701/2405/1615 1714/2406/1615 1713/2407/1615
f 1702/2408/1616 1714/2409/1616 1716/2410/1616
f 1701/2411/1617 1713/2412/1617 1718/2413/1617
f 1701/2414/1618 1718/2415/1618 1720/2416/1618
f 1701/2417/1619 1720/2418/1619 1717/2419/1619
f 1702/2408/1620 1716/2410/1620 1723/2420/1620
f 1703/2421/1621 1715/2422/1621 1725/2423/1621
f 1704/2424/1622 1719/2425/1622 1727/2426/1622
f 1705/2427/1623 1721/2428/1623 1729/2429/1623
f 1706/2430/1624 1722/2431/1624 1731/2432/1624
f 1702/2408/1625 1723/2420/1625 1726/2433/1625
f 1703/2421/1626 1725/2423/1626 1728/2434/1626
f 1704/2424/1627 1727/2426/1627 1730/2435/1627
f 1705/2427/1628 1729/2429/1628 1732/2436/1628
f 1706/2430/1629 1731/2432/1629 1724/2437/1629
f 1707/2438/1630 1733/2439/1630 1738/2440/1630
f 1708/2441/1631 1734/2442/1631 1740/2443/1631
f 1709/2444/1632 1735/2445/1632 1741/2446/1632
f 1710/2447/1633 1736/2448/1633 1742/2449/1633
f 1711/2450/1634 1737/2451/1634 1739/2452/1634
f 1739/2452/1635 1742/2453/1635 1712/2454/1635
f 1739/2452/1636 1737/2451/1636 1742/2453/1636
f 1737/2451/1637 1710/2447/1637 1742/2453/1637
f 1742/2449/1638 1741/2455/1638 1712/2456/1638
f 1742/2449/1639 1736/2448/1639 1741/2455/1639
f 1736/2448/1640 1709/2444/1640 1741/2455/1640
f 1741/2446/1641 1740/2457/1641 1712/2458/1641
f 1741/2446/1642 1735/2445/1642 1740/2457/1642
f 1735/2445/1643 1708/2459/1643 1740/2457/1643
f 1740/2443/1644 1738/2460/1644 1712/2461/1644
f 1740/2443/1645 1734/2442/1645 1738/2460/1645
f 1734/2442/1646 1707/2438/1646 1738/2460/1646
f 1738/2440/1647 1739/2462/1647 1712/2463/1647
f 1738/2440/1648 1733/2439/1648 1739/2462/1648
f 1733/2439/1649 1711/2450/1649 1739/2462/1649
f 1724/2437/1650 1737/2451/1650 1711/2450/1650
f 1724/2437/1651 1731/2432/1651 1737/2451/1651
f 1731/2432/1652 1710/2447/1652 1737/2451/1652
f 1732/2436/1653 1736/2448/1653 1710/2447/1653
f 1732/2436/1654 1729/2429/1654 1736/2448/1654
f 1729/2429/1655 1709/2444/1655 1736/2448/1655
f 1730/2435/1656 1735/2445/1656 1709/2444/1656
f 1730/2435/1657 1727/2426/1657 1735/2445/1657
f 1727/2426/1658 1708/2459/1658 1735/2445/1658
f 1728/2434/1659 1734/2442/1659 1708/2441/1659
f 1728/2434/1660 1725/2423/1660 1734/2442/1660
f 1725/2423/1661 1707/2438/1661 1734/2442/1661
f 1726/2433/1662 1733/2439/1662 1707/2438/1662
f 1726/2433/1663 1723/2420/1663 1733/2439/1663
f 1723/2420/1664 1711/2450/1664 1733/2439/1664
f 1731/2432/1665 1732/2436/1665 1710/2447/1665
f 1731/2432/1666 1722/2431/1666 1732/2436/1666
f 1722/2431/1667 1705/2427/1667 1732/2436/1667
f 1729/2429/1668 1730/2435/1668 1709/2444/1668
f 1729/2429/1669 1721/2428/1669 1730/2435/1669
f 1721/2428/1670 1704/2424/1670 1730/2435/1670
f 1727/2426/1671 1728/2464/1671 1708/2459/1671
f 1727/2426/1672 1719/2425/1672 1728/2464/1672
f 1719/2425/1673 1703/2465/1673 1728/2464/1673
f 1725/2423/1674 1726/2433/1674 1707/2438/1674
f 1725/2423/1675 1715/2422/1675 1726/2433/1675
f 1715/2422/1676 1702/2408/1676 1726/2433/1676
f 1723/2420/1677 1724/2437/1677 1711/2450/1677
f 1723/2420/1678 1716/2410/1678 1724/2437/1678
f 1716/2410/1679 1706/2430/1679 1724/2437/1679
f 1717/2419/1680 1722/2431/1680 1706/2430/1680
f 1717/2419/1681 1720/2418/1681 1722/2431/1681
f 1720/2418/1682 1705/2427/1682 1722/2431/1682
f 1720/2416/1683 1721/2428/1683 1705/2427/1683
f 1720/2416/1684 1718/2415/1684 1721/2428/1684
f 1718/2415/1685 1704/2424/1685 1721/2428/1685
f 1718/2413/1686 1719/2425/1686 1704/2424/1686
f 1718/2413/1687 1713/2412/1687 1719/2425/1687
f 1713/2412/1688 1703/2465/1688 1719/2425/1688
f 1716/2410/1689 1717/2466/1689 1706/2430/1689
f 1716/2410/1690 1714/2409/1690 1717/2466/1690
f 1714/2409/1691 1701/2467/1691 1717/2466/1691
f 1713/2407/1692 1715/2422/1692 1703/2421/1692
f 1713/2407/1693 1714/2406/1693 1715/2422/1693
f 1714/2406/1694 1702/2408/1694 1715/2422/1694
o Cylinder.005
v -2.000000 0.200000 4.390000
v -2.000000 1.100000 4.390000
v -1.978540 0.200000 4.392114
v -1.978540 1.100000 4.392114
v -1.957905 0.200000 4.398373
v -1.957905 1.100000 4.398373
v -1.938887 0.200000 4.408538
v -1.938887 1.100000 4.408538
v -1.922218 0.200000 4.422218
v -1.922218 1.100000 4.422218
v -1.908538 0.200000 4.438887
v -1.908538 1.100000 4.438887
v -1.898373 0.200000 4.457905
v -1.898373 1.100000 4.457905
v -1.892114 0.200000 4.478540
v -1.892114 1.100000 4.478540
v -1.890000 0.200000 4.500000
v -1.890000 1.100000 4.500000
v -1.892114 0.200000 4.521460
v -1.892114 1.100000 4.521460
v -1.898373 0.200000 4.542095
v -1.898373 1.100000 4.542095
v -1.908538 0.200000 4.561113
v -1.908538 1.100000 4.561113
v -1.922218 0.200000 4.577782
v -1.922218 1.100000 4.577782
v -1.938887 0.200000 4.591462
v -1.938887 1.100000 4.591462
v -1.957905 0.200000 4.601627
v -1.957905 1.100000 4.601627
v -1.978540 0.200000 4.607886
v -1.978540 1.100000 4.607886
v -2.000000 0.200000 4.610000
v -2.000000 1.100000 4.610000
v -2.021460 0.200000 4.607886
v -2.021460 1.100000 4.607886
v -2.042095 0.200000 4.601627
v -2.042095 1.100000 4.601627
v -2.061113 0.200000 4.591462
v -2.061113 1.100000 4.591462
v -2.077782 0.200000 4.577782
v -2.077782 1.100000 4.577782
v -2.091462 0.200000 4.561113
v -2.091462 1.100000 4.561113
v -2.101627 0.200000 4.542095
v -2.101627 1.100000 4.542095
v -2.107886 0.200000 4.521460
v -2.107886 1.100000 4.521460
v -2.110000 0.200000 4.500000
v -2.110000 1.100000 4.500000
v -2.107886 0.200000 4.478540
v -2.107886 1.100000 4.478540
v -2.101627 0.200000 4.457905
v -2.101627 1.100000 4.457905
v -2.091462 0.200000 4.438887
v -2.091462 1.100000 4.438887
v -2.077782 0.200000 4.422218
v -2.077782 1.100000 4.422218
v -2.061113 0.200000 4.408538
v -2.061113 1.100000 4.408538
v -2.042095 0.200000 4.398373
v -2.042095 1.100000 4.398373
v -2.021460 0.200000 4.392114
v -2.021460 1.100000 4.392114
vn 0.0980 -0.0000 -0.9952
vn 0.2903 -0.0000 -0.9569
vn 0.4714 -0.0000 -0.8819
vn 0.6344 -0.0000 -0.7730
vn 0.7730 -0.0000 -0.6344
vn 0.8819 -0.0000 -0.4714
vn 0.9569 -0.0000 -0.2903
vn 0.9952 -0.0000 -0.0980
vn 0.9952 -0.0000 0.0980
vn 0.9569 -0.0000 0.2903
vn 0.8819 -0.0000 0.4714
vn 0.7730 -0.0000 0.6344
vn 0.6344 -0.0000 0.7730
vn 0.4714 -0.0000 0.8819
vn 0.2903 -0.0000 0.9569
vn 0.0980 -0.0000 0.9952
vn -0.0980 -0.0000 0.9952
vn -0.2903 -0.0000 0.9569
vn -0.4714 -0.0000 0.8819
vn -0.6344 -0.0000 0.7730
vn -0.7730 -0.0000 0.6344
vn -0.8819 -0.0000 0.4714
vn -0.9569 -0.0000 0.2903
vn -0.9952 -0.0000 0.0980
vn -0.9952 -0.0000 -0.0980
vn -0.9569 -0.0000 -0.2903
vn -0.8819 -0.0000 -0.4714
vn -0.7730 -0.0000 -0.6344
vn -0.6344 -0.0000 -0.7730
vn -0.4714 -0.0000 -0.8819
vn -0.0000 1.0000 -0.0000
vn -0.2903 -0.0000 -0.9569
vn -0.0980 -0.0000 -0.9952
vn -0.0000 -1.0000 -0.0000
vt 1.000000 0.500000
vt 1.000000 1.000000
vt 0.968750 1.000000
vt 0.968750 0.500000
vt 0.937500 1.000000
vt 0.937500 0.500000
vt 0.906250 1.000000
vt 0.906250 0.500000
vt 0.875000 1.000000
vt 0.875000 0.500000
vt 0.843750 1.000000
vt 0.843750 0.500000
vt 0.812500 1.000000
vt 0.812500 0.500000
vt 0.781250 1.000000
vt 0.781250 0.500000
vt 0.750000 1.000000
vt 0.750000 0.500000
vt 0.718750 1.000000
vt 0.718750 0.500000
vt 0.687500 1.000000
vt 0.687500 0.500000
vt 0.656250 1.000000
vt 0.656250 0.500000
vt 0.625000 1.000000
vt 0.625000 0.500000
vt 0.593750 1.000000
vt 0.593750 0.500000
vt 0.562500 1.000000
vt 0.562500 0.500000
vt 0.531250 1.000000
vt 0.531250 0.500000
vt 0.500000 1.000000
vt 0.500000 0.500000
vt 0.468750 1.000000
vt 0.468750 0.500000
vt 0.437500 1.000000
vt 0.437500 0.500000
vt 0.406250 1.000000
vt 0.406250 0.500000
vt 0.375000 1.000000
vt 0.375000 0.500000
vt 0.343750 1.000000
vt 0.343750 0.500000
vt 0.312500 1.000000
vt 0.312500 0.500000
vt 0.281250 1.000000
vt 0.281250 0.500000
vt 0.250000 1.000000
vt 0.250000 0.500000
vt 0.218750 1.000000
vt 0.218750 0.500000
vt 0.187500 1.000000
vt 0.187500 0.500000
vt 0.156250 1.000000
vt 0.156250 0.500000
vt 0.125000 1.000000
vt 0.125000 0.500000
vt 0.093750 1.000000
vt 0.093750 0.500000
vt 0.062500 1.000000
vt 0.062500 0.500000
vt 0.296822 0.485388
vt 0.250000 0.490000
vt 0.203178 0.485388
vt 0.158156 0.471731
vt 0.116663 0.449553
vt 0.080294 0.419706
vt 0.050447 0.383337
vt 0.028269 0.341844
vt 0.014612 0.296822
vt 0.010000 0.250000
vt 0.014612 0.203178
vt 0.028269 0.158156
vt 0.050447 0.116663
vt 0.080294 0.080294
vt 0.116663 0.050447
vt 0.158156 0.028269
vt 0.203178 0.014612
vt 0.250000 0.010000
vt 0.296822 0.014612
vt 0.341844 0.028269
vt 0.383337 0.050447
vt 0.419706 0.080294
vt 0.449553 0.116663
vt 0.471731 0.158156
vt 0.485388 0.203178
vt 0.490000 0.250000
vt 0.485388 0.296822
vt 0.471731 0.341844
vt 0.449553 0.383337
vt 0.419706 0.419706
vt 0.383337 0.449553
vt 0.341844 0.471731
vt 0.031250 1.000000
vt 0.031250 0.500000
vt 0.000000 1.000000
vt 0.000000 0.500000
vt 0.750000 0.490000
vt 0.796822 0.485388
vt 0.841844 0.471731
vt 0.883337 0.449553
vt 0.919706 0.419706
vt 0.949553 0.383337
vt 0.971731 0.341844
vt 0.985388 0.296822
vt 0.990000 0.250000
vt 0.985388 0.203178
vt 0.971731 0.158156
vt 0.949553 0.116663
vt 0.919706 0.080294
vt 0.883337 0.050447
vt 0.841844 0.028269
vt 0.796822 0.014612
vt 0.750000 0.010000
vt 0.703178 0.014612
vt 0.658156 0.028269
vt 0.616663 0.050447
vt 0.580294 0.080294
vt 0.550447 0.116663
vt 0.528269 0.158156
vt 0.514612 0.203178
vt 0.510000 0.250000
vt 0.514612 0.296822
vt 0.528269 0.341844
vt 0.550447 0.383337
vt 0.580294 0.419706
vt 0.616663 0.449553
vt 0.658156 0.471731
vt 0.703178 0.485388
s 0
usemtl Trunk
f 1743/2468/1695 1744/2469/1695 1746/2470/1695 1745/2471/1695
f 1745/2471/1696 1746/2470/1696 1748/2472/1696 1747/2473/1696
f 1747/2473/1697 1748/2472/1697 1750/2474/1697 1749/2475/1697
f 1749/2475/1698 1750/2474/1698 1752/2476/1698 1751/2477/1698
f 1751/2477/1699 1752/2476/1699 1754/2478/1699 1753/2479/1699
f 1753/2479/1700 1754/2478/1700 1756/2480/1700 1755/2481/1700
f 1755/2481/1701 1756/2480/1701 1758/2482/1701 1757/2483/1701
f 1757/2483/1702 1758/2482/1702 1760/2484/1702 1759/2485/1702
f 1759/2485/1703 1760/2484/1703 1762/2486/1703 1761/2487/1703
f 1761/2487/1704 1762/2486/1704 1764/2488/1704 1763/2489/1704
f 1763/2489/1705 1764/2488/1705 1766/2490/1705 1765/2491/1705
f 1765/2491/1706 1766/2490/1706 1768/2492/1706 1767/2493/1706
f 1767/2493/1707 1768/2492/1707 1770/2494/1707 1769/2495/1707
f 1769/2495/1708 1770/2494/1708 1772/2496/1708 1771/2497/1708
f 1771/2497/1709 1772/2496/1709 1774/2498/1709 1773/2499/1709
f 1773/2499/1710 1774/2498/1710 1776/2500/1710 1775/2501/1710
f 1775/2501/1711 1776/2500/1711 1778/2502/1711 1777/2503/1711
f 1777/2503/1712 1778/2502/1712 1780/2504/1712 1779/2505/1712
f 1779/2505/1713 1780/2504/1713 1782/2506/1713 1781/2507/1713
f 1781/2507/1714 1782/2506/1714 1784/2508/1714 1783/2509/1714
f 1783/2509/1715 1784/2508/1715 1786/2510/1715 1785/2511/1715
f 1785/2511/1716 1786/2510/1716 1788/2512/1716 1787/2513/1716
f 1787/2513/1717 1788/2512/1717 1790/2514/1717 1789/2515/1717
f 1789/2515/1718 1790/2514/1718 1792/2516/1718 1791/2517/1718
f 1791/2517/1719 1792/2516/1719 1794/2518/1719 1793/2519/1719
f 1793/2519/1720 1794/2518/1720 1796/2520/1720 1795/2521/1720
f 1795/2521/1721 1796/2520/1721 1798/2522/1721 1797/2523/1721
f 1797/2523/1722 1798/2522/1722 1800/2524/1722 1799/2525/1722
f 1799/2525/1723 1800/2524/1723 1802/2526/1723 1801/2527/1723
f 1801/2527/1724 1802/2526/1724 1804/2528/1724 1803/2529/1724
f 1746/2530/1725 1744/2531/1725 1806/2532/1725 1804/2533/1725 1802/2534/1725 1800/2535/1725 1798/2536/1725 1796/2537/1725 1794/2538/1725 1792/2539/1725 1790/2540/1725 1788/2541/1725 1786/2542/1725 1784/2543/1725 1782/2544/1725 1780/2545/1725 1778/2546/1725 1776/2547/1725 1774/2548/1725 1772/2549/1725 1770/2550/1725 1768/2551/1725 1766/2552/1725 1764/2553/1725 1762/2554/1725 1760/2555/1725 1758/2556/1725 1756/2557/1725 1754/2558/1725 1752/2559/1725 1750/2560/1725 1748/2561/1725
f 1803/2529/1726 1804/2528/1726 1806/2562/1726 1805/2563/1726
f 1805/2563/1727 1806/2562/1727 1744/2564/1727 1743/2565/1727
f 1743/2566/1728 1745/2567/1728 1747/2568/1728 1749/2569/1728 1751/2570/1728 1753/2571/1728 1755/2572/1728 1757/2573/1728 1759/2574/1728 1761/2575/1728 1763/2576/1728 1765/2577/1728 1767/2578/1728 1769/2579/1728 1771/2580/1728 1773/2581/1728 1775/2582/1728 1777/2583/1728 1779/2584/1728 1781/2585/1728 1783/2586/1728 1785/2587/1728 1787/2588/1728 1789/2589/1728 1791/2590/1728 1793/2591/1728 1795/2592/1728 1797/2593/1728 1799/2594/1728 1801/2595/1728 1803/2596/1728 1805/2597/1728
o Icosphere.003
v -2.000000 0.750000 4.500000
v -1.529655 1.109307 4.841722
v -2.179652 1.109307 5.052922
v -2.581377 1.109310 4.500000
v -2.179652 1.109307 3.947078
v -1.529655 1.109307 4.158278
v -1.820348 1.690693 5.052922
v -2.470345 1.690693 4.841722
v -2.470345 1.690693 4.158278
v -1.820348 1.690693 3.947078
v -1.418623 1.690690 4.500000
v -2.000000 2.050000 4.500000
v -2.105596 0.847075 4.824997
v -1.723540 0.847075 4.700857
v -1.829135 1.058271 5.025857
v -1.447079 1.058272 4.500000
v -1.723540 0.847075 4.299143
v -2.341724 0.847076 4.500000
v -2.447323 1.058271 4.824998
v -2.105596 0.847075 4.175003
v -2.447323 1.058271 4.175002
v -1.829135 1.058270 3.974143
v -1.381812 1.400000 4.700858
v -1.381812 1.400000 4.299142
v -2.000000 1.400000 5.150000
v -1.617939 1.400000 5.025861
v -2.618188 1.400000 4.700858
v -2.382061 1.400000 5.025861
v -2.382061 1.400000 3.974139
v -2.618188 1.400000 4.299142
v -1.617939 1.400000 3.974139
v -2.000000 1.400000 3.850000
v -1.552677 1.741729 4.824998
v -2.170865 1.741729 5.025857
v -2.552921 1.741728 4.500000
v -2.170865 1.741729 3.974143
v -1.552677 1.741729 4.175002
v -1.894404 1.952925 4.824997
v -1.658276 1.952924 4.500000
v -2.276460 1.952925 4.700857
v -2.276460 1.952925 4.299143
v -1.894404 1.952925 4.175003
vn 0.1024 -0.9435 0.3151
vn 0.7002 -0.6617 0.2680
vn -0.2680 -0.9435 0.1947
vn -0.2680 -0.9435 -0.1947
vn 0.1024 -0.9435 -0.3151
vn 0.9050 -0.3304 0.2680
vn 0.0247 -0.3304 0.9435
vn -0.8897 -0.3304 0.3151
vn -0.5746 -0.3304 -0.7488
vn 0.5346 -0.3304 -0.7779
vn 0.8026 -0.1256 0.5831
vn -0.3066 -0.1256 0.9435
vn -0.9921 -0.1256 -0.0000
vn -0.3066 -0.1256 -0.9435
vn 0.8026 -0.1256 -0.5831
vn 0.4089 0.6617 0.6284
vn -0.4713 0.6617 0.5831
vn -0.7002 0.6617 -0.2680
vn 0.0385 0.6617 -0.7488
vn 0.7240 0.6617 -0.1947
vn 0.2680 0.9435 -0.1947
vn 0.4911 0.7947 -0.3568
vn 0.4089 0.6617 -0.6284
vn -0.1024 0.9435 -0.3151
vn -0.1876 0.7947 -0.5773
vn -0.4713 0.6617 -0.5831
vn -0.3313 0.9435 -0.0000
vn -0.6071 0.7947 -0.0000
vn -0.7002 0.6617 0.2680
vn -0.1024 0.9435 0.3151
vn -0.1876 0.7947 0.5773
vn 0.0385 0.6617 0.7488
vn 0.2680 0.9435 0.1947
vn 0.4911 0.7947 0.3568
vn 0.7240 0.6617 0.1947
vn 0.8897 0.3304 -0.3151
vn 0.7947 0.1876 -0.5773
vn 0.5746 0.3304 -0.7488
vn -0.0247 0.3304 -0.9435
vn -0.3035 0.1876 -0.9342
vn -0.5346 0.3304 -0.7779
vn -0.9050 0.3304 -0.2680
vn -0.9822 0.1876 -0.0000
vn -0.9050 0.3304 0.2680
vn -0.5346 0.3304 0.7779
vn -0.3035 0.1876 0.9342
vn -0.0247 0.3304 0.9435
vn 0.5746 0.3304 0.7488
vn 0.7947 0.1876 0.5773
vn 0.8897 0.3304 0.3151
vn 0.3066 0.1256 -0.9435
vn 0.3035 -0.1876 -0.9342
vn 0.0247 -0.3304 -0.9435
vn -0.8026 0.1256 -0.5831
vn -0.7947 -0.1876 -0.5773
vn -0.8897 -0.3304 -0.3151
vn -0.8026 0.1256 0.5831
vn -0.7947 -0.1876 0.5773
vn -0.5746 -0.3304 0.7488
vn 0.3066 0.1256 0.9435
vn 0.3035 -0.1876 0.9342
vn 0.5346 -0.3304 0.7779
vn 0.9921 0.1256 -0.0000
vn 0.9822 -0.1876 -0.0000
vn 0.9050 -0.3304 -0.2680
vn 0.4713 -0.6617 -0.5831
vn 0.1876 -0.7947 -0.5773
vn -0.0385 -0.6617 -0.7488
vn -0.4089 -0.6617 -0.6284
vn -0.4911 -0.7947 -0.3568
vn -0.7240 -0.6617 -0.1947
vn -0.7240 -0.6617 0.1947
vn -0.4911 -0.7947 0.3568
vn -0.4089 -0.6617 0.6284
vn 0.7002 -0.6617 -0.2680
vn 0.6071 -0.7947 -0.0000
vn 0.3313 -0.9435 -0.0000
vn -0.0385 -0.6617 0.7488
vn 0.1876 -0.7947 0.5773
vn 0.4713 -0.6617 0.5831
vt 0.181819 0.000000
vt 0.227273 0.078731
vt 0.136365 0.078731
vt 0.272728 0.157461
vt 0.318182 0.078731
vt 0.363637 0.157461
vt 0.909091 0.000000
vt 0.954545 0.078731
vt 0.863636 0.078731
vt 0.727273 0.000000
vt 0.772727 0.078731
vt 0.681818 0.078731
vt 0.545455 0.000000
vt 0.590909 0.078731
vt 0.500000 0.078731
vt 0.318182 0.236191
vt 0.090910 0.157461
vt 0.181819 0.157461
vt 0.136365 0.236191
vt 0.818182 0.157461
vt 0.909091 0.157461
vt 0.863636 0.236191
vt 0.636364 0.157461
vt 0.727273 0.157461
vt 0.681818 0.236191
vt 0.454546 0.157461
vt 0.545455 0.157461
vt 0.500000 0.236191
vt 0.227273 0.236191
vt 0.045455 0.236191
vt 0.772727 0.236191
vt 0.590909 0.236191
vt 0.409092 0.236191
vt 0.181819 0.314921
vt 0.272728 0.314921
vt 0.227273 0.393651
vt 0.000000 0.314921
vt 0.090910 0.314921
vt 0.045455 0.393651
vt 0.727273 0.314921
vt 0.818182 0.314921
vt 0.772727 0.393651
vt 0.545455 0.314921
vt 0.636364 0.314921
vt 0.590909 0.393651
vt 0.363637 0.314921
vt 0.454546 0.314921
vt 0.409092 0.393651
vt 0.500000 0.393651
vt 0.454546 0.472382
vt 0.681818 0.393651
vt 0.636364 0.472382
vt 0.863636 0.393651
vt 0.818182 0.472382
vt 0.909091 0.314921
vt 0.136365 0.393651
vt 0.090910 0.472382
vt 0.318182 0.393651
vt 0.272728 0.472382
vt 0.954545 0.236191
vt 1.000000 0.157461
vt 0.409092 0.078731
vt 0.363637 0.000000
s 0
usemtl TreeGreen
f 1807/2598/1729 1820/2599/1729 1819/2600/1729
f 1808/2601/1730 1820/2602/1730 1822/2603/1730
f 1807/2604/1731 1819/2605/1731 1824/2606/1731
f 1807/2607/1732 1824/2608/1732 1826/2609/1732
f 1807/2610/1733 1826/2611/1733 1823/2612/1733
f 1808/2601/1734 1822/2603/1734 1829/2613/1734
f 1809/2614/1735 1821/2615/1735 1831/2616/1735
f 1810/2617/1736 1825/2618/1736 1833/2619/1736
f 1811/2620/1737 1827/2621/1737 1835/2622/1737
f 1812/2623/1738 1828/2624/1738 1837/2625/1738
f 1808/2601/1739 1829/2613/1739 1832/2626/1739
f 1809/2614/1740 1831/2616/1740 1834/2627/1740
f 1810/2617/1741 1833/2619/1741 1836/2628/1741
f 1811/2620/1742 1835/2622/1742 1838/2629/1742
f 1812/2623/1743 1837/2625/1743 1830/2630/1743
f 1813/2631/1744 1839/2632/1744 1844/2633/1744
f 1814/2634/1745 1840/2635/1745 1846/2636/1745
f 1815/2637/1746 1841/2638/1746 1847/2639/1746
f 1816/2640/1747 1842/2641/1747 1848/2642/1747
f 1817/2643/1748 1843/2644/1748 1845/2645/1748
f 1845/2645/1749 1848/2646/1749 1818/2647/1749
f 1845/2645/1750 1843/2644/1750 1848/2646/1750
f 1843/2644/1751 1816/2640/1751 1848/2646/1751
f 1848/2642/1752 1847/2648/1752 1818/2649/1752
f 1848/2642/1753 1842/2641/1753 1847/2648/1753
f 1842/2641/1754 1815/2637/1754 1847/2648/1754
f 1847/2639/1755 1846/2650/1755 1818/2651/1755
f 1847/2639/1756 1841/2638/1756 1846/2650/1756
f 1841/2638/1757 1814/2652/1757 1846/2650/1757
f 1846/2636/1758 1844/2653/1758 1818/2654/1758
f 1846/2636/1759 1840/2635/1759 1844/2653/1759
f 1840/2635/1760 1813/2631/1760 1844/2653/1760
f 1844/2633/1761 1845/2655/1761 1818/2656/1761
f 1844/2633/1762 1839/2632/1762 1845/2655/1762
f 1839/2632/1763 1817/2643/1763 1845/2655/1763
f 1830/2630/1764 1843/2644/1764 1817/2643/1764
f 1830/2630/1765 1837/2625/1765 1843/2644/1765
f 1837/2625/1766 1816/2640/1766 1843/2644/1766
f 1838/2629/1767 1842/2641/1767 1816/2640/1767
f 1838/2629/1768 1835/2622/1768 1842/2641/1768
f 1835/2622/1769 1815/2637/1769 1842/2641/1769
f 1836/2628/1770 1841/2638/1770 1815/2637/1770
f 1836/2628/1771 1833/2619/1771 1841/2638/1771
f 1833/2619/1772 1814/2652/1772 1841/2638/1772
f 1834/2627/1773 1840/2635/1773 1814/2634/1773
f 1834/2627/1774 1831/2616/1774 1840/2635/1774
f 1831/2616/1775 1813/2631/1775 1840/2635/1775
f 1832/2626/1776 1839/2632/1776 1813/2631/1776
f 1832/2626/1777 1829/2613/1777 1839/2632/1777
f 1829/2613/1778 1817/2643/1778 1839/2632/1778
f 1837/2625/1779 1838/2629/1779 1816/2640/1779
f 1837/2625/1780 1828/2624/1780 1838/2629/1780
f 1828/2624/1781 1811/2620/1781 1838/2629/1781
f 1835/2622/1782 1836/2628/1782 1815/2637/1782
f 1835/2622/1783 1827/2621/1783 1836/2628/1783
f 1827/2621/1784 1810/2617/1784 1836/2628/1784
f 1833/2619/1785 1834/2657/1785 1814/2652/1785
f 1833/2619/1786 1825/2618/1786 1834/2657/1786
f 1825/2618/1787 1809/2658/1787 1834/2657/1787
f 1831/2616/1788 1832/2626/1788 1813/2631/1788
f 1831/2616/1789 1821/2615/1789 1832/2626/1789
f 1821/2615/1790 1808/2601/1790 1832/2626/1790
f 1829/2613/1791 1830/2630/1791 1817/2643/1791
f 1829/2613/1792 1822/2603/1792 1830/2630/1792
f 1822/2603/1793 1812/2623/1793 1830/2630/1793
f 1823/2612/1794 1828/2624/1794 1812/2623/1794
f 1823/2612/1795 1826/2611/1795 1828/2624/1795
f 1826/2611/1796 1811/2620/1796 1828/2624/1796
f 1826/2609/1797 1827/2621/1797 1811/2620/1797
f 1826/2609/1798 1824/2608/1798 1827/2621/1798
f 1824/2608/1799 1810/2617/1799 1827/2621/1799
f 1824/2606/1800 1825/2618/1800 1810/2617/1800
f 1824/2606/1801 1819/2605/1801 1825/2618/1801
f 1819/2605/1802 1809/2658/1802 1825/2618/1802
f 1822/2603/1803 1823/2659/1803 1812/2623/1803
f 1822/2603/1804 1820/2602/1804 1823/2659/1804
f 1820/2602/1805 1807/2660/1805 1823/2659/1805
f 1819/2600/1806 1821/2615/1806 1809/2614/1806
f 1819/2600/1807 1820/2599/1807 1821/2615/1807
f 1820/2599/1808 1808/2601/1808 1821/2615/1808
o Cylinder.006
v -5.100000 0.200000 -1.510000
v -5.100000 1.100000 -1.510000
v -5.078540 0.200000 -1.507886
v -5.078540 1.100000 -1.507886
v -5.057905 0.200000 -1.501627
v -5.057905 1.100000 -1.501627
v -5.038887 0.200000 -1.491462
v -5.038887 1.100000 -1.491462
v -5.022218 0.200000 -1.477782
v -5.022218 1.100000 -1.477782
v -5.008538 0.200000 -1.461113
v -5.008538 1.100000 -1.461113
v -4.998373 0.200000 -1.442095
v -4.998373 1.100000 -1.442095
v -4.992114 0.200000 -1.421460
v -4.992114 1.100000 -1.421460
v -4.990000 0.200000 -1.400000
v -4.990000 1.100000 -1.400000
v -4.992114 0.200000 -1.378540
v -4.992114 1.100000 -1.378540
v -4.998373 0.200000 -1.357905
v -4.998373 1.100000 -1.357905
v -5.008538 0.200000 -1.338887
v -5.008538 1.100000 -1.338887
v -5.022218 0.200000 -1.322218
v -5.022218 1.100000 -1.322218
v -5.038887 0.200000 -1.308538
v -5.038887 1.100000 -1.308538
v -5.057905 0.200000 -1.298373
v -5.057905 1.100000 -1.298373
v -5.078540 0.200000 -1.292114
v -5.078540 1.100000 -1.292114
v -5.100000 0.200000 -1.290000
v -5.100000 1.100000 -1.290000
v -5.121460 0.200000 -1.292114
v -5.121460 1.100000 -1.292114
v -5.142095 0.200000 -1.298373
v -5.142095 1.100000 -1.298373
v -5.161113 0.200000 -1.308538
v -5.161113 1.100000 -1.308538
v -5.177782 0.200000 -1.322218
v -5.177782 1.100000 -1.322218
v -5.191462 0.200000 -1.338887
v -5.191462 1.100000 -1.338887
v -5.201627 0.200000 -1.357905
v -5.201627 1.100000 -1.357905
v -5.207886 0.200000 -1.378540
v -5.207886 1.100000 -1.378540
v -5.210000 0.200000 -1.400000
v -5.210000 1.100000 -1.400000
v -5.207886 0.200000 -1.421460
v -5.207886 1.100000 -1.421460
v -5.201627 0.200000 -1.442095
v -5.201627 1.100000 -1.442095
v -5.191462 0.200000 -1.461113
v -5.191462 1.100000 -1.461113
v -5.177782 0.200000 -1.477782
v -5.177782 1.100000 -1.477782
v -5.161113 0.200000 -1.491462
v -5.161113 1.100000 -1.491462
v -5.142095 0.200000 -1.501627
v -5.142095 1.100000 -1.501627
v -5.121460 0.200000 -1.507886
v -5.121460 1.100000 -1.507886
vn 0.0980 -0.0000 -0.9952
vn 0.2903 -0.0000 -0.9569
vn 0.4714 -0.0000 -0.8819
vn 0.6344 -0.0000 -0.7730
vn 0.7730 -0.0000 -0.6344
vn 0.8819 -0.0000 -0.4714
vn 0.9569 -0.0000 -0.2903
vn 0.9952 -0.0000 -0.0980
vn 0.9952 -0.0000 0.0980
vn 0.9569 -0.0000 0.2903
vn 0.8819 -0.0000 0.4714
vn 0.7730 -0.0000 0.6344
vn 0.6344 -0.0000 0.7730
vn 0.4714 -0.0000 0.8819
vn 0.2903 -0.0000 0.9569
vn 0.0980 -0.0000 0.9952
vn -0.0980 -0.0000 0.9952
vn -0.2903 -0.0000 0.9569
vn -0.4714 -0.0000 0.8819
vn -0.6344 -0.0000 0.7730
vn -0.7730 -0.0000 0.6344
vn -0.8819 -0.0000 0.4714
vn -0.9569 -0.0000 0.2903
vn -0.9952 -0.0000 0.0980
vn -0.9952 -0.0000 -0.0980
vn -0.9569 -0.0000 -0.2903
vn -0.8819 -0.0000 -0.4714
vn -0.7730 -0.0000 -0.6344
vn -0.6344 -0.0000 -0.7730
vn -0.4714 -0.0000 -0.8819
vn -0.0000 1.0000 -0.0000
vn -0.2903 -0.0000 -0.9569
vn -0.0980 -0.0000 -0.9952
vn -0.0000 -1.0000 -0.0000
vt 1.000000 0.500000
vt 1.000000 1.000000
vt 0.968750 1.000000
vt 0.968750 0.500000
vt 0.937500 1.000000
vt 0.937500 0.500000
vt 0.906250 1.000000
vt 0.906250 0.500000
vt 0.875000 1.000000
vt 0.875000 0.500000
vt 0.843750 1.000000
vt 0.843750 0.500000
vt 0.812500 1.000000
vt 0.812500 0.500000
vt 0.781250 1.000000
vt 0.781250 0.500000
vt 0.750000 1.000000
vt 0.750000 0.500000
vt 0.718750 1.000000
vt 0.718750 0.500000
vt 0.687500 1.000000
vt 0.687500 0.500000
vt 0.656250 1.000000
vt 0.656250 0.500000
vt 0.625000 1.000000
vt 0.625000 0.500000
vt 0.593750 1.000000
vt 0.593750 0.500000
vt 0.562500 1.000000
vt 0.562500 0.500000
vt 0.531250 1.000000
vt 0.531250 0.500000
vt 0.500000 1.000000
vt 0.500000 0.500000
vt 0.468750 1.000000
vt 0.468750 0.500000
vt 0.437500 1.000000
vt 0.437500 0.500000
vt 0.406250 1.000000
vt 0.406250 0.500000
vt 0.375000 1.000000
vt 0.375000 0.500000
vt 0.343750 1.000000
vt 0.343750 0.500000
vt 0.312500 1.000000
vt 0.312500 0.500000
vt 0.281250 1.000000
vt 0.281250 0.500000
vt 0.250000 1.000000
vt 0.250000 0.500000
vt 0.218750 1.000000
vt 0.218750 0.500000
vt 0.187500 1.000000
vt 0.187500 0.500000
vt 0.156250 1.000000
vt 0.156250 0.500000
vt 0.125000 1.000000
vt 0.125000 0.500000
vt 0.093750 1.000000
vt 0.093750 0.500000
vt 0.062500 1.000000
vt 0.062500 0.500000
vt 0.296822 0.485388
vt 0.250000 0.490000
vt 0.203178 0.485388
vt 0.158156 0.471731
vt 0.116663 0.449553
vt 0.080294 0.419706
vt 0.050447 0.383337
vt 0.028269 0.341844
vt 0.014612 0.296822
vt 0.010000 0.250000
vt 0.014612 0.203178
vt 0.028269 0.158156
vt 0.050447 0.116663
vt 0.080294 0.080294
vt 0.116663 0.050447
vt 0.158156 0.028269
vt 0.203178 0.014612
vt 0.250000 0.010000
vt 0.296822 0.014612
vt 0.341844 0.028269
vt 0.383337 0.050447
vt 0.419706 0.080294
vt 0.449553 0.116663
vt 0.471731 0.158156
vt 0.485388 0.203178
vt 0.490000 0.250000
vt 0.485388 0.296822
vt 0.471731 0.341844
vt 0.449553 0.383337
vt 0.419706 0.419706
vt 0.383337 0.449553
vt 0.341844 0.471731
vt 0.031250 1.000000
vt 0.031250 0.500000
vt 0.000000 1.000000
vt 0.000000 0.500000
vt 0.750000 0.490000
vt 0.796822 0.485388
vt 0.841844 0.471731
vt 0.883337 0.449553
vt 0.919706 0.419706
vt 0.949553 0.383337
vt 0.971731 0.341844
vt 0.985388 0.296822
vt 0.990000 0.250000
vt 0.985388 0.203178
vt 0.971731 0.158156
vt 0.949553 0.116663
vt 0.919706 0.080294
vt 0.883337 0.050447
vt 0.841844 0.028269
vt 0.796822 0.014612
vt 0.750000 0.010000
vt 0.703178 0.014612
vt 0.658156 0.028269
vt 0.616663 0.050447
vt 0.580294 0.080294
vt 0.550447 0.116663
vt 0.528269 0.158156
vt 0.514612 0.203178
vt 0.510000 0.250000
vt 0.514612 0.296822
vt 0.528269 0.341844
vt 0.550447 0.383337
vt 0.580294 0.419706
vt 0.616663 0.449553
vt 0.658156 0.471731
vt 0.703178 0.485388
s 0
usemtl Trunk
f 1849/2661/1809 1850/2662/1809 1852/2663/1809 1851/2664/1809
f 1851/2664/1810 1852/2663/1810 1854/2665/1810 1853/2666/1810
f 1853/2666/1811 1854/2665/1811 1856/2667/1811 1855/2668/1811
f 1855/2668/1812 1856/2667/1812 1858/2669/1812 1857/2670/1812
f 1857/2670/1813 1858/2669/1813 1860/2671/1813 1859/2672/1813
f 1859/2672/1814 1860/2671/1814 1862/2673/1814 1861/2674/1814
f 1861/2674/1815 1862/2673/1815 1864/2675/1815 1863/2676/1815
f 1863/2676/1816 1864/2675/1816 1866/2677/1816 1865/2678/1816
f 1865/2678/1817 1866/2677/1817 1868/2679/1817 1867/2680/1817
f 1867/2680/1818 1868/2679/1818 1870/2681/1818 1869/2682/1818
f 1869/2682/1819 1870/2681/1819 1872/2683/1819 1871/2684/1819
f 1871/2684/1820 1872/2683/1820 1874/2685/1820 1873/2686/1820
f 1873/2686/1821 1874/2685/1821 1876/2687/1821 1875/2688/1821
f 1875/2688/1822 1876/2687/1822 1878/2689/1822 1877/2690/1822
f 1877/2690/1823 1878/2689/1823 1880/2691/1823 1879/2692/1823
f 1879/2692/1824 1880/2691/1824 1882/2693/1824 1881/2694/1824
f 1881/2694/1825 1882/2693/1825 1884/2695/1825 1883/2696/1825
f 1883/2696/1826 1884/2695/1826 1886/2697/1826 1885/2698/1826
f 1885/2698/1827 1886/2697/1827 1888/2699/1827 1887/2700/1827
f 1887/2700/1828 1888/2699/1828 1890/2701/1828 1889/2702/1828
f 1889/2702/1829 1890/2701/1829 1892/2703/1829 1891/2704/1829
f 1891/2704/1830 1892/2703/1830 1894/2705/1830 1893/2706/1830
f 1893/2706/1831 1894/2705/1831 1896/2707/1831 1895/2708/1831
f 1895/2708/1832 1896/2707/1832 1898/2709/1832 1897/2710/1832
f 1897/2710/1833 1898/2709/1833 1900/2711/1833 1899/2712/1833
f 1899/2712/1834 1900/2711/1834 1902/2713/1834 1901/2714/1834
f 1901/2714/1835 1902/2713/1835 1904/2715/1835 1903/2716/1835
f 1903/2716/1836 1904/2715/1836 1906/2717/1836 1905/2718/1836
f 1905/2718/1837 1906/2717/1837 1908/2719/1837 1907/2720/1837
f 1907/2720/1838 1908/2719/1838 1910/2721/1838 1909/2722/1838
f 1852/2723/1839 1850/2724/1839 1912/2725/1839 1910/2726/1839 1908/2727/1839 1906/2728/1839 1904/2729/1839 1902/2730/1839 1900/2731/1839 1898/2732/1839 1896/2733/1839 1894/2734/1839 1892/2735/1839 1890/2736/1839 1888/2737/1839 1886/2738/1839 1884/2739/1839 1882/2740/1839 1880/2741/1839 1878/2742/1839 1876/2743/1839 1874/2744/1839 1872/2745/1839 1870/2746/1839 1868/2747/1839 1866/2748/1839 1864/2749/1839 1862/2750/1839 1860/2751/1839 1858/2752/1839 1856/2753/1839 1854/2754/1839
f 1909/2722/1840 1910/2721/1840 1912/2755/1840 1911/2756/1840
f 1911/2756/1841 1912/2755/1841 1850/2757/1841 1849/2758/1841
f 1849/2759/1842 1851/2760/1842 1853/2761/1842 1855/2762/1842 1857/2763/1842 1859/2764/1842 1861/2765/1842 1863/2766/1842 1865/2767/1842 1867/2768/1842 1869/2769/1842 1871/2770/1842 1873/2771/1842 1875/2772/1842 1877/2773/1842 1879/2774/1842 1881/2775/1842 1883/2776/1842 1885/2777/1842 1887/2778/1842 1889/2779/1842 1891/2780/1842 1893/2781/1842 1895/2782/1842 1897/2783/1842 1899/2784/1842 1901/2785/1842 1903/2786/1842 1905/2787/1842 1907/2788/1842 1909/2789/1842 1911/2790/1842
o Icosphere.004
v -5.100000 0.750000 -1.400000
v -4.629655 1.109307 -1.058279
v -5.279652 1.109307 -0.847078
v -5.681377 1.109310 -1.400000
v -5.279652 1.109307 -1.952922
v -4.629655 1.109307 -1.741721
v -4.920348 1.690693 -0.847078
v -5.570344 1.690693 -1.058279
v -5.570344 1.690693 -1.741721
v -4.920348 1.690693 -1.952922
v -4.518623 1.690690 -1.400000
v -5.100000 2.050000 -1.400000
v -5.205596 0.847075 -1.075003
v -4.823540 0.847075 -1.199143
v -4.929135 1.058271 -0.874142
v -4.547079 1.058272 -1.400000
v -4.823540 0.847075 -1.600857
v -5.441724 0.847076 -1.400000
v -5.547323 1.058271 -1.075002
v -5.205596 0.847075 -1.724997
v -5.547323 1.058271 -1.724998
v -4.929135 1.058270 -1.925858
v -4.481812 1.400000 -1.199142
v -4.481812 1.400000 -1.600858
v -5.100000 1.400000 -0.750000
v -4.717939 1.400000 -0.874139
v -5.718187 1.400000 -1.199142
v -5.482060 1.400000 -0.874139
v -5.482060 1.400000 -1.925861
v -5.718187 1.400000 -1.600858
v -4.717939 1.400000 -1.925861
v -5.100000 1.400000 -2.050000
v -4.652677 1.741729 -1.075002
v -5.270864 1.741729 -0.874142
v -5.652921 1.741728 -1.400000
v -5.270864 1.741729 -1.925858
v -4.652677 1.741729 -1.724998
v -4.994404 1.952925 -1.075003
v -4.758276 1.952924 -1.400000
v -5.376460 1.952925 -1.199143
v -5.376460 1.952925 -1.600857
v -4.994404 1.952925 -1.724997
vn 0.1024 -0.9435 0.3151
vn 0.7002 -0.6617 0.2680
vn -0.2680 -0.9435 0.1947
vn -0.2680 -0.9435 -0.1947
vn 0.1024 -0.9435 -0.3151
vn 0.9050 -0.3304 0.2680
vn 0.0247 -0.3304 0.9435
vn -0.8897 -0.3304 0.3151
vn -0.5746 -0.3304 -0.7488
vn 0.5346 -0.3304 -0.7779
vn 0.8026 -0.1256 0.5831
vn -0.3066 -0.1256 0.9435
vn -0.9921 -0.1256 -0.0000
vn -0.3066 -0.1256 -0.9435
vn 0.8026 -0.1256 -0.5831
vn 0.4089 0.6617 0.6284
vn -0.4713 0.6617 0.5831
vn -0.7002 0.6617 -0.2680
vn 0.0385 0.6617 -0.7488
vn 0.7240 0.6617 -0.1947
vn 0.2680 0.9435 -0.1947
vn 0.4911 0.7947 -0.3568
vn 0.4089 0.6617 -0.6284
vn -0.1024 0.9435 -0.3151
vn -0.1876 0.7947 -0.5773
vn -0.4713 0.6617 -0.5831
vn -0.3313 0.9435 -0.0000
vn -0.6071 0.7947 -0.0000
vn -0.7002 0.6617 0.2680
vn -0.1024 0.9435 0.3151
vn -0.1876 0.7947 0.5773
vn 0.0385 0.6617 0.7488
vn 0.2680 0.9435 0.1947
vn 0.4911 0.7947 0.3568
vn 0.7240 0.6617 0.1947
vn 0.8897 0.3304 -0.3151
vn 0.7947 0.1876 -0.5773
vn 0.5746 0.3304 -0.7488
vn -0.0247 0.3304 -0.9435
vn -0.3035 0.1876 -0.9342
vn -0.5346 0.3304 -0.7779
vn -0.9050 0.3304 -0.2680
vn -0.9822 0.1876 -0.0000
vn -0.9050 0.3304 0.2680
vn -0.5346 0.3304 0.7779
vn -0.3035 0.1876 0.9342
vn -0.0247 0.3304 0.9435
vn 0.5746 0.3304 0.7488
vn 0.7947 0.1876 0.5773
vn 0.8897 0.3304 0.3151
vn 0.3066 0.1256 -0.9435
vn 0.3035 -0.1876 -0.9342
vn 0.0247 -0.3304 -0.9435
vn -0.8026 0.1256 -0.5831
vn -0.7947 -0.1876 -0.5773
vn -0.8897 -0.3304 -0.3151
vn -0.8026 0.1256 0.5831
vn -0.7947 -0.1876 0.5773
vn -0.5746 -0.3304 0.7488
vn 0.3066 0.1256 0.9435
vn 0.3035 -0.1876 0.9342
vn 0.5346 -0.3304 0.7779
vn 0.9921 0.1256 -0.0000
vn 0.9822 -0.1876 -0.0000
vn 0.9050 -0.3304 -0.2680
vn 0.4713 -0.6617 -0.5831
vn 0.1876 -0.7947 -0.5773
vn -0.0385 -0.6617 -0.7488
vn -0.4089 -0.6617 -0.6284
vn -0.4911 -0.7947 -0.3568
vn -0.7240 -0.6617 -0.1947
vn -0.7240 -0.6617 0.1947
vn -0.4911 -0.7947 0.3568
vn -0.4089 -0.6617 0.6284
vn 0.7002 -0.6617 -0.2680
vn 0.6071 -0.7947 -0.0000
vn 0.3313 -0.9435 -0.0000
vn -0.0385 -0.6617 0.7488
vn 0.1876 -0.7947 0.5773
vn 0.4713 -0.6617 0.5831
vt 0.181819 0.000000
vt 0.227273 0.078731
vt 0.136365 0.078731
vt 0.272728 0.157461
vt 0.318182 0.078731
vt 0.363637 0.157461
vt 0.909091 0.000000
vt 0.954545 0.078731
vt 0.863636 0.078731
vt 0.727273 0.000000
vt 0.772727 0.078731
vt 0.681818 0.078731
vt 0.545455 0.000000
vt 0.590909 0.078731
vt 0.500000 0.078731
vt 0.318182 0.236191
vt 0.090910 0.157461
vt 0.181819 0.157461
vt 0.136365 0.236191
vt 0.818182 0.157461
vt 0.909091 0.157461
vt 0.863636 0.236191
vt 0.636364 0.157461
vt 0.727273 0.157461
vt 0.681818 0.236191
vt 0.454546 0.157461
vt 0.545455 0.157461
vt 0.500000 0.236191
vt 0.227273 0.236191
vt 0.045455 0.236191
vt 0.772727 0.236191
vt 0.590909 0.236191
vt 0.409092 0.236191
vt 0.181819 0.314921
vt 0.272728 0.314921
vt 0.227273 0.393651
vt 0.000000 0.314921
vt 0.090910 0.314921
vt 0.045455 0.393651
vt 0.727273 0.314921
vt 0.818182 0.314921
vt 0.772727 0.393651
vt 0.545455 0.314921
vt 0.636364 0.314921
vt 0.590909 0.393651
vt 0.363637 0.314921
vt 0.454546 0.314921
vt 0.409092 0.393651
vt 0.500000 0.393651
vt 0.454546 0.472382
vt 0.681818 0.393651
vt 0.636364 0.472382
vt 0.863636 0.393651
vt 0.818182 0.472382
vt 0.909091 0.314921
vt 0.136365 0.393651
vt 0.090910 0.472382
vt 0.318182 0.393651
vt 0.272728 0.472382
vt 0.954545 0.236191
vt 1.000000 0.157461
vt 0.409092 0.078731
vt 0.363637 0.000000
s 0
usemtl TreeGreen
f 1913/2791/1843 1926/2792/1843 1925/2793/1843
f 1914/2794/1844 1926/2795/1844 1928/2796/1844
f 1913/2797/1845 1925/2798/1845 1930/2799/1845
f 1913/2800/1846 1930/2801/1846 1932/2802/1846
f 1913/2803/1847 1932/2804/1847 1929/2805/1847
f 1914/2794/1848 1928/2796/1848 1935/2806/1848
f 1915/2807/1849 1927/2808/1849 1937/2809/1849
f 1916/2810/1850 1931/2811/1850 1939/2812/1850
f 1917/2813/1851 1933/2814/1851 1941/2815/1851
f 1918/2816/1852 1934/2817/1852 1943/2818/1852
f 1914/2794/1853 1935/2806/1853 1938/2819/1853
f 1915/2807/1854 1937/2809/1854 1940/2820/1854
f 1916/2810/1855 1939/2812/1855 1942/2821/1855
f 1917/2813/1856 1941/2815/1856 1944/2822/1856
f 1918/2816/1857 1943/2818/1857 1936/2823/1857
f 1919/2824/1858 1945/2825/1858 1950/2826/1858
f 1920/2827/1859 1946/2828/1859 1952/2829/1859
f 1921/2830/1860 1947/2831/1860 1953/2832/1860
f 1922/2833/1861 1948/2834/1861 1954/2835/1861
f 1923/2836/1862 1949/2837/1862 1951/2838/1862
f 1951/2838/1863 1954/2839/1863 1924/2840/1863
f 1951/2838/1864 1949/2837/1864 1954/2839/1864
f 1949/2837/1865 1922/2833/1865 1954/2839/1865
f 1954/2835/1866 1953/2841/1866 1924/2842/1866
f 1954/2835/1867 1948/2834/1867 1953/2841/1867
f 1948/2834/1868 1921/2830/1868 1953/2841/1868
f 1953/2832/1869 1952/2843/1869 1924/2844/1869
f 1953/2832/1870 1947/2831/1870 1952/2843/1870
f 1947/2831/1871 1920/2845/1871 1952/2843/1871
f 1952/2829/1872 1950/2846/1872 1924/2847/1872
f 1952/2829/1873 1946/2828/1873 1950/2846/1873
f 1946/2828/1874 1919/2824/1874 1950/2846/1874
f 1950/2826/1875 1951/2848/1875 1924/2849/1875
f 1950/2826/1876 1945/2825/1876 1951/2848/1876
f 1945/2825/1877 1923/2836/1877 1951/2848/1877
f 1936/2823/1878 1949/2837/1878 1923/2836/1878
f 1936/2823/1879 1943/2818/1879 1949/2837/1879
f 1943/2818/1880 1922/2833/1880 1949/2837/1880
f 1944/2822/1881 1948/2834/1881 1922/2833/1881
f 1944/2822/1882 1941/2815/1882 1948/2834/1882
f 1941/2815/1883 1921/2830/1883 1948/2834/1883
f 1942/2821/1884 1947/2831/1884 1921/2830/1884
f 1942/2821/1885 1939/2812/1885 1947/2831/1885
f 1939/2812/1886 1920/2845/1886 1947/2831/1886
f 1940/2820/1887 1946/2828/1887 1920/2827/1887
f 1940/2820/1888 1937/2809/1888 1946/2828/1888
f 1937/2809/1889 1919/2824/1889 1946/2828/1889
f 1938/2819/1890 1945/2825/1890 1919/2824/1890
f 1938/2819/1891 1935/2806/1891 1945/2825/1891
f 1935/2806/1892 1923/2836/1892 1945/2825/1892
f 1943/2818/1893 1944/2822/1893 1922/2833/1893
f 1943/2818/1894 1934/2817/1894 1944/2822/1894
f 1934/2817/1895 1917/2813/1895 1944/2822/1895
f 1941/2815/1896 1942/2821/1896 1921/2830/1896
f 1941/2815/1897 1933/2814/1897 1942/2821/1897
f 1933/2814/1898 1916/2810/1898 1942/2821/1898
f 1939/2812/1899 1940/2850/1899 1920/2845/1899
f 1939/2812/1900 1931/2811/1900 1940/2850/1900
f 1931/2811/1901 1915/2851/1901 1940/2850/1901
f 1937/2809/1902 1938/2819/1902 1919/2824/1902
f 1937/2809/1903 1927/2808/1903 1938/2819/1903
f 1927/2808/1904 1914/2794/1904 1938/2819/1904
f 1935/2806/1905 1936/2823/1905 1923/2836/1905
f 1935/2806/1906 1928/2796/1906 1936/2823/1906
f 1928/2796/1907 1918/2816/1907 1936/2823/1907
f 1929/2805/1908 1934/2817/1908 1918/2816/1908
f 1929/2805/1909 1932/2804/1909 1934/2817/1909
f 1932/2804/1910 1917/2813/1910 1934/2817/1910
f 1932/2802/1911 1933/2814/1911 1917/2813/1911
f 1932/2802/1912 1930/2801/1912 1933/2814/1912
f 1930/2801/1913 1916/2810/1913 1933/2814/1913
f 1930/2799/1914 1931/2811/1914 1916/2810/1914
f 1930/2799/1915 1925/2798/1915 1931/2811/1915
f 1925/2798/1916 1915/2851/1916 1931/2811/1916
f 1928/2796/1917 1929/2852/1917 1918/2816/1917
f 1928/2796/1918 1926/2795/1918 1929/2852/1918
f 1926/2795/1919 1913/2853/1919 1929/2852/1919
f 1925/2793/1920 1927/2808/1920 1915/2807/1920
f 1925/2793/1921 1926/2792/1921 1927/2808/1921
f 1926/2792/1922 1914/2794/1922 1927/2808/1922
o Cylinder.007
v 5.100000 0.200000 -1.510000
v 5.100000 1.100000 -1.510000
v 5.121460 0.200000 -1.507886
v 5.121460 1.100000 -1.507886
v 5.142095 0.200000 -1.501627
v 5.142095 1.100000 -1.501627
v 5.161113 0.200000 -1.491462
v 5.161113 1.100000 -1.491462
v 5.177782 0.200000 -1.477782
v 5.177782 1.100000 -1.477782
v 5.191462 0.200000 -1.461113
v 5.191462 1.100000 -1.461113
v 5.201627 0.200000 -1.442095
v 5.201627 1.100000 -1.442095
v 5.207886 0.200000 -1.421460
v 5.207886 1.100000 -1.421460
v 5.210000 0.200000 -1.400000
v 5.210000 1.100000 -1.400000
v 5.207886 0.200000 -1.378540
v 5.207886 1.100000 -1.378540
v 5.201627 0.200000 -1.357905
v 5.201627 1.100000 -1.357905
v 5.191462 0.200000 -1.338887
v 5.191462 1.100000 -1.338887
v 5.177782 0.200000 -1.322218
v 5.177782 1.100000 -1.322218
v 5.161113 0.200000 -1.308538
v 5.161113 1.100000 -1.308538
v 5.142095 0.200000 -1.298373
v 5.142095 1.100000 -1.298373
v 5.121460 0.200000 -1.292114
v 5.121460 1.100000 -1.292114
v 5.100000 0.200000 -1.290000
v 5.100000 1.100000 -1.290000
v 5.078540 0.200000 -1.292114
v 5.078540 1.100000 -1.292114
v 5.057905 0.200000 -1.298373
v 5.057905 1.100000 -1.298373
v 5.038887 0.200000 -1.308538
v 5.038887 1.100000 -1.308538
v 5.022218 0.200000 -1.322218
v 5.022218 1.100000 -1.322218
v 5.008538 0.200000 -1.338887
v 5.008538 1.100000 -1.338887
v 4.998373 0.200000 -1.357905
v 4.998373 1.100000 -1.357905
v 4.992114 0.200000 -1.378540
v 4.992114 1.100000 -1.378540
v 4.990000 0.200000 -1.400000
v 4.990000 1.100000 -1.400000
v 4.992114 0.200000 -1.421460
v 4.992114 1.100000 -1.421460
v 4.998373 0.200000 -1.442095
v 4.998373 1.100000 -1.442095
v 5.008538 0.200000 -1.461113
v 5.008538 1.100000 -1.461113
v 5.022218 0.200000 -1.477782
v 5.022218 1.100000 -1.477782
v 5.038887 0.200000 -1.491462
v 5.038887 1.100000 -1.491462
v 5.057905 0.200000 -1.501627
v 5.057905 1.100000 -1.501627
v 5.078540 0.200000 -1.507886
v 5.078540 1.100000 -1.507886
vn 0.0980 -0.0000 -0.9952
vn 0.2903 -0.0000 -0.9569
vn 0.4714 -0.0000 -0.8819
vn 0.6344 -0.0000 -0.7730
vn 0.7730 -0.0000 -0.6344
vn 0.8819 -0.0000 -0.4714
vn 0.9569 -0.0000 -0.2903
vn 0.9952 -0.0000 -0.0980
vn 0.9952 -0.0000 0.0980
vn 0.9569 -0.0000 0.2903
vn 0.8819 -0.0000 0.4714
vn 0.7730 -0.0000 0.6344
vn 0.6344 -0.0000 0.7730
vn 0.4714 -0.0000 0.8819
vn 0.2903 -0.0000 0.9569
vn 0.0980 -0.0000 0.9952
vn -0.0980 -0.0000 0.9952
vn -0.2903 -0.0000 0.9569
vn -0.4714 -0.0000 0.8819
vn -0.6344 -0.0000 0.7730
vn -0.7730 -0.0000 0.6344
vn -0.8819 -0.0000 0.4714
vn -0.9569 -0.0000 0.2903
vn -0.9952 -0.0000 0.0980
vn -0.9952 -0.0000 -0.0980
vn -0.9569 -0.0000 -0.2903
vn -0.8819 -0.0000 -0.4714
vn -0.7730 -0.0000 -0.6344
vn -0.6344 -0.0000 -0.7730
vn -0.4714 -0.0000 -0.8819
vn -0.0000 1.0000 -0.0000
vn -0.2903 -0.0000 -0.9569
vn -0.0980 -0.0000 -0.9952
vn -0.0000 -1.0000 -0.0000
vt 1.000000 0.500000
vt 1.000000 1.000000
vt 0.968750 1.000000
vt 0.968750 0.500000
vt 0.937500 1.000000
vt 0.937500 0.500000
vt 0.906250 1.000000
vt 0.906250 0.500000
vt 0.875000 1.000000
vt 0.875000 0.500000
vt 0.843750 1.000000
vt 0.843750 0.500000
vt 0.812500 1.000000
vt 0.812500 0.500000
vt 0.781250 1.000000
vt 0.781250 0.500000
vt 0.750000 1.000000
vt 0.750000 0.500000
vt 0.718750 1.000000
vt 0.718750 0.500000
vt 0.687500 1.000000
vt 0.687500 0.500000
vt 0.656250 1.000000
vt 0.656250 0.500000
vt 0.625000 1.000000
vt 0.625000 0.500000
vt 0.593750 1.000000
vt 0.593750 0.500000
vt 0.562500 1.000000
vt 0.562500 0.500000
vt 0.531250 1.000000
vt 0.531250 0.500000
vt 0.500000 1.000000
vt 0.500000 0.500000
vt 0.468750 1.000000
vt 0.468750 0.500000
vt 0.437500 1.000000
vt 0.437500 0.500000
vt 0.406250 1.000000
vt 0.406250 0.500000
vt 0.375000 1.000000
vt 0.375000 0.500000
vt 0.343750 1.000000
vt 0.343750 0.500000
vt 0.312500 1.000000
vt 0.312500 0.500000
vt 0.281250 1.000000
vt 0.281250 0.500000
vt 0.250000 1.000000
vt 0.250000 0.500000
vt 0.218750 1.000000
vt 0.218750 0.500000
vt 0.187500 1.000000
vt 0.187500 0.500000
vt 0.156250 1.000000
vt 0.156250 0.500000
vt 0.125000 1.000000
vt 0.125000 0.500000
vt 0.093750 1.000000
vt 0.093750 0.500000
vt 0.062500 1.000000
vt 0.062500 0.500000
vt 0.296822 0.485388
vt 0.250000 0.490000
vt 0.203178 0.485388
vt 0.158156 0.471731
vt 0.116663 0.449553
vt 0.080294 0.419706
vt 0.050447 0.383337
vt 0.028269 0.341844
vt 0.014612 0.296822
vt 0.010000 0.250000
vt 0.014612 0.203178
vt 0.028269 0.158156
vt 0.050447 0.116663
vt 0.080294 0.080294
vt 0.116663 0.050447
vt 0.158156 0.028269
vt 0.203178 0.014612
vt 0.250000 0.010000
vt 0.296822 0.014612
vt 0.341844 0.028269
vt 0.383337 0.050447
vt 0.419706 0.080294
vt 0.449553 0.116663
vt 0.471731 0.158156
vt 0.485388 0.203178
vt 0.490000 0.250000
vt 0.485388 0.296822
vt 0.471731 0.341844
vt 0.449553 0.383337
vt 0.419706 0.419706
vt 0.383337 0.449553
vt 0.341844 0.471731
vt 0.031250 1.000000
vt 0.031250 0.500000
vt 0.000000 1.000000
vt 0.000000 0.500000
vt 0.750000 0.490000
vt 0.796822 0.485388
vt 0.841844 0.471731
vt 0.883337 0.449553
vt 0.919706 0.419706
vt 0.949553 0.383337
vt 0.971731 0.341844
vt 0.985388 0.296822
vt 0.990000 0.250000
vt 0.985388 0.203178
vt 0.971731 0.158156
vt 0.949553 0.116663
vt 0.919706 0.080294
vt 0.883337 0.050447
vt 0.841844 0.028269
vt 0.796822 0.014612
vt 0.750000 0.010000
vt 0.703178 0.014612
vt 0.658156 0.028269
vt 0.616663 0.050447
vt 0.580294 0.080294
vt 0.550447 0.116663
vt 0.528269 0.158156
vt 0.514612 0.203178
vt 0.510000 0.250000
vt 0.514612 0.296822
vt 0.528269 0.341844
vt 0.550447 0.383337
vt 0.580294 0.419706
vt 0.616663 0.449553
vt 0.658156 0.471731
vt 0.703178 0.485388
s 0
usemtl Trunk
f 1955/2854/1923 1956/2855/1923 1958/2856/1923 1957/2857/1923
f 1957/2857/1924 1958/2856/1924 1960/2858/1924 1959/2859/1924
f 1959/2859/1925 1960/2858/1925 1962/2860/1925 1961/2861/1925
f 1961/2861/1926 1962/2860/1926 1964/2862/1926 1963/2863/1926
f 1963/2863/1927 1964/2862/1927 1966/2864/1927 1965/2865/1927
f 1965/2865/1928 1966/2864/1928 1968/2866/1928 1967/2867/1928
f 1967/2867/1929 1968/2866/1929 1970/2868/1929 1969/2869/1929
f 1969/2869/1930 1970/2868/1930 1972/2870/1930 1971/2871/1930
f 1971/2871/1931 1972/2870/1931 1974/2872/1931 1973/2873/1931
f 1973/2873/1932 1974/2872/1932 1976/2874/1932 1975/2875/1932
f 1975/2875/1933 1976/2874/1933 1978/2876/1933 1977/2877/1933
f 1977/2877/1934 1978/2876/1934 1980/2878/1934 1979/2879/1934
f 1979/2879/1935 1980/2878/1935 1982/2880/1935 1981/2881/1935
f 1981/2881/1936 1982/2880/1936 1984/2882/1936 1983/2883/1936
f 1983/2883/1937 1984/2882/1937 1986/2884/1937 1985/2885/1937
f 1985/2885/1938 1986/2884/1938 1988/2886/1938 1987/2887/1938
f 1987/2887/1939 1988/2886/1939 1990/2888/1939 1989/2889/1939
f 1989/2889/1940 1990/2888/1940 1992/2890/1940 1991/2891/1940
f 1991/2891/1941 1992/2890/1941 1994/2892/1941 1993/2893/1941
f 1993/2893/1942 1994/2892/1942 1996/2894/1942 1995/2895/1942
f 1995/2895/1943 1996/2894/1943 1998/2896/1943 1997/2897/1943
f 1997/2897/1944 1998/2896/1944 2000/2898/1944 1999/2899/1944
f 1999/2899/1945 2000/2898/1945 2002/2900/1945 2001/2901/1945
f 2001/2901/1946 2002/2900/1946 2004/2902/1946 2003/2903/1946
f 2003/2903/1947 2004/2902/1947 2006/2904/1947 2005/2905/1947
f 2005/2905/1948 2006/2904/1948 2008/2906/1948 2007/2907/1948
f 2007/2907/1949 2008/2906/1949 2010/2908/1949 2009/2909/1949
f 2009/2909/1950 2010/2908/1950 2012/2910/1950 2011/2911/1950
f 2011/2911/1951 2012/2910/1951 2014/2912/1951 2013/2913/1951
f 2013/2913/1952 2014/2912/1952 2016/2914/1952 2015/2915/1952
f 1958/2916/1953 1956/2917/1953 2018/2918/1953 2016/2919/1953 2014/2920/1953 2012/2921/1953 2010/2922/1953 2008/2923/1953 2006/2924/1953 2004/2925/1953 2002/2926/1953 2000/2927/1953 1998/2928/1953 1996/2929/1953 1994/2930/1953 1992/2931/1953 1990/2932/1953 1988/2933/1953 1986/2934/1953 1984/2935/1953 1982/2936/1953 1980/2937/1953 1978/2938/1953 1976/2939/1953 1974/2940/1953 1972/2941/1953 1970/2942/1953 1968/2943/1953 1966/2944/1953 1964/2945/1953 1962/2946/1953 1960/2947/1953
f 2015/2915/1954 2016/2914/1954 2018/2948/1954 2017/2949/1954
f 2017/2949/1955 2018/2948/1955 1956/2950/1955 1955/2951/1955
f 1955/2952/1956 1957/2953/1956 1959/2954/1956 1961/2955/1956 1963/2956/1956 1965/2957/1956 1967/2958/1956 1969/2959/1956 1971/2960/1956 1973/2961/1956 1975/2962/1956 1977/2963/1956 1979/2964/1956 1981/2965/1956 1983/2966/1956 1985/2967/1956 1987/2968/1956 1989/2969/1956 1991/2970/1956 1993/2971/1956 1995/2972/1956 1997/2973/1956 1999/2974/1956 2001/2975/1956 2003/2976/1956 2005/2977/1956 2007/2978/1956 2009/2979/1956 2011/2980/1956 2013/2981/1956 2015/2982/1956 2017/2983/1956
o Icosphere.005
v 5.100000 0.750000 -1.400000
v 5.570344 1.109307 -1.058279
v 4.920348 1.109307 -0.847078
v 4.518623 1.109310 -1.400000
v 4.920348 1.109307 -1.952922
v 5.570344 1.109307 -1.741721
v 5.279652 1.690693 -0.847078
v 4.629655 1.690693 -1.058279
v 4.629655 1.690693 -1.741721
v 5.279652 1.690693 -1.952922
v 5.681377 1.690690 -1.400000
v 5.100000 2.050000 -1.400000
v 4.994404 0.847075 -1.075003
v 5.376460 0.847075 -1.199143
v 5.270864 1.058271 -0.874142
v 5.652921 1.058272 -1.400000
v 5.376460 0.847075 -1.600857
v 4.758276 0.847076 -1.400000
v 4.652677 1.058271 -1.075002
v 4.994404 0.847075 -1.724997
v 4.652677 1.058271 -1.724998
v 5.270864 1.058270 -1.925858
v 5.718187 1.400000 -1.199142
v 5.718187 1.400000 -1.600858
v 5.100000 1.400000 -0.750000
v 5.482060 1.400000 -0.874139
v 4.481812 1.400000 -1.199142
v 4.717939 1.400000 -0.874139
v 4.717939 1.400000 -1.925861
v 4.481812 1.400000 -1.600858
v 5.482060 1.400000 -1.925861
v 5.100000 1.400000 -2.050000
v 5.547323 1.741729 -1.075002
v 4.929135 1.741729 -0.874142
v 4.547079 1.741728 -1.400000
v 4.929135 1.741729 -1.925858
v 5.547323 1.741729 -1.724998
v 5.205596 1.952925 -1.075003
v 5.441724 1.952924 -1.400000
v 4.823540 1.952925 -1.199143
v 4.823540 1.952925 -1.600857
v 5.205596 1.952925 -1.724997
vn 0.1024 -0.9435 0.3151
vn 0.7002 -0.6617 0.2680
vn -0.2680 -0.9435 0.1947
vn -0.2680 -0.9435 -0.1947
vn 0.1024 -0.9435 -0.3151
vn 0.9050 -0.3304 0.2680
vn 0.0247 -0.3304 0.9435
vn -0.8897 -0.3304 0.3151
vn -0.5746 -0.3304 -0.7488
vn 0.5346 -0.3304 -0.7779
vn 0.8026 -0.1256 0.5831
vn -0.3066 -0.1256 0.9435
vn -0.9921 -0.1256 -0.0000
vn -0.3066 -0.1256 -0.9435
vn 0.8026 -0.1256 -0.5831
vn 0.4089 0.6617 0.6284
vn -0.4713 0.6617 0.5831
vn -0.7002 0.6617 -0.2680
vn 0.0385 0.6617 -0.7488
vn 0.7240 0.6617 -0.1947
vn 0.2680 0.9435 -0.1947
vn 0.4911 0.7947 -0.3568
vn 0.4089 0.6617 -0.6284
vn -0.1024 0.9435 -0.3151
vn -0.1876 0.7947 -0.5773
vn -0.4713 0.6617 -0.5831
vn -0.3313 0.9435 -0.0000
vn -0.6071 0.7947 -0.0000
vn -0.7002 0.6617 0.2680
vn -0.1024 0.9435 0.3151
vn -0.1876 0.7947 0.5773
vn 0.0385 0.6617 0.7488
vn 0.2680 0.9435 0.1947
vn 0.4911 0.7947 0.3568
vn 0.7240 0.6617 0.1947
vn 0.8897 0.3304 -0.3151
vn 0.7947 0.1876 -0.5773
vn 0.5746 0.3304 -0.7488
vn -0.0247 0.3304 -0.9435
vn -0.3035 0.1876 -0.9342
vn -0.5346 0.3304 -0.7779
vn -0.9050 0.3304 -0.2680
vn -0.9822 0.1876 -0.0000
vn -0.9050 0.3304 0.2680
vn -0.5346 0.3304 0.7779
vn -0.3035 0.1876 0.9342
vn -0.0247 0.3304 0.9435
vn 0.5746 0.3304 0.7488
vn 0.7947 0.1876 0.5773
vn 0.8897 0.3304 0.3151
vn 0.3066 0.1256 -0.9435
vn 0.3035 -0.1876 -0.9342
vn 0.0247 -0.3304 -0.9435
vn -0.8026 0.1256 -0.5831
vn -0.7947 -0.1876 -0.5773
vn -0.8897 -0.3304 -0.3151
vn -0.8026 0.1256 0.5831
vn -0.7947 -0.1876 0.5773
vn -0.5746 -0.3304 0.7488
vn 0.3066 0.1256 0.9435
vn 0.3035 -0.1876 0.9342
vn 0.5346 -0.3304 0.7779
vn 0.9921 0.1256 -0.0000
vn 0.9822 -0.1876 -0.0000
vn 0.9050 -0.3304 -0.2680
vn 0.4713 -0.6617 -0.5831
vn 0.1876 -0.7947 -0.5773
vn -0.0385 -0.6617 -0.7488
vn -0.4089 -0.6617 -0.6284
vn -0.4911 -0.7947 -0.3568
vn -0.7240 -0.6617 -0.1947
vn -0.7240 -0.6617 0.1947
vn -0.4911 -0.7947 0.3568
vn -0.4089 -0.6617 0.6284
vn 0.7002 -0.6617 -0.2680
vn 0.6071 -0.7947 -0.0000
vn 0.3313 -0.9435 -0.0000
vn -0.0385 -0.6617 0.7488
vn 0.1876 -0.7947 0.5773
vn 0.4713 -0.6617 0.5831
vt 0.181819 0.000000
vt 0.227273 0.078731
vt 0.136365 0.078731
vt 0.272728 0.157461
vt 0.318182 0.078731
vt 0.363637 0.157461
vt 0.909091 0.000000
vt 0.954545 0.078731
vt 0.863636 0.078731
vt 0.727273 0.000000
vt 0.772727 0.078731
vt 0.681818 0.078731
vt 0.545455 0.000000
vt 0.590909 0.078731
vt 0.500000 0.078731
vt 0.318182 0.236191
vt 0.090910 0.157461
vt 0.181819 0.157461
vt 0.136365 0.236191
vt 0.818182 0.157461
vt 0.909091 0.157461
vt 0.863636 0.236191
vt 0.636364 0.157461
vt 0.727273 0.157461
vt 0.681818 0.236191
vt 0.454546 0.157461
vt 0.545455 0.157461
vt 0.500000 0.236191
vt 0.227273 0.236191
vt 0.045455 0.236191
vt 0.772727 0.236191
vt 0.590909 0.236191
vt 0.409092 0.236191
vt 0.181819 0.314921
vt 0.272728 0.314921
vt 0.227273 0.393651
vt 0.000000 0.314921
vt 0.090910 0.314921
vt 0.045455 0.393651
vt 0.727273 0.314921
vt 0.818182 0.314921
vt 0.772727 0.393651
vt 0.545455 0.314921
vt 0.636364 0.314921
vt 0.590909 0.393651
vt 0.363637 0.314921
vt 0.454546 0.314921
vt 0.409092 0.393651
vt 0.500000 0.393651
vt 0.454546 0.472382
vt 0.681818 0.393651
vt 0.636364 0.472382
vt 0.863636 0.393651
vt 0.818182 0.472382
vt 0.909091 0.314921
vt 0.136365 0.393651
vt 0.090910 0.472382
vt 0.318182 0.393651
vt 0.272728 0.472382
vt 0.954545 0.236191
vt 1.000000 0.157461
vt 0.409092 0.078731
vt 0.363637 0.000000
s 0
usemtl TreeGreen
f 2019/2984/1957 2032/2985/1957 2031/2986/1957
f 2020/2987/1958 2032/2988/1958 2034/2989/1958
f 2019/2990/1959 2031/2991/1959 2036/2992/1959
f 2019/2993/1960 2036/2994/1960 2038/2995/1960
f 2019/2996/1961 2038/2997/1961 2035/2998/1961
f 2020/2987/1962 2034/2989/1962 2041/2999/1962
f 2021/3000/1963 2033/3001/1963 2043/3002/1963
f 2022/3003/1964 2037/3004/1964 2045/3005/1964
f 2023/3006/1965 2039/3007/1965 2047/3008/1965
f 2024/3009/1966 2040/3010/1966 2049/3011/1966
f 2020/2987/1967 2041/2999/1967 2044/3012/1967
f 2021/3000/1968 2043/3002/1968 2046/3013/1968
f 2022/3003/1969 2045/3005/1969 2048/3014/1969
f 2023/3006/1970 2047/3008/1970 2050/3015/1970
f 2024/3009/1971 2049/3011/1971 2042/3016/1971
f 2025/3017/1972 2051/3018/1972 2056/3019/1972
f 2026/3020/1973 2052/3021/1973 2058/3022/1973
f 2027/3023/1974 2053/3024/1974 2059/3025/1974
f 2028/3026/1975 2054/3027/1975 2060/3028/1975
f 2029/3029/1976 2055/3030/1976 2057/3031/1976
f 2057/3031/1977 2060/3032/1977 2030/3033/1977
f 2057/3031/1978 2055/3030/1978 2060/3032/1978
f 2055/3030/1979 2028/3026/1979 2060/3032/1979
f 2060/3028/1980 2059/3034/1980 2030/3035/1980
f 2060/3028/1981 2054/3027/1981 2059/3034/1981
f 2054/3027/1982 2027/3023/1982 2059/3034/1982
f 2059/3025/1983 2058/3036/1983 2030/3037/1983
f 2059/3025/1984 2053/3024/1984 2058/3036/1984
f 2053/3024/1985 2026/3038/1985 2058/3036/1985
f 2058/3022/1986 2056/3039/1986 2030/3040/1986
f 2058/3022/1987 2052/3021/1987 2056/3039/1987
f 2052/3021/1988 2025/3017/1988 2056/3039/1988
f 2056/3019/1989 2057/3041/1989 2030/3042/1989
f 2056/3019/1990 2051/3018/1990 2057/3041/1990
f 2051/3018/1991 2029/3029/1991 2057/3041/1991
f 2042/3016/1992 2055/3030/1992 2029/3029/1992
f 2042/3016/1993 2049/3011/1993 2055/3030/1993
f 2049/3011/1994 2028/3026/1994 2055/3030/1994
f 2050/3015/1995 2054/3027/1995 2028/3026/1995
f 2050/3015/1996 2047/3008/1996 2054/3027/1996
f 2047/3008/1997 2027/3023/1997 2054/3027/1997
f 2048/3014/1998 2053/3024/1998 2027/3023/1998
f 2048/3014/1999 2045/3005/1999 2053/3024/1999
f 2045/3005/2000 2026/3038/2000 2053/3024/2000
f 2046/3013/2001 2052/3021/2001 2026/3020/2001
f 2046/3013/2002 2043/3002/2002 2052/3021/2002
f 2043/3002/2003 2025/3017/2003 2052/3021/2003
f 2044/3012/2004 2051/3018/2004 2025/3017/2004
f 2044/3012/2005 2041/2999/2005 2051/3018/2005
f 2041/2999/2006 2029/3029/2006 2051/3018/2006
f 2049/3011/2007 2050/3015/2007 2028/3026/2007
f 2049/3011/2008 2040/3010/2008 2050/3015/2008
f 2040/3010/2009 2023/3006/2009 2050/3015/2009
f 2047/3008/2010 2048/3014/2010 2027/3023/2010
f 2047/3008/2011 2039/3007/2011 2048/3014/2011
f 2039/3007/2012 2022/3003/2012 2048/3014/2012
f 2045/3005/2013 2046/3043/2013 2026/3038/2013
f 2045/3005/2014 2037/3004/2014 2046/3043/2014
f 2037/3004/2015 2021/3044/2015 2046/3043/2015
f 2043/3002/2016 2044/3012/2016 2025/3017/2016
f 2043/3002/2017 2033/3001/2017 2044/3012/2017
f 2033/3001/2018 2020/2987/2018 2044/3012/2018
f 2041/2999/2019 2042/3016/2019 2029/3029/2019
f 2041/2999/2020 2034/2989/2020 2042/3016/2020
f 2034/2989/2021 2024/3009/2021 2042/3016/2021
f 2035/2998/2022 2040/3010/2022 2024/3009/2022
f 2035/2998/2023 2038/2997/2023 2040/3010/2023
f 2038/2997/2024 2023/3006/2024 2040/3010/2024
f 2038/2995/2025 2039/3007/2025 2023/3006/2025
f 2038/2995/2026 2036/2994/2026 2039/3007/2026
f 2036/2994/2027 2022/3003/2027 2039/3007/2027
f 2036/2992/2028 2037/3004/2028 2022/3003/2028
f 2036/2992/2029 2031/2991/2029 2037/3004/2029
f 2031/2991/2030 2021/3044/2030 2037/3004/2030
f 2034/2989/2031 2035/3045/2031 2024/3009/2031
f 2034/2989/2032 2032/2988/2032 2035/3045/2032
f 2032/2988/2033 2019/3046/2033 2035/3045/2033
f 2031/2986/2034 2033/3001/2034 2021/3000/2034
f 2031/2986/2035 2032/2985/2035 2033/3001/2035
f 2032/2985/2036 2020/2987/2036 2033/3001/2036
o Taxi_Body
v -0.060000 0.220000 -0.840000
v -0.060000 0.260000 -0.800000
v -0.100000 0.260000 -0.840000
v -0.060000 0.225344 -0.820026
v -0.079974 0.225344 -0.840000
v -0.079128 0.230535 -0.820871
v -0.079974 0.260000 -0.805344
v -0.060000 0.240026 -0.805344
v -0.079128 0.240872 -0.810535
v -0.094656 0.240026 -0.840000
v -0.094656 0.260000 -0.820026
v -0.089465 0.240872 -0.820871
v -0.060000 0.580000 -0.800000
v -0.060000 0.620000 -0.840000
v -0.100000 0.580000 -0.840000
v -0.060000 0.599974 -0.805344
v -0.079974 0.580000 -0.805344
v -0.079128 0.599128 -0.810535
v -0.079974 0.614656 -0.840000
v -0.060000 0.614656 -0.820026
v -0.079128 0.609465 -0.820871
v -0.094656 0.580000 -0.820026
v -0.094656 0.599974 -0.840000
v -0.089465 0.599128 -0.820871
v -0.060000 0.220000 -1.960000
v -0.100000 0.260000 -1.960000
v -0.060000 0.260000 -2.000000
v -0.079974 0.225344 -1.960000
v -0.060000 0.225344 -1.979974
v -0.079128 0.230535 -1.979128
v -0.094656 0.260000 -1.979974
v -0.094656 0.240026 -1.960000
v -0.089465 0.240872 -1.979128
v -0.060000 0.240026 -1.994656
v -0.079974 0.260000 -1.994656
v -0.079128 0.240872 -1.989465
v -0.060000 0.620000 -1.960000
v -0.060000 0.580000 -2.000000
v -0.100000 0.580000 -1.960000
v -0.060000 0.614656 -1.979974
v -0.079974 0.614656 -1.960000
v -0.079128 0.609465 -1.979128
v -0.079974 0.580000 -1.994656
v -0.060000 0.599974 -1.994656
v -0.079128 0.599128 -1.989465
v -0.094656 0.599974 -1.960000
v -0.094656 0.580000 -1.979974
v -0.089465 0.599128 -1.979128
v 0.460000 0.220000 -0.840000
v 0.500000 0.260000 -0.840000
v 0.460000 0.260000 -0.800000
v 0.479974 0.225344 -0.840000
v 0.460000 0.225344 -0.820026
v 0.479129 0.230535 -0.820872
v 0.494656 0.260000 -0.820026
v 0.494656 0.240026 -0.840000
v 0.489465 0.240872 -0.820872
v 0.460000 0.240026 -0.805344
v 0.479974 0.260000 -0.805344
v 0.479129 0.240872 -0.810535
v 0.460000 0.620000 -0.840000
v 0.460000 0.580000 -0.800000
v 0.500000 0.580000 -0.840000
v 0.460000 0.614656 -0.820026
v 0.479974 0.614656 -0.840000
v 0.479129 0.609465 -0.820871
v 0.479974 0.580000 -0.805344
v 0.460000 0.599974 -0.805344
v 0.479129 0.599128 -0.810535
v 0.494656 0.599974 -0.840000
v 0.494656 0.580000 -0.820026
v 0.489465 0.599128 -0.820871
v 0.460000 0.220000 -1.960000
v 0.460000 0.260000 -2.000000
v 0.500000 0.260000 -1.960000
v 0.460000 0.225344 -1.979974
v 0.479974 0.225344 -1.960000
v 0.479129 0.230535 -1.979128
v 0.479974 0.260000 -1.994656
v 0.460000 0.240026 -1.994656
v 0.479129 0.240872 -1.989465
v 0.494656 0.240026 -1.960000
v 0.494656 0.260000 -1.979974
v 0.489465 0.240872 -1.979128
v 0.460000 0.620000 -1.960000
v 0.500000 0.580000 -1.960000
v 0.460000 0.580000 -2.000000
v 0.479974 0.614656 -1.960000
v 0.460000 0.614656 -1.979974
v 0.479129 0.609465 -1.979128
v 0.494656 0.580000 -1.979974
v 0.494656 0.599974 -1.960000
v 0.489465 0.599128 -1.979128
v 0.460000 0.599974 -1.994656
v 0.479974 0.580000 -1.994656
v 0.479129 0.599128 -1.989465
vn -0.2566 -0.9318 0.2566
vn -0.2178 -0.6901 0.6901
vn -0.2566 -0.2566 0.9318
vn -0.6901 -0.2178 0.6901
vn -0.9318 -0.2566 0.2566
vn -0.6901 -0.6901 0.2178
vn -0.5773 -0.5774 0.5774
vn -0.2566 0.2566 0.9318
vn -0.2178 0.6901 0.6901
vn -0.2566 0.9318 0.2566
vn -0.6901 0.6901 0.2178
vn -0.9318 0.2566 0.2566
vn -0.6901 0.2178 0.6901
vn -0.5774 0.5774 0.5773
vn -0.2566 -0.9318 -0.2566
vn -0.6901 -0.6901 -0.2178
vn -0.9318 -0.2566 -0.2566
vn -0.6901 -0.2178 -0.6901
vn -0.2566 -0.2566 -0.9318
vn -0.2178 -0.6901 -0.6901
vn -0.5773 -0.5774 -0.5773
vn -0.2566 0.9318 -0.2566
vn -0.2178 0.6901 -0.6901
vn -0.2566 0.2566 -0.9318
vn -0.6901 0.2178 -0.6901
vn -0.9318 0.2566 -0.2566
vn -0.6901 0.6901 -0.2178
vn -0.5773 0.5774 -0.5773
vn 0.2566 -0.9318 0.2566
vn 0.6901 -0.6901 0.2178
vn 0.9318 -0.2566 0.2566
vn 0.6901 -0.2178 0.6901
vn 0.2566 -0.2566 0.9318
vn 0.2178 -0.6901 0.6901
vn 0.5774 -0.5774 0.5774
vn 0.2566 0.9318 0.2566
vn 0.2178 0.6901 0.6901
vn 0.2566 0.2566 0.9318
vn 0.6901 0.2178 0.6901
vn 0.9318 0.2566 0.2566
vn 0.6901 0.6901 0.2178
vn 0.5774 0.5774 0.5773
vn 0.2566 -0.9318 -0.2566
vn 0.2178 -0.6901 -0.6901
vn 0.2566 -0.2566 -0.9318
vn 0.6901 -0.2178 -0.6901
vn 0.9318 -0.2566 -0.2566
vn 0.6901 -0.6901 -0.2178
vn 0.5774 -0.5773 -0.5774
vn 0.2566 0.9318 -0.2566
vn 0.6901 0.6901 -0.2178
vn 0.9318 0.2566 -0.2566
vn 0.6901 0.2178 -0.6901
vn 0.2566 0.2566 -0.9318
vn 0.2178 0.6901 -0.6901
vn 0.5774 0.5773 -0.5774
vn -0.2585 -0.9660 -0.0000
vn -0.7071 -0.7071 -0.0000
vn -0.9660 -0.2585 -0.0000
vn -0.2585 -0.0000 0.9660
vn -0.7071 -0.0000 0.7071
vn -0.9660 -0.0000 0.2585
vn -0.2585 0.9660 -0.0000
vn -0.7071 0.7071 -0.0000
vn -0.9660 0.2585 -0.0000
vn -0.2585 -0.0000 -0.9660
vn -0.7071 -0.0000 -0.7071
vn -0.9660 -0.0000 -0.2585
vn -0.0000 -0.9660 -0.2585
vn -0.0000 -0.7071 -0.7071
vn -0.0000 -0.2585 -0.9660
vn -0.0000 0.9660 -0.2585
vn -0.0000 0.7071 -0.7071
vn -0.0000 0.2585 -0.9660
vn 0.9660 -0.0000 -0.2585
vn 0.7071 -0.0000 -0.7071
vn 0.2585 -0.0000 -0.9660
vn 0.2585 -0.9660 -0.0000
vn 0.7071 -0.7071 -0.0000
vn 0.9660 -0.2585 -0.0000
vn 0.2585 0.9660 -0.0000
vn 0.7071 0.7071 -0.0000
vn 0.9660 0.2585 -0.0000
vn 0.2585 -0.0000 0.9660
vn 0.7071 -0.0000 0.7071
vn 0.9660 -0.0000 0.2585
vn -0.0000 -0.9660 0.2585
vn -0.0000 -0.7071 0.7071
vn -0.0000 -0.2585 0.9660
vn -0.0000 0.9660 0.2585
vn -0.0000 0.7071 0.7071
vn -0.0000 0.2584 0.9660
vn -0.0000 -1.0000 -0.0000
vn -1.0000 -0.0000 -0.0000
vn -0.0000 -0.0000 1.0000
vn -0.0000 1.0000 -0.0000
vn -0.0000 -0.0000 -1.0000
vn 1.0000 -0.0000 -0.0000
vt 0.141667 0.741667
vt 0.141667 0.745828
vt 0.133696 0.745652
vt 0.133344 0.741667
vt 0.141667 0.750000
vt 0.133696 0.750000
vt 0.400000 0.983333
vt 0.400000 1.000000
vt 0.375000 0.991304
vt 0.375000 0.983333
vt 0.400000 0.000000
vt 0.400000 0.004172
vt 0.375000 0.004348
vt 0.375000 0.000000
vt 0.400000 0.008333
vt 0.375000 0.008333
vt 0.125000 0.741667
vt 0.125000 0.745652
vt 0.600000 0.983333
vt 0.612484 0.983333
vt 0.611955 1.000000
vt 0.600000 1.000000
vt 0.625000 0.983333
vt 0.625000 1.000000
vt 0.858333 0.741667
vt 0.875000 0.741667
vt 0.875000 0.745652
vt 0.858333 0.750000
vt 0.625000 0.008333
vt 0.612484 0.008333
vt 0.611955 0.004348
vt 0.625000 0.004348
vt 0.600000 0.008333
vt 0.600000 0.004172
vt 0.600000 0.000000
vt 0.611955 0.000000
vt 0.141667 0.508333
vt 0.133344 0.508333
vt 0.133696 0.504348
vt 0.141667 0.504172
vt 0.125000 0.508333
vt 0.125000 0.504348
vt 0.400000 0.241667
vt 0.400000 0.245828
vt 0.375000 0.245652
vt 0.375000 0.241667
vt 0.400000 0.258344
vt 0.375000 0.258696
vt 0.400000 0.266667
vt 0.375000 0.266667
vt 0.141667 0.500000
vt 0.133696 0.500000
vt 0.858333 0.508333
vt 0.858333 0.500000
vt 0.875000 0.504348
vt 0.875000 0.508333
vt 0.625000 0.266667
vt 0.612484 0.266667
vt 0.611955 0.255974
vt 0.625000 0.247101
vt 0.600000 0.266667
vt 0.600000 0.258344
vt 0.600000 0.245828
vt 0.611955 0.245652
vt 0.600000 0.241667
vt 0.612484 0.241667
vt 0.625000 0.241667
vt 0.358333 0.741667
vt 0.366656 0.741667
vt 0.366304 0.745652
vt 0.358333 0.745828
vt 0.387516 0.741667
vt 0.383686 0.745652
vt 0.400000 0.741667
vt 0.400000 0.745828
vt 0.400000 0.758344
vt 0.370652 0.754348
vt 0.400000 0.766667
vt 0.366667 0.758333
vt 0.641667 0.741667
vt 0.633333 0.758333
vt 0.629348 0.754348
vt 0.633344 0.741667
vt 0.612484 0.766667
vt 0.611955 0.758696
vt 0.600000 0.766667
vt 0.600000 0.758344
vt 0.600000 0.745828
vt 0.611955 0.747836
vt 0.600000 0.741667
vt 0.612484 0.741667
vt 0.358333 0.508333
vt 0.358333 0.504172
vt 0.366304 0.504348
vt 0.366656 0.508333
vt 0.366667 0.491667
vt 0.370652 0.495652
vt 0.400000 0.483333
vt 0.400000 0.491656
vt 0.400000 0.504172
vt 0.383686 0.504348
vt 0.400000 0.508333
vt 0.387516 0.508333
vt 0.641667 0.508333
vt 0.633344 0.508333
vt 0.629348 0.495652
vt 0.633333 0.491667
vt 0.612484 0.508333
vt 0.611955 0.502164
vt 0.600000 0.508333
vt 0.600000 0.504172
vt 0.600000 0.491656
vt 0.611955 0.491304
vt 0.600000 0.483333
vt 0.612484 0.483333
s 0
usemtl TaxiYellow
f 2061/3047/2037 2064/3048/2037 2066/3049/2037 2065/3050/2037
f 2064/3048/2038 2068/3051/2038 2069/3052/2038 2066/3049/2038
f 2062/3053/2039 2067/3054/2039 2069/3055/2039 2068/3056/2039
f 2067/3057/2040 2071/3058/2040 2072/3059/2040 2069/3060/2040
f 2063/3061/2041 2070/3062/2041 2072/3059/2041 2071/3058/2041
f 2070/3063/2042 2065/3050/2042 2066/3049/2042 2072/3064/2042
f 2066/3049/2043 2069/3052/2043 2072/3064/2043
f 2073/3065/2044 2076/3066/2044 2078/3067/2044 2077/3068/2044
f 2076/3066/2045 2080/3069/2045 2081/3070/2045 2078/3067/2045
f 2074/3071/2046 2079/3072/2046 2081/3073/2046 2080/3074/2046
f 2079/3075/2047 2083/3076/2047 2084/3077/2047 2081/3078/2047
f 2075/3079/2048 2082/3080/2048 2084/3077/2048 2083/3076/2048
f 2082/3080/2049 2077/3081/2049 2078/3082/2049 2084/3077/2049
f 2078/3082/2050 2081/3078/2050 2084/3077/2050
f 2085/3083/2051 2088/3084/2051 2090/3085/2051 2089/3086/2051
f 2088/3084/2052 2092/3087/2052 2093/3088/2052 2090/3085/2052
f 2086/3089/2053 2091/3090/2053 2093/3091/2053 2092/3092/2053
f 2091/3090/2054 2095/3093/2054 2096/3094/2054 2093/3091/2054
f 2087/3095/2055 2094/3096/2055 2096/3094/2055 2095/3093/2055
f 2094/3097/2056 2089/3086/2056 2090/3085/2056 2096/3098/2056
f 2090/3085/2057 2093/3088/2057 2096/3098/2057
f 2097/3099/2058 2100/3100/2058 2102/3101/2058 2101/3102/2058
f 2100/3103/2059 2104/3104/2059 2105/3105/2059 2102/3106/2059
f 2098/3107/2060 2103/3108/2060 2105/3105/2060 2104/3104/2060
f 2103/3108/2061 2107/3109/2061 2108/3110/2061 2105/3105/2061
f 2099/3111/2062 2106/3112/2062 2108/3110/2062 2107/3109/2062
f 2106/3112/2063 2101/3113/2063 2102/3106/2063 2108/3110/2063
f 2102/3106/2064 2105/3105/2064 2108/3110/2064
f 2109/3114/2065 2112/3115/2065 2114/3116/2065 2113/3117/2065
f 2112/3115/2066 2116/3118/2066 2117/3119/2066 2114/3116/2066
f 2110/3120/2067 2115/3121/2067 2117/3119/2067 2116/3118/2067
f 2115/3121/2068 2119/3122/2068 2120/3123/2068 2117/3119/2068
f 2111/3124/2069 2118/3125/2069 2120/3123/2069 2119/3122/2069
f 2118/3125/2070 2113/3117/2070 2114/3116/2070 2120/3123/2070
f 2114/3116/2071 2117/3119/2071 2120/3123/2071
f 2121/3126/2072 2124/3127/2072 2126/3128/2072 2125/3129/2072
f 2124/3127/2073 2128/3130/2073 2129/3131/2073 2126/3128/2073
f 2122/3132/2074 2127/3133/2074 2129/3131/2074 2128/3130/2074
f 2127/3133/2075 2131/3134/2075 2132/3135/2075 2129/3131/2075
f 2123/3136/2076 2130/3137/2076 2132/3135/2076 2131/3134/2076
f 2130/3137/2077 2125/3129/2077 2126/3128/2077 2132/3135/2077
f 2126/3128/2078 2129/3131/2078 2132/3135/2078
f 2133/3138/2079 2136/3139/2079 2138/3140/2079 2137/3141/2079
f 2136/3139/2080 2140/3142/2080 2141/3143/2080 2138/3140/2080
f 2134/3144/2081 2139/3145/2081 2141/3143/2081 2140/3142/2081
f 2139/3145/2082 2143/3146/2082 2144/3147/2082 2141/3143/2082
f 2135/3148/2083 2142/3149/2083 2144/3147/2083 2143/3146/2083
f 2142/3149/2084 2137/3141/2084 2138/3140/2084 2144/3147/2084
f 2138/3140/2085 2141/3143/2085 2144/3147/2085
f 2145/3150/2086 2148/3151/2086 2150/3152/2086 2149/3153/2086
f 2148/3151/2087 2152/3154/2087 2153/3155/2087 2150/3152/2087
f 2146/3156/2088 2151/3157/2088 2153/3155/2088 2152/3154/2088
f 2151/3157/2089 2155/3158/2089 2156/3159/2089 2153/3155/2089
f 2147/3160/2090 2154/3161/2090 2156/3159/2090 2155/3158/2090
f 2154/3161/2091 2149/3153/2091 2150/3152/2091 2156/3159/2091
f 2150/3152/2092 2153/3155/2092 2156/3159/2092
f 2085/3083/2093 2061/3047/2093 2065/3050/2093 2088/3084/2093
f 2088/3084/2094 2065/3050/2094 2070/3063/2094 2092/3087/2094
f 2092/3092/2095 2070/3062/2095 2063/3061/2095 2086/3089/2095
f 2062/3053/2096 2073/3065/2096 2077/3068/2096 2067/3054/2096
f 2067/3057/2097 2077/3081/2097 2082/3080/2097 2071/3058/2097
f 2071/3058/2098 2082/3080/2098 2075/3079/2098 2063/3061/2098
f 2074/3071/2099 2097/3099/2099 2101/3102/2099 2079/3072/2099
f 2079/3075/2100 2101/3113/2100 2106/3112/2100 2083/3076/2100
f 2083/3076/2101 2106/3112/2101 2099/3111/2101 2075/3079/2101
f 2098/3107/2102 2087/3095/2102 2095/3093/2102 2103/3108/2102
f 2103/3108/2103 2095/3093/2103 2091/3090/2103 2107/3109/2103
f 2107/3109/2104 2091/3090/2104 2086/3089/2104 2099/3111/2104
f 2133/3138/2105 2085/3083/2105 2089/3086/2105 2136/3139/2105
f 2136/3139/2106 2089/3086/2106 2094/3097/2106 2140/3142/2106
f 2140/3142/2107 2094/3096/2107 2087/3095/2107 2134/3144/2107
f 2097/3099/2108 2145/3150/2108 2149/3153/2108 2100/3100/2108
f 2100/3103/2109 2149/3153/2109 2154/3161/2109 2104/3104/2109
f 2104/3104/2110 2154/3161/2110 2147/3160/2110 2098/3107/2110
f 2146/3156/2111 2135/3148/2111 2143/3146/2111 2151/3157/2111
f 2151/3157/2112 2143/3146/2112 2139/3145/2112 2155/3158/2112
f 2155/3158/2113 2139/3145/2113 2134/3144/2113 2147/3160/2113
f 2109/3114/2114 2133/3138/2114 2137/3141/2114 2112/3115/2114
f 2112/3115/2115 2137/3141/2115 2142/3149/2115 2116/3118/2115
f 2116/3118/2116 2142/3149/2116 2135/3148/2116 2110/3120/2116
f 2145/3150/2117 2121/3126/2117 2125/3129/2117 2148/3151/2117
f 2148/3151/2118 2125/3129/2118 2130/3137/2118 2152/3154/2118
f 2152/3154/2119 2130/3137/2119 2123/3136/2119 2146/3156/2119
f 2122/3132/2120 2111/3124/2120 2119/3122/2120 2127/3133/2120
f 2127/3133/2121 2119/3122/2121 2115/3121/2121 2131/3134/2121
f 2131/3134/2122 2115/3121/2122 2110/3120/2122 2123/3136/2122
f 2061/3047/2123 2109/3114/2123 2113/3117/2123 2064/3048/2123
f 2064/3048/2124 2113/3117/2124 2118/3125/2124 2068/3051/2124
f 2068/3056/2125 2118/3125/2125 2111/3124/2125 2062/3053/2125
f 2121/3126/2126 2074/3071/2126 2080/3074/2126 2124/3127/2126
f 2124/3127/2127 2080/3069/2127 2076/3066/2127 2128/3130/2127
f 2128/3130/2128 2076/3066/2128 2073/3065/2128 2122/3132/2128
f 2085/3083/2129 2133/3138/2129 2109/3114/2129 2061/3047/2129
f 2063/3061/2130 2075/3079/2130 2099/3111/2130 2086/3089/2130
f 2111/3124/2131 2122/3132/2131 2073/3065/2131 2062/3053/2131
f 2145/3150/2132 2097/3099/2132 2074/3071/2132 2121/3126/2132
f 2087/3095/2133 2098/3107/2133 2147/3160/2133 2134/3144/2133
f 2135/3148/2134 2146/3156/2134 2123/3136/2134 2110/3120/2134
o Taxi_Roof
v -0.020000 0.555000 -1.080000
v -0.020000 0.585000 -1.050000
v -0.050000 0.585000 -1.080000
v -0.020000 0.559008 -1.065020
v -0.034980 0.559008 -1.080000
v -0.034346 0.562901 -1.065654
v -0.034980 0.585000 -1.054008
v -0.020000 0.570020 -1.054008
v -0.034346 0.570654 -1.057901
v -0.045992 0.570020 -1.080000
v -0.045992 0.585000 -1.065020
v -0.042099 0.570654 -1.065654
v -0.020000 0.775000 -1.050000
v -0.020000 0.805000 -1.080000
v -0.050000 0.775000 -1.080000
v -0.020000 0.789980 -1.054008
v -0.034980 0.775000 -1.054008
v -0.034346 0.789346 -1.057901
v -0.034980 0.800992 -1.080000
v -0.020000 0.800992 -1.065020
v -0.034346 0.797099 -1.065654
v -0.045992 0.775000 -1.065020
v -0.045992 0.789980 -1.080000
v -0.042099 0.789346 -1.065654
v -0.020000 0.555000 -1.620000
v -0.050000 0.585000 -1.620000
v -0.020000 0.585000 -1.650000
v -0.034980 0.559008 -1.620000
v -0.020000 0.559008 -1.634980
v -0.034346 0.562901 -1.634346
v -0.045992 0.585000 -1.634980
v -0.045992 0.570020 -1.620000
v -0.042099 0.570654 -1.634346
v -0.020000 0.570020 -1.645992
v -0.034980 0.585000 -1.645992
v -0.034346 0.570654 -1.642099
v -0.020000 0.805000 -1.620000
v -0.020000 0.775000 -1.650000
v -0.050000 0.775000 -1.620000
v -0.020000 0.800992 -1.634980
v -0.034980 0.800992 -1.620000
v -0.034346 0.797099 -1.634346
v -0.034980 0.775000 -1.645992
v -0.020000 0.789980 -1.645992
v -0.034346 0.789346 -1.642099
v -0.045992 0.789980 -1.620000
v -0.045992 0.775000 -1.634980
v -0.042099 0.789346 -1.634346
v 0.420000 0.555000 -1.080000
v 0.450000 0.585000 -1.080000
v 0.420000 0.585000 -1.050000
v 0.434980 0.559008 -1.080000
v 0.420000 0.559008 -1.065020
v 0.434346 0.562901 -1.065654
v 0.445992 0.585000 -1.065020
v 0.445992 0.570020 -1.080000
v 0.442099 0.570654 -1.065654
v 0.420000 0.570020 -1.054008
v 0.434980 0.585000 -1.054008
v 0.434346 0.570654 -1.057901
v 0.420000 0.805000 -1.080000
v 0.420000 0.775000 -1.050000
v 0.450000 0.775000 -1.080000
v 0.420000 0.800992 -1.065020
v 0.434980 0.800992 -1.080000
v 0.434346 0.797099 -1.065654
v 0.434980 0.775000 -1.054008
v 0.420000 0.789980 -1.054008
v 0.434346 0.789346 -1.057901
v 0.445992 0.789980 -1.080000
v 0.445992 0.775000 -1.065020
v 0.442099 0.789346 -1.065654
v 0.420000 0.555000 -1.620000
v 0.420000 0.585000 -1.650000
v 0.450000 0.585000 -1.620000
v 0.420000 0.559008 -1.634980
v 0.434980 0.559008 -1.620000
v 0.434346 0.562901 -1.634346
v 0.434980 0.585000 -1.645992
v 0.420000 0.570020 -1.645992
v 0.434346 0.570654 -1.642099
v 0.445992 0.570020 -1.620000
v 0.445992 0.585000 -1.634980
v 0.442099 0.570654 -1.634346
v 0.420000 0.805000 -1.620000
v 0.450000 0.775000 -1.620000
v 0.420000 0.775000 -1.650000
v 0.434980 0.800992 -1.620000
v 0.420000 0.800992 -1.634980
v 0.434346 0.797099 -1.634346
v 0.445992 0.775000 -1.634980
v 0.445992 0.789980 -1.620000
v 0.442099 0.789346 -1.634346
v 0.420000 0.789980 -1.645992
v 0.434980 0.775000 -1.645992
v 0.434346 0.789346 -1.642099
vn -0.2566 -0.9318 0.2566
vn -0.2178 -0.6901 0.6901
vn -0.2566 -0.2566 0.9318
vn -0.6901 -0.2178 0.6901
vn -0.9318 -0.2566 0.2566
vn -0.6901 -0.6901 0.2178
vn -0.5774 -0.5773 0.5774
vn -0.2566 0.2566 0.9318
vn -0.2178 0.6901 0.6901
vn -0.2566 0.9318 0.2566
vn -0.6901 0.6901 0.2178
vn -0.9318 0.2566 0.2566
vn -0.6901 0.2178 0.6901
vn -0.5773 0.5774 0.5773
vn -0.2566 -0.9318 -0.2566
vn -0.6901 -0.6901 -0.2178
vn -0.9318 -0.2566 -0.2566
vn -0.6901 -0.2178 -0.6901
vn -0.2566 -0.2566 -0.9318
vn -0.2178 -0.6901 -0.6901
vn -0.5774 -0.5773 -0.5774
vn -0.2566 0.9318 -0.2566
vn -0.2178 0.6901 -0.6901
vn -0.2566 0.2566 -0.9318
vn -0.6901 0.2178 -0.6901
vn -0.9318 0.2566 -0.2566
vn -0.6901 0.6901 -0.2178
vn -0.5774 0.5773 -0.5774
vn 0.2566 -0.9318 0.2566
vn 0.6901 -0.6901 0.2178
vn 0.9318 -0.2566 0.2566
vn 0.6901 -0.2178 0.6901
vn 0.2566 -0.2566 0.9318
vn 0.2178 -0.6901 0.6901
vn 0.5774 -0.5773 0.5774
vn 0.2566 0.9318 0.2566
vn 0.2178 0.6901 0.6901
vn 0.2566 0.2566 0.9318
vn 0.6901 0.2178 0.6901
vn 0.9318 0.2566 0.2566
vn 0.6901 0.6901 0.2178
vn 0.5774 0.5773 0.5774
vn 0.2566 -0.9318 -0.2566
vn 0.2178 -0.6901 -0.6901
vn 0.2566 -0.2566 -0.9318
vn 0.6901 -0.2178 -0.6901
vn 0.9318 -0.2566 -0.2566
vn 0.6901 -0.6901 -0.2178
vn 0.5774 -0.5773 -0.5774
vn 0.2566 0.9318 -0.2566
vn 0.6901 0.6901 -0.2178
vn 0.9318 0.2566 -0.2566
vn 0.6901 0.2178 -0.6901
vn 0.2566 0.2566 -0.9318
vn 0.2178 0.6901 -0.6901
vn 0.5774 0.5773 -0.5774
vn -0.2584 -0.9660 -0.0000
vn -0.7071 -0.7071 -0.0000
vn -0.9660 -0.2585 -0.0000
vn -0.2585 -0.0000 0.9660
vn -0.7071 -0.0000 0.7071
vn -0.9660 -0.0000 0.2585
vn -0.2585 0.9660 -0.0000
vn -0.7071 0.7071 -0.0000
vn -0.9660 0.2585 -0.0000
vn -0.2585 -0.0000 -0.9660
vn -0.7071 -0.0000 -0.7071
vn -0.9660 -0.0000 -0.2585
vn -0.0000 -0.9660 -0.2584
vn -0.0000 -0.7071 -0.7071
vn -0.0000 -0.2585 -0.9660
vn -0.0000 0.9660 -0.2585
vn -0.0000 0.7071 -0.7071
vn -0.0000 0.2585 -0.9660
vn 0.9660 -0.0000 -0.2585
vn 0.7071 -0.0000 -0.7071
vn 0.2585 -0.0000 -0.9660
vn 0.2584 -0.9660 -0.0000
vn 0.7071 -0.7071 -0.0000
vn 0.9660 -0.2585 -0.0000
vn 0.2585 0.9660 -0.0000
vn 0.7071 0.7071 -0.0000
vn 0.9660 0.2585 -0.0000
vn 0.2585 -0.0000 0.9660
vn 0.7071 -0.0000 0.7071
vn 0.9660 -0.0000 0.2585
vn -0.0000 -0.9660 0.2584
vn -0.0000 -0.7071 0.7071
vn -0.0000 -0.2585 0.9660
vn -0.0000 0.9660 0.2585
vn -0.0000 0.7071 0.7071
vn -0.0000 0.2585 0.9660
vn -0.0000 -1.0000 -0.0000
vn -1.0000 -0.0000 -0.0000
vn -0.0000 -0.0000 1.0000
vn -0.0000 1.0000 -0.0000
vn -0.0000 -0.0000 -1.0000
vn 1.0000 -0.0000 -0.0000
vt 0.140000 0.737500
vt 0.140000 0.743742
vt 0.132827 0.743478
vt 0.132510 0.737500
vt 0.140000 0.750000
vt 0.132827 0.750000
vt 0.405000 0.985000
vt 0.405000 1.000000
vt 0.375000 0.992173
vt 0.375000 0.985000
vt 0.405000 0.000000
vt 0.405000 0.006258
vt 0.375000 0.006522
vt 0.375000 0.000000
vt 0.405000 0.012500
vt 0.375000 0.012500
vt 0.125000 0.737500
vt 0.125000 0.743478
vt 0.595000 0.985000
vt 0.609980 0.985000
vt 0.609346 1.000000
vt 0.595000 1.000000
vt 0.625000 0.985000
vt 0.625000 1.000000
vt 0.860000 0.737500
vt 0.875000 0.737500
vt 0.875000 0.743478
vt 0.860000 0.750000
vt 0.625000 0.012500
vt 0.609980 0.012500
vt 0.609346 0.006522
vt 0.625000 0.006522
vt 0.595000 0.012500
vt 0.595000 0.006258
vt 0.595000 0.000000
vt 0.609346 0.000000
vt 0.140000 0.512500
vt 0.132510 0.512500
vt 0.132827 0.506522
vt 0.140000 0.506258
vt 0.125000 0.512500
vt 0.125000 0.506522
vt 0.405000 0.237500
vt 0.405000 0.243742
vt 0.375000 0.243478
vt 0.375000 0.237500
vt 0.405000 0.257510
vt 0.375000 0.257827
vt 0.405000 0.265000
vt 0.375000 0.265000
vt 0.140000 0.500000
vt 0.132827 0.500000
vt 0.860000 0.512500
vt 0.860000 0.500000
vt 0.875000 0.506522
vt 0.875000 0.512500
vt 0.625000 0.265000
vt 0.609980 0.265000
vt 0.609346 0.255047
vt 0.625000 0.245652
vt 0.595000 0.265000
vt 0.595000 0.257510
vt 0.595000 0.243742
vt 0.609346 0.243478
vt 0.595000 0.237500
vt 0.609980 0.237500
vt 0.625000 0.237500
vt 0.360000 0.737500
vt 0.367490 0.737500
vt 0.367173 0.743478
vt 0.360000 0.743742
vt 0.390020 0.737500
vt 0.385753 0.743478
vt 0.405000 0.737500
vt 0.405000 0.743742
vt 0.405000 0.757510
vt 0.371087 0.753913
vt 0.405000 0.765000
vt 0.367500 0.757500
vt 0.640000 0.737500
vt 0.632500 0.757500
vt 0.628913 0.753913
vt 0.632510 0.737500
vt 0.609980 0.765000
vt 0.609346 0.757827
vt 0.595000 0.765000
vt 0.595000 0.757510
vt 0.595000 0.743742
vt 0.609346 0.746096
vt 0.595000 0.737500
vt 0.609980 0.737500
vt 0.360000 0.512500
vt 0.360000 0.506258
vt 0.367173 0.506522
vt 0.367490 0.512500
vt 0.367500 0.492500
vt 0.371087 0.496087
vt 0.405000 0.485000
vt 0.405000 0.492490
vt 0.405000 0.506258
vt 0.385753 0.506522
vt 0.405000 0.512500
vt 0.390020 0.512500
vt 0.640000 0.512500
vt 0.632510 0.512500
vt 0.628913 0.496087
vt 0.632500 0.492500
vt 0.609980 0.512500
vt 0.609346 0.503904
vt 0.595000 0.512500
vt 0.595000 0.506258
vt 0.595000 0.492490
vt 0.609346 0.492173
vt 0.595000 0.485000
vt 0.609980 0.485000
s 0
usemtl TaxiYellow
f 2157/3162/2135 2160/3163/2135 2162/3164/2135 2161/3165/2135
f 2160/3163/2136 2164/3166/2136 2165/3167/2136 2162/3164/2136
f 2158/3168/2137 2163/3169/2137 2165/3170/2137 2164/3171/2137
f 2163/3172/2138 2167/3173/2138 2168/3174/2138 2165/3175/2138
f 2159/3176/2139 2166/3177/2139 2168/3174/2139 2167/3173/2139
f 2166/3178/2140 2161/3165/2140 2162/3164/2140 2168/3179/2140
f 2162/3164/2141 2165/3167/2141 2168/3179/2141
f 2169/3180/2142 2172/3181/2142 2174/3182/2142 2173/3183/2142
f 2172/3181/2143 2176/3184/2143 2177/3185/2143 2174/3182/2143
f 2170/3186/2144 2175/3187/2144 2177/3188/2144 2176/3189/2144
f 2175/3190/2145 2179/3191/2145 2180/3192/2145 2177/3193/2145
f 2171/3194/2146 2178/3195/2146 2180/3192/2146 2179/3191/2146
f 2178/3195/2147 2173/3196/2147 2174/3197/2147 2180/3192/2147
f 2174/3197/2148 2177/3193/2148 2180/3192/2148
f 2181/3198/2149 2184/3199/2149 2186/3200/2149 2185/3201/2149
f 2184/3199/2150 2188/3202/2150 2189/3203/2150 2186/3200/2150
f 2182/3204/2151 2187/3205/2151 2189/3206/2151 2188/3207/2151
f 2187/3205/2152 2191/3208/2152 2192/3209/2152 2189/3206/2152
f 2183/3210/2153 2190/3211/2153 2192/3209/2153 2191/3208/2153
f 2190/3212/2154 2185/3201/2154 2186/3200/2154 2192/3213/2154
f 2186/3200/2155 2189/3203/2155 2192/3213/2155
f 2193/3214/2156 2196/3215/2156 2198/3216/2156 2197/3217/2156
f 2196/3218/2157 2200/3219/2157 2201/3220/2157 2198/3221/2157
f 2194/3222/2158 2199/3223/2158 2201/3220/2158 2200/3219/2158
f 2199/3223/2159 2203/3224/2159 2204/3225/2159 2201/3220/2159
f 2195/3226/2160 2202/3227/2160 2204/3225/2160 2203/3224/2160
f 2202/3227/2161 2197/3228/2161 2198/3221/2161 2204/3225/2161
f 2198/3221/2162 2201/3220/2162 2204/3225/2162
f 2205/3229/2163 2208/3230/2163 2210/3231/2163 2209/3232/2163
f 2208/3230/2164 2212/3233/2164 2213/3234/2164 2210/3231/2164
f 2206/3235/2165 2211/3236/2165 2213/3234/2165 2212/3233/2165
f 2211/3236/2166 2215/3237/2166 2216/3238/2166 2213/3234/2166
f 2207/3239/2167 2214/3240/2167 2216/3238/2167 2215/3237/2167
f 2214/3240/2168 2209/3232/2168 2210/3231/2168 2216/3238/2168
f 2210/3231/2169 2213/3234/2169 2216/3238/2169
f 2217/3241/2170 2220/3242/2170 2222/3243/2170 2221/3244/2170
f 2220/3242/2171 2224/3245/2171 2225/3246/2171 2222/3243/2171
f 2218/3247/2172 2223/3248/2172 2225/3246/2172 2224/3245/2172
f 2223/3248/2173 2227/3249/2173 2228/3250/2173 2225/3246/2173
f 2219/3251/2174 2226/3252/2174 2228/3250/2174 2227/3249/2174
f 2226/3252/2175 2221/3244/2175 2222/3243/2175 2228/3250/2175
f 2222/3243/2176 2225/3246/2176 2228/3250/2176
f 2229/3253/2177 2232/3254/2177 2234/3255/2177 2233/3256/2177
f 2232/3254/2178 2236/3257/2178 2237/3258/2178 2234/3255/2178
f 2230/3259/2179 2235/3260/2179 2237/3258/2179 2236/3257/2179
f 2235/3260/2180 2239/3261/2180 2240/3262/2180 2237/3258/2180
f 2231/3263/2181 2238/3264/2181 2240/3262/2181 2239/3261/2181
f 2238/3264/2182 2233/3256/2182 2234/3255/2182 2240/3262/2182
f 2234/3255/2183 2237/3258/2183 2240/3262/2183
f 2241/3265/2184 2244/3266/2184 2246/3267/2184 2245/3268/2184
f 2244/3266/2185 2248/3269/2185 2249/3270/2185 2246/3267/2185
f 2242/3271/2186 2247/3272/2186 2249/3270/2186 2248/3269/2186
f 2247/3272/2187 2251/3273/2187 2252/3274/2187 2249/3270/2187
f 2243/3275/2188 2250/3276/2188 2252/3274/2188 2251/3273/2188
f 2250/3276/2189 2245/3268/2189 2246/3267/2189 2252/3274/2189
f 2246/3267/2190 2249/3270/2190 2252/3274/2190
f 2181/3198/2191 2157/3162/2191 2161/3165/2191 2184/3199/2191
f 2184/3199/2192 2161/3165/2192 2166/3178/2192 2188/3202/2192
f 2188/3207/2193 2166/3177/2193 2159/3176/2193 2182/3204/2193
f 2158/3168/2194 2169/3180/2194 2173/3183/2194 2163/3169/2194
f 2163/3172/2195 2173/3196/2195 2178/3195/2195 2167/3173/2195
f 2167/3173/2196 2178/3195/2196 2171/3194/2196 2159/3176/2196
f 2170/3186/2197 2193/3214/2197 2197/3217/2197 2175/3187/2197
f 2175/3190/2198 2197/3228/2198 2202/3227/2198 2179/3191/2198
f 2179/3191/2199 2202/3227/2199 2195/3226/2199 2171/3194/2199
f 2194/3222/2200 2183/3210/2200 2191/3208/2200 2199/3223/2200
f 2199/3223/2201 2191/3208/2201 2187/3205/2201 2203/3224/2201
f 2203/3224/2202 2187/3205/2202 2182/3204/2202 2195/3226/2202
f 2229/3253/2203 2181/3198/2203 2185/3201/2203 2232/3254/2203
f 2232/3254/2204 2185/3201/2204 2190/3212/2204 2236/3257/2204
f 2236/3257/2205 2190/3211/2205 2183/3210/2205 2230/3259/2205
f 2193/3214/2206 2241/3265/2206 2245/3268/2206 2196/3215/2206
f 2196/3218/2207 2245/3268/2207 2250/3276/2207 2200/3219/2207
f 2200/3219/2208 2250/3276/2208 2243/3275/2208 2194/3222/2208
f 2242/3271/2209 2231/3263/2209 2239/3261/2209 2247/3272/2209
f 2247/3272/2210 2239/3261/2210 2235/3260/2210 2251/3273/2210
f 2251/3273/2211 2235/3260/2211 2230/3259/2211 2243/3275/2211
f 2205/3229/2212 2229/3253/2212 2233/3256/2212 2208/3230/2212
f 2208/3230/2213 2233/3256/2213 2238/3264/2213 2212/3233/2213
f 2212/3233/2214 2238/3264/2214 2231/3263/2214 2206/3235/2214
f 2241/3265/2215 2217/3241/2215 2221/3244/2215 2244/3266/2215
f 2244/3266/2216 2221/3244/2216 2226/3252/2216 2248/3269/2216
f 2248/3269/2217 2226/3252/2217 2219/3251/2217 2242/3271/2217
f 2218/3247/2218 2207/3239/2218 2215/3237/2218 2223/3248/2218
f 2223/3248/2219 2215/3237/2219 2211/3236/2219 2227/3249/2219
f 2227/3249/2220 2211/3236/2220 2206/3235/2220 2219/3251/2220
f 2157/3162/2221 2205/3229/2221 2209/3232/2221 2160/3163/2221
f 2160/3163/2222 2209/3232/2222 2214/3240/2222 2164/3166/2222
f 2164/3171/2223 2214/3240/2223 2207/3239/2223 2158/3168/2223
f 2217/3241/2224 2170/3186/2224 2176/3189/2224 2220/3242/2224
f 2220/3242/2225 2176/3184/2225 2172/3181/2225 2224/3245/2225
f 2224/3245/2226 2172/3181/2226 2169/3180/2226 2218/3247/2226
f 2181/3198/2227 2229/3253/2227 2205/3229/2227 2157/3162/2227
f 2159/3176/2228 2171/3194/2228 2195/3226/2228 2182/3204/2228
f 2207/3239/2229 2218/3247/2229 2169/3180/2229 2158/3168/2229
f 2241/3265/2230 2193/3214/2230 2170/3186/2230 2217/3241/2230
f 2183/3210/2231 2194/3222/2231 2243/3275/2231 2230/3259/2231
f 2231/3263/2232 2242/3271/2232 2219/3251/2232 2206/3235/2232
